order_id,order_value,category,discount_pct,payment_method,past_orders,past_returns,account_age_days,city_tier,delivery_days,product_rating,returned
ORD100000,1885.06,Books,51.1,Prepaid,4,2,2,Metro,9,3.7,0
ORD100001,1576.1,Electronics,7.1,COD,1,1,146,Metro,5,3.9,1
ORD100002,854.64,Home,28.4,COD,8,0,13,Metro,8,4.7,1
ORD100003,370.05,Beauty,7.9,COD,3,1,120,Tier3,7,4.5,0
ORD100004,1260.34,Beauty,26.4,Prepaid,3,0,9,Tier2,7,4.9,0
ORD100005,854.05,Beauty,5.9,Prepaid,10,0,77,Tier3,9,3.7,1
ORD100006,386.42,Apparel,51.1,COD,2,0,85,Metro,7,3.7,1
ORD100007,927.14,Apparel,15.6,COD,3,0,487,Tier3,5,5.0,0
ORD100008,926.3,Groceries,25.6,COD,4,0,218,Tier3,8,4.5,0
ORD100009,4352.52,Home,22.6,Prepaid,6,2,656,Metro,4,4.2,0
ORD100010,1522.17,Home,5.4,Prepaid,6,0,92,Tier2,6,3.4,1
ORD100011,1346.81,Electronics,28.9,Prepaid,1,0,846,Tier2,5,3.5,1
ORD100012,1884.24,Home,23.7,COD,5,0,286,Tier3,6,3.1,0
ORD100013,2452.61,Books,23.3,Prepaid,9,0,29,Tier3,7,3.6,0
ORD100014,2175.1,Electronics,5.7,Prepaid,4,0,227,Tier2,3,4.7,0
ORD100015,387.35,Home,1.4,COD,3,0,818,Tier3,1,3.6,1
ORD100016,446.45,Books,16.6,Prepaid,2,2,4,Metro,3,4.4,0
ORD100017,2009.89,Apparel,13.7,Prepaid,6,0,96,Tier2,2,4.3,0
ORD100018,2472.11,Footwear,17.3,Prepaid,5,3,139,Metro,7,3.8,0
ORD100019,3666.09,Books,13.9,Prepaid,3,1,115,Tier3,4,4.6,0
ORD100020,2862.9,Books,13.6,COD,4,3,546,Metro,8,3.7,0
ORD100021,1587.64,Electronics,22.8,Prepaid,5,0,87,Tier3,2,3.6,0
ORD100022,1284.17,Beauty,22.6,Prepaid,6,2,356,Tier2,9,5.0,0
ORD100023,1798.43,Books,20.9,Prepaid,2,0,312,Tier2,8,4.6,0
ORD100024,201.47,Apparel,22.8,COD,1,1,261,Metro,9,4.4,0
ORD100025,1201.31,Beauty,22.1,COD,3,0,43,Metro,5,4.0,1
ORD100026,1382.45,Beauty,16.2,Prepaid,3,0,206,Metro,6,4.1,0
ORD100027,3662.86,Groceries,5.3,Prepaid,8,1,179,Metro,7,5.0,0
ORD100028,1582.48,Footwear,22.8,Prepaid,2,0,41,Metro,6,3.5,1
ORD100029,2000.75,Apparel,16.6,Prepaid,2,0,185,Metro,2,3.8,0
ORD100030,653.94,Footwear,18.6,Prepaid,2,0,288,Tier2,7,5.0,0
ORD100031,1611.46,Electronics,39.3,COD,3,0,116,Tier2,7,4.0,0
ORD100032,618.42,Beauty,10.0,Prepaid,3,0,311,Tier2,2,4.0,0
ORD100033,256.23,Apparel,14.4,COD,2,0,158,Metro,4,4.5,0
ORD100034,1488.99,Groceries,15.2,COD,4,0,36,Metro,6,3.3,0
ORD100035,1629.41,Electronics,25.1,Prepaid,1,0,37,Metro,8,4.8,0
ORD100036,1872.92,Beauty,19.6,Prepaid,5,0,53,Tier3,5,4.4,1
ORD100037,395.0,Apparel,4.2,Prepaid,5,2,843,Metro,7,4.5,1
ORD100038,2806.24,Books,11.6,Prepaid,2,2,516,Tier2,4,5.0,0
ORD100039,582.85,Beauty,19.6,Prepaid,5,0,286,Metro,8,5.0,0
ORD100040,1471.29,Home,26.2,Prepaid,1,1,80,Metro,4,4.0,1
ORD100041,2812.74,Beauty,15.7,COD,6,1,258,Tier2,4,4.5,0
ORD100042,1177.47,Books,23.1,COD,4,0,166,Metro,8,3.9,0
ORD100043,1499.95,Beauty,38.3,COD,4,0,419,Tier3,3,3.3,0
ORD100044,4085.34,Home,4.0,Prepaid,9,2,156,Tier3,7,3.0,1
ORD100045,4112.45,Books,15.6,Prepaid,6,2,60,Metro,2,5.0,0
ORD100046,2155.13,Groceries,17.7,Prepaid,3,0,206,Metro,7,3.5,0
ORD100047,597.24,Footwear,12.7,Prepaid,1,1,277,Tier2,5,3.9,0
ORD100048,3009.82,Electronics,22.4,COD,1,1,205,Tier2,2,3.7,1
ORD100049,5394.66,Apparel,10.9,COD,1,0,113,Tier2,1,3.2,1
ORD100050,1113.05,Electronics,24.0,Prepaid,3,2,251,Tier3,7,4.3,1
ORD100051,1124.97,Books,57.2,Prepaid,6,1,231,Tier2,6,4.6,1
ORD100052,312.31,Footwear,22.0,Prepaid,0,0,27,Metro,5,5.0,0
ORD100053,768.11,Apparel,7.4,Prepaid,3,0,1319,Metro,9,3.9,0
ORD100054,613.39,Electronics,30.7,Prepaid,5,1,78,Tier2,2,3.8,1
ORD100055,1228.73,Groceries,39.4,Prepaid,7,2,148,Tier2,9,4.0,1
ORD100056,1148.83,Electronics,36.1,COD,2,1,196,Metro,3,3.7,1
ORD100057,2728.61,Electronics,11.9,Prepaid,3,1,640,Tier2,9,3.8,1
ORD100058,644.43,Books,13.8,COD,3,1,99,Tier2,7,4.3,0
ORD100059,1383.48,Home,29.0,COD,3,0,574,Tier2,4,4.7,0
ORD100060,4027.11,Beauty,19.2,COD,5,0,25,Metro,4,3.2,1
ORD100061,2452.63,Home,8.7,COD,6,0,52,Tier2,9,4.2,1
ORD100062,1862.89,Groceries,25.9,Prepaid,1,1,85,Metro,9,4.0,0
ORD100063,334.31,Groceries,41.6,COD,8,1,197,Tier2,4,4.7,1
ORD100064,760.75,Apparel,10.0,Prepaid,3,1,9,Metro,6,4.9,0
ORD100065,3607.27,Home,34.1,Prepaid,6,0,85,Tier2,9,3.8,1
ORD100066,1821.14,Home,42.6,Prepaid,3,1,971,Tier3,8,2.9,1
ORD100067,602.11,Home,13.8,Prepaid,6,0,542,Tier2,1,4.2,1
ORD100068,743.19,Books,12.1,Prepaid,4,1,152,Metro,3,3.2,0
ORD100069,2927.47,Home,17.2,Prepaid,2,1,193,Metro,1,3.2,1
ORD100070,867.91,Home,28.8,Prepaid,1,1,151,Tier2,2,4.4,1
ORD100071,1404.54,Electronics,19.9,COD,2,1,62,Metro,7,2.7,0
ORD100072,2448.92,Groceries,11.6,Prepaid,1,1,72,Metro,5,4.0,0
ORD100073,1268.18,Apparel,13.3,COD,7,0,235,Tier2,9,4.3,1
ORD100074,612.16,Apparel,46.0,COD,7,0,125,Metro,5,3.6,1
ORD100075,2692.61,Beauty,1.2,COD,4,0,195,Metro,3,4.1,0
ORD100076,1948.94,Beauty,19.0,Prepaid,6,0,473,Tier2,8,3.7,1
ORD100077,1889.15,Home,1.5,COD,6,0,107,Tier3,8,5.0,1
ORD100078,828.72,Home,19.7,Prepaid,3,0,304,Tier3,9,3.8,0
ORD100079,2147.63,Beauty,2.6,COD,6,1,153,Metro,1,3.8,0
ORD100080,1910.57,Apparel,24.2,Prepaid,3,0,135,Metro,3,3.1,1
ORD100081,3197.76,Groceries,18.0,COD,4,1,400,Tier2,8,3.8,0
ORD100082,2362.04,Apparel,19.1,Prepaid,2,0,127,Metro,9,4.0,0
ORD100083,1852.91,Electronics,12.9,Prepaid,5,0,512,Metro,5,2.5,0
ORD100084,1386.21,Electronics,9.4,Prepaid,3,0,21,Metro,2,3.8,0
ORD100085,1261.84,Books,31.4,Prepaid,3,0,455,Tier2,9,3.9,0
ORD100086,805.81,Electronics,5.4,Prepaid,4,0,57,Tier2,4,4.5,0
ORD100087,4003.66,Books,14.9,Prepaid,3,1,342,Tier2,8,4.0,0
ORD100088,441.06,Apparel,36.2,COD,3,1,316,Tier3,3,3.5,1
ORD100089,1657.56,Home,12.1,Prepaid,5,0,660,Metro,7,3.8,0
ORD100090,801.5,Electronics,12.2,COD,1,0,185,Tier3,4,4.3,0
ORD100091,501.84,Books,4.0,Prepaid,6,0,90,Tier2,9,3.6,0
ORD100092,678.43,Footwear,10.9,Prepaid,2,0,273,Tier3,9,4.0,0
ORD100093,871.79,Electronics,12.4,Prepaid,5,0,1150,Metro,8,4.0,0
ORD100094,1699.49,Books,19.4,Prepaid,6,0,105,Metro,3,3.9,0
ORD100095,788.31,Groceries,18.3,Prepaid,3,1,287,Tier2,2,3.4,0
ORD100096,1586.34,Beauty,16.1,Prepaid,5,1,73,Tier2,5,4.5,0
ORD100097,296.84,Groceries,36.5,Prepaid,3,1,490,Metro,3,5.0,0
ORD100098,1990.27,Groceries,11.7,COD,3,1,57,Tier2,6,3.7,0
ORD100099,984.68,Books,34.1,COD,1,1,218,Metro,3,3.3,1
ORD100100,739.21,Footwear,1.8,Prepaid,4,0,76,Metro,9,4.2,1
ORD100101,1232.55,Apparel,17.7,Prepaid,3,0,10,Metro,4,4.2,0
ORD100102,215.65,Electronics,7.9,COD,3,2,318,Tier2,5,4.1,1
ORD100103,651.09,Electronics,11.8,COD,5,1,30,Tier3,3,2.6,1
ORD100104,1044.71,Groceries,25.8,COD,3,0,323,Tier2,4,4.0,1
ORD100105,1749.71,Electronics,46.2,Prepaid,4,0,65,Tier2,8,3.4,0
ORD100106,2737.76,Home,23.4,Prepaid,4,0,273,Metro,7,4.6,0
ORD100107,2661.47,Beauty,10.7,Prepaid,4,3,348,Tier3,3,3.7,0
ORD100108,1659.88,Apparel,16.0,Prepaid,5,0,380,Metro,3,4.4,0
ORD100109,467.41,Apparel,35.6,Prepaid,2,0,1,Metro,7,4.2,0
ORD100110,2450.83,Home,9.9,COD,7,2,35,Tier3,8,3.6,0
ORD100111,1612.0,Groceries,19.2,Prepaid,4,2,530,Tier2,3,4.3,1
ORD100112,1213.32,Groceries,12.1,COD,3,2,124,Metro,8,3.7,0
ORD100113,835.99,Books,2.0,Prepaid,4,1,935,Tier3,8,4.5,0
ORD100114,478.64,Books,10.7,COD,3,1,95,Tier3,7,3.8,1
ORD100115,2351.87,Books,32.6,COD,6,2,186,Tier3,5,2.4,1
ORD100116,2386.36,Groceries,8.6,COD,2,0,795,Metro,1,4.1,0
ORD100117,2300.17,Electronics,33.3,COD,3,0,162,Tier3,4,3.6,1
ORD100118,1515.21,Home,23.9,COD,6,0,45,Metro,1,4.0,0
ORD100119,843.11,Home,12.8,COD,5,1,480,Metro,3,3.5,0
ORD100120,2332.21,Home,2.6,Prepaid,2,1,50,Metro,2,4.7,0
ORD100121,624.32,Electronics,18.9,COD,1,1,1137,Tier2,3,4.7,0
ORD100122,1185.74,Home,26.6,COD,6,0,280,Metro,4,3.3,0
ORD100123,4042.45,Groceries,55.2,Prepaid,1,0,94,Metro,7,3.7,0
ORD100124,4827.36,Apparel,6.3,Prepaid,2,0,234,Metro,3,5.0,0
ORD100125,2798.49,Electronics,17.8,Prepaid,7,0,100,Tier2,1,3.8,0
ORD100126,1073.72,Books,33.9,COD,3,0,563,Tier2,8,4.4,0
ORD100127,5242.12,Books,16.1,Prepaid,4,0,13,Tier2,4,3.5,0
ORD100128,1528.67,Apparel,12.2,COD,1,0,238,Metro,2,3.6,0
ORD100129,1334.58,Electronics,20.4,Prepaid,6,0,306,Metro,5,3.5,0
ORD100130,1532.37,Electronics,24.2,COD,6,0,100,Tier2,2,4.3,0
ORD100131,2360.44,Apparel,14.2,COD,3,0,94,Metro,2,4.6,1
ORD100132,758.61,Beauty,9.7,COD,5,0,97,Metro,1,4.2,0
ORD100133,1502.98,Home,23.7,Prepaid,3,0,437,Tier2,2,2.7,0
ORD100134,3248.75,Apparel,34.9,Prepaid,4,0,374,Metro,6,3.5,0
ORD100135,1499.15,Beauty,30.5,COD,1,0,160,Metro,9,3.5,1
ORD100136,2988.09,Home,37.3,COD,4,2,92,Metro,5,4.7,0
ORD100137,650.94,Apparel,19.8,COD,6,0,84,Metro,7,4.5,0
ORD100138,4130.21,Books,9.0,Prepaid,6,1,127,Tier3,4,4.7,0
ORD100139,603.81,Books,8.7,Prepaid,3,0,493,Metro,2,3.2,0
ORD100140,1541.24,Electronics,11.3,COD,8,2,471,Metro,2,3.5,1
ORD100141,3727.99,Footwear,6.7,Prepaid,4,0,132,Metro,5,3.6,1
ORD100142,497.79,Electronics,58.9,COD,1,0,176,Metro,1,3.6,0
ORD100143,2327.92,Electronics,8.0,COD,5,0,549,Tier3,7,3.9,1
ORD100144,2529.69,Footwear,15.4,Prepaid,5,1,389,Tier2,8,4.6,0
ORD100145,896.19,Apparel,31.9,Prepaid,1,1,326,Metro,9,3.4,0
ORD100146,826.53,Books,38.6,Prepaid,3,1,94,Tier3,9,3.7,0
ORD100147,1488.31,Footwear,19.0,Prepaid,3,0,488,Metro,7,4.6,0
ORD100148,852.86,Beauty,17.6,Prepaid,5,0,7,Metro,4,4.6,0
ORD100149,299.8,Groceries,12.3,Prepaid,6,0,601,Tier3,4,4.0,0
ORD100150,2754.95,Home,17.5,COD,0,0,238,Tier3,5,4.2,0
ORD100151,2670.6,Electronics,21.0,COD,2,0,1206,Tier3,4,3.9,0
ORD100152,1884.42,Books,32.8,COD,4,1,220,Tier2,7,3.8,0
ORD100153,2343.74,Footwear,49.5,Prepaid,3,0,241,Tier2,5,4.2,0
ORD100154,4528.36,Electronics,6.0,COD,1,1,140,Tier2,1,3.4,1
ORD100155,2279.27,Home,34.0,Prepaid,4,1,173,Tier2,3,5.0,0
ORD100156,568.64,Apparel,25.9,Prepaid,3,0,272,Tier2,2,3.9,0
ORD100157,346.93,Books,19.6,Prepaid,5,2,181,Tier3,6,5.0,0
ORD100158,964.38,Home,44.6,Prepaid,2,0,98,Metro,3,4.3,0
ORD100159,1377.69,Footwear,6.4,COD,2,1,241,Tier3,9,4.6,1
ORD100160,886.43,Books,36.8,COD,3,1,221,Tier3,5,4.9,1
ORD100161,1125.4,Apparel,10.6,COD,6,0,127,Metro,3,3.6,0
ORD100162,1087.07,Footwear,20.2,Prepaid,9,0,237,Tier2,1,3.5,0
ORD100163,1015.78,Books,12.9,COD,3,1,192,Tier2,5,3.2,0
ORD100164,1644.68,Footwear,37.1,COD,6,0,488,Metro,3,4.7,0
ORD100165,2415.56,Footwear,2.4,COD,5,0,139,Tier3,7,4.1,1
ORD100166,2028.5,Electronics,18.8,COD,1,0,260,Metro,9,4.6,0
ORD100167,2867.64,Beauty,33.5,Prepaid,3,1,446,Metro,5,4.9,0
ORD100168,551.2,Groceries,34.8,COD,3,1,517,Metro,2,3.6,1
ORD100169,1437.47,Apparel,23.8,COD,5,1,27,Tier2,5,3.6,0
ORD100170,1018.45,Apparel,34.4,COD,8,0,2041,Metro,3,4.7,1
ORD100171,1519.19,Electronics,18.9,Prepaid,1,0,745,Metro,1,4.0,0
ORD100172,4678.4,Books,28.2,Prepaid,4,2,225,Tier2,5,4.0,1
ORD100173,2197.49,Home,20.7,Prepaid,3,2,242,Tier3,1,4.6,1
ORD100174,1431.79,Home,12.2,COD,5,2,538,Metro,2,3.8,1
ORD100175,3820.83,Footwear,25.0,Prepaid,8,0,73,Metro,1,4.4,0
ORD100176,925.21,Books,13.2,Prepaid,4,0,17,Tier3,8,3.4,0
ORD100177,951.98,Home,23.4,COD,4,1,31,Tier2,7,3.2,1
ORD100178,1532.35,Groceries,45.2,Prepaid,3,0,183,Metro,9,2.9,0
ORD100179,1521.19,Electronics,8.5,Prepaid,5,0,359,Tier2,9,3.8,0
ORD100180,4035.1,Beauty,16.8,Prepaid,4,1,156,Tier3,6,4.0,0
ORD100181,1003.52,Groceries,8.5,Prepaid,4,1,91,Tier2,2,3.5,0
ORD100182,130.74,Home,18.1,Prepaid,5,0,272,Metro,7,3.6,1
ORD100183,805.17,Footwear,8.0,COD,1,1,548,Tier3,1,4.5,1
ORD100184,1607.6,Electronics,6.2,COD,3,1,794,Metro,6,3.7,0
ORD100185,3627.71,Groceries,16.8,COD,8,1,377,Tier3,9,4.1,0
ORD100186,801.77,Home,11.4,Prepaid,3,0,53,Metro,8,3.7,0
ORD100187,1149.47,Beauty,3.7,COD,3,0,326,Tier2,2,4.9,1
ORD100188,2883.71,Footwear,10.1,Prepaid,4,0,106,Tier3,4,3.4,1
ORD100189,2513.45,Apparel,16.3,COD,5,2,258,Metro,7,4.1,1
ORD100190,1493.12,Electronics,9.9,Prepaid,6,1,128,Metro,7,5.0,0
ORD100191,1994.7,Apparel,4.2,Prepaid,4,0,26,Metro,1,3.7,0
ORD100192,2996.81,Beauty,28.3,Prepaid,4,0,157,Metro,6,3.8,0
ORD100193,1009.92,Footwear,16.6,Prepaid,2,0,538,Tier2,8,4.1,0
ORD100194,1056.97,Beauty,13.4,COD,3,0,55,Metro,2,4.1,0
ORD100195,617.23,Groceries,22.2,COD,2,0,455,Tier3,7,3.6,1
ORD100196,964.12,Electronics,27.9,Prepaid,6,1,79,Tier2,3,3.8,0
ORD100197,1037.79,Groceries,9.8,Prepaid,2,1,206,Metro,7,3.2,0
ORD100198,3346.78,Home,10.7,COD,2,0,531,Tier2,6,3.7,1
ORD100199,1176.47,Books,26.6,COD,2,0,229,Metro,8,3.5,1
ORD100200,1152.5,Books,16.4,Prepaid,1,0,295,Metro,5,3.5,0
ORD100201,20.69,Groceries,23.2,Prepaid,3,0,134,Metro,6,4.1,0
ORD100202,3696.45,Footwear,8.2,COD,3,2,521,Metro,2,3.8,1
ORD100203,439.9,Books,21.8,Prepaid,4,0,249,Metro,7,5.0,1
ORD100204,1570.78,Electronics,14.6,COD,5,0,29,Metro,3,2.1,0
ORD100205,2171.4,Footwear,27.6,Prepaid,2,0,1733,Tier3,9,4.5,1
ORD100206,1150.67,Apparel,9.2,Prepaid,3,1,248,Metro,8,2.7,1
ORD100207,2093.32,Groceries,22.9,COD,7,0,73,Tier2,4,4.6,0
ORD100208,600.28,Electronics,38.5,Prepaid,5,1,0,Metro,3,3.8,0
ORD100209,3236.74,Electronics,24.0,COD,4,0,665,Metro,3,2.6,1
ORD100210,2903.61,Footwear,11.5,Prepaid,2,1,1571,Metro,9,3.5,1
ORD100211,706.23,Home,16.8,Prepaid,5,0,105,Tier2,6,3.4,0
ORD100212,2517.24,Electronics,2.7,Prepaid,5,1,113,Metro,9,4.3,1
ORD100213,564.56,Beauty,30.2,Prepaid,4,0,211,Metro,3,3.9,0
ORD100214,1677.51,Apparel,24.0,COD,4,0,91,Metro,2,5.0,0
ORD100215,1135.03,Home,24.9,COD,4,0,56,Metro,3,3.8,0
ORD100216,152.91,Electronics,25.9,COD,4,0,1320,Tier2,6,3.4,0
ORD100217,1957.06,Groceries,49.6,Prepaid,1,0,62,Metro,2,4.5,0
ORD100218,1078.26,Beauty,8.7,Prepaid,3,0,603,Tier3,7,4.0,0
ORD100219,1918.07,Home,45.3,COD,0,0,406,Metro,3,4.4,0
ORD100220,1008.77,Books,17.9,Prepaid,2,2,223,Tier3,1,5.0,0
ORD100221,2116.82,Groceries,25.2,Prepaid,2,0,334,Metro,9,3.8,0
ORD100222,2579.13,Electronics,23.7,Prepaid,1,1,265,Metro,2,4.7,0
ORD100223,757.38,Books,26.5,COD,5,1,259,Tier2,3,3.5,0
ORD100224,1373.5,Beauty,1.2,Prepaid,3,0,894,Metro,5,3.4,0
ORD100225,1151.96,Groceries,5.7,COD,4,1,131,Tier2,2,4.0,0
ORD100226,1225.7,Beauty,7.0,Prepaid,4,0,100,Tier2,6,3.8,0
ORD100227,796.38,Electronics,15.2,COD,2,1,663,Metro,2,4.7,1
ORD100228,1898.96,Groceries,13.4,Prepaid,4,0,56,Tier2,9,3.6,0
ORD100229,592.12,Apparel,12.5,Prepaid,6,1,42,Metro,3,3.8,0
ORD100230,1855.33,Beauty,27.8,COD,5,0,652,Metro,9,3.7,0
ORD100231,601.04,Beauty,30.7,Prepaid,4,0,458,Tier2,8,4.3,0
ORD100232,1964.04,Electronics,9.0,Prepaid,2,2,587,Metro,2,4.3,0
ORD100233,1100.51,Groceries,10.0,Prepaid,6,2,586,Metro,9,4.0,0
ORD100234,1515.52,Groceries,20.2,COD,4,1,278,Tier3,3,3.5,1
ORD100235,1117.92,Beauty,9.2,COD,4,0,44,Tier3,4,4.1,0
ORD100236,397.01,Apparel,24.5,COD,6,2,44,Metro,7,3.9,0
ORD100237,2431.23,Beauty,9.2,Prepaid,4,2,626,Tier2,7,2.8,1
ORD100238,1248.46,Apparel,13.8,Prepaid,3,1,180,Metro,1,3.5,0
ORD100239,2200.85,Books,25.6,Prepaid,7,1,5,Tier3,4,2.9,1
ORD100240,1456.32,Groceries,11.7,Prepaid,8,3,118,Tier3,2,2.8,1
ORD100241,3993.56,Beauty,28.4,COD,2,2,210,Tier3,2,3.9,1
ORD100242,3849.82,Home,23.1,Prepaid,4,0,903,Metro,7,4.6,0
ORD100243,963.34,Electronics,8.8,COD,4,0,834,Metro,7,4.2,1
ORD100244,1134.91,Footwear,19.1,Prepaid,3,0,106,Tier3,8,3.8,1
ORD100245,1203.98,Books,21.2,Prepaid,2,2,27,Tier2,9,4.3,0
ORD100246,510.16,Groceries,14.3,COD,4,1,139,Metro,1,3.5,0
ORD100247,2574.86,Home,34.3,Prepaid,6,1,430,Tier2,1,3.9,0
ORD100248,2985.1,Electronics,9.6,COD,2,1,414,Tier3,6,4.4,1
ORD100249,765.24,Books,13.7,Prepaid,4,0,0,Tier2,2,2.4,0
ORD100250,1529.72,Books,21.1,COD,4,1,119,Tier2,6,4.4,0
ORD100251,367.4,Electronics,14.7,COD,4,0,218,Tier2,8,3.3,0
ORD100252,616.09,Electronics,21.1,Prepaid,3,0,368,Tier3,5,4.1,0
ORD100253,1747.75,Home,14.5,Prepaid,2,2,446,Metro,6,4.0,1
ORD100254,135.62,Groceries,37.7,Prepaid,0,0,199,Metro,8,3.8,1
ORD100255,36.63,Groceries,14.7,Prepaid,3,0,11,Metro,4,4.4,0
ORD100256,2956.73,Books,16.6,COD,3,0,31,Metro,4,3.7,1
ORD100257,3759.47,Footwear,37.1,Prepaid,3,0,731,Tier3,5,2.3,0
ORD100258,1542.26,Groceries,21.3,COD,6,2,293,Metro,5,3.0,0
ORD100259,2287.83,Books,31.7,COD,2,0,48,Tier3,7,5.0,0
ORD100260,814.49,Books,53.3,Prepaid,3,0,200,Metro,6,4.1,0
ORD100261,625.86,Apparel,4.9,COD,7,1,42,Tier2,2,3.8,0
ORD100262,613.82,Footwear,2.9,Prepaid,3,1,815,Metro,8,4.5,1
ORD100263,1494.58,Books,2.3,Prepaid,8,0,9,Tier2,4,2.7,1
ORD100264,631.15,Books,2.8,COD,4,0,141,Metro,2,4.9,0
ORD100265,1260.81,Footwear,11.1,Prepaid,4,0,62,Metro,4,5.0,0
ORD100266,561.9,Groceries,19.6,Prepaid,5,0,663,Metro,5,3.0,0
ORD100267,1991.19,Footwear,36.7,COD,2,0,611,Tier3,8,2.7,0
ORD100268,2887.49,Books,9.6,COD,2,0,349,Metro,3,5.0,0
ORD100269,1850.91,Books,18.4,Prepaid,2,2,678,Tier3,9,3.8,1
ORD100270,2777.32,Home,25.4,Prepaid,6,1,262,Tier2,2,4.0,0
ORD100271,3843.05,Footwear,19.6,COD,4,0,38,Metro,6,5.0,0
ORD100272,1235.51,Books,5.2,COD,5,1,272,Metro,3,2.7,0
ORD100273,701.21,Home,5.4,Prepaid,2,2,213,Tier3,5,4.2,1
ORD100274,1265.1,Electronics,9.2,COD,1,1,79,Metro,1,3.0,0
ORD100275,593.32,Footwear,15.8,COD,2,0,219,Metro,7,4.1,0
ORD100276,400.22,Electronics,11.8,COD,2,2,448,Metro,2,4.2,1
ORD100277,2335.76,Apparel,57.5,Prepaid,2,0,42,Tier2,2,3.8,1
ORD100278,1139.05,Footwear,27.7,Prepaid,2,0,89,Tier2,5,3.8,1
ORD100279,553.55,Beauty,6.8,Prepaid,4,1,543,Tier2,6,4.3,0
ORD100280,2775.1,Electronics,15.3,Prepaid,4,2,152,Metro,5,3.8,0
ORD100281,103.97,Beauty,19.7,Prepaid,0,0,377,Tier2,8,4.0,1
ORD100282,1754.14,Electronics,35.7,Prepaid,5,0,237,Metro,6,3.7,0
ORD100283,882.64,Groceries,8.8,Prepaid,5,2,670,Metro,4,4.6,0
ORD100284,490.63,Apparel,14.6,Prepaid,5,1,950,Tier3,4,4.4,0
ORD100285,2180.84,Home,15.1,COD,7,0,1239,Metro,9,4.5,0
ORD100286,161.76,Electronics,5.2,COD,3,1,256,Tier3,3,3.7,0
ORD100287,1721.17,Electronics,18.3,Prepaid,3,0,32,Tier3,5,4.3,0
ORD100288,2256.53,Books,13.1,Prepaid,6,2,20,Metro,9,4.5,0
ORD100289,2453.2,Beauty,14.0,Prepaid,4,0,720,Tier2,4,4.2,0
ORD100290,4038.85,Apparel,8.1,Prepaid,2,0,71,Metro,3,4.8,0
ORD100291,1362.54,Beauty,21.9,COD,5,1,57,Metro,9,3.9,1
ORD100292,1486.38,Groceries,11.8,COD,5,0,5,Metro,6,3.8,0
ORD100293,1404.63,Groceries,37.9,COD,1,0,218,Tier2,7,3.6,1
ORD100294,1838.07,Apparel,15.8,COD,5,0,295,Tier3,7,2.3,1
ORD100295,1748.8,Footwear,15.7,Prepaid,5,1,41,Tier3,7,3.2,0
ORD100296,1164.18,Apparel,6.6,COD,4,1,313,Metro,9,4.6,0
ORD100297,2241.1,Books,20.0,COD,4,0,777,Metro,1,4.0,0
ORD100298,1600.49,Books,28.8,Prepaid,1,1,220,Tier3,4,4.1,1
ORD100299,820.43,Footwear,28.9,Prepaid,2,0,257,Tier3,5,4.0,0
ORD100300,1737.02,Apparel,25.3,COD,2,1,434,Tier2,6,4.6,1
ORD100301,847.12,Beauty,15.5,Prepaid,7,0,237,Tier2,2,3.5,0
ORD100302,521.58,Apparel,11.7,COD,5,0,604,Metro,5,3.9,0
ORD100303,527.85,Footwear,2.3,Prepaid,5,1,817,Tier3,6,3.1,1
ORD100304,1814.13,Beauty,13.7,Prepaid,4,0,106,Tier2,5,3.9,0
ORD100305,1761.22,Apparel,25.1,Prepaid,8,1,62,Metro,1,3.1,0
ORD100306,1455.09,Beauty,13.7,Prepaid,3,0,544,Tier2,1,4.0,0
ORD100307,3539.76,Home,15.0,Prepaid,5,2,423,Tier2,2,4.0,1
ORD100308,984.44,Electronics,10.0,Prepaid,3,0,156,Tier2,3,5.0,0
ORD100309,2431.78,Electronics,14.8,COD,3,0,4,Metro,6,3.6,0
ORD100310,1389.4,Beauty,29.0,COD,6,0,220,Metro,9,4.5,1
ORD100311,658.29,Books,9.8,Prepaid,5,3,235,Metro,9,2.9,1
ORD100312,2584.35,Footwear,21.7,COD,7,1,597,Metro,8,3.5,0
ORD100313,1420.73,Electronics,15.1,COD,5,1,169,Tier3,9,3.2,0
ORD100314,1209.96,Apparel,26.8,COD,5,0,141,Metro,8,3.9,1
ORD100315,4752.13,Books,20.5,Prepaid,2,0,236,Metro,9,4.2,0
ORD100316,2312.17,Footwear,35.3,Prepaid,1,0,431,Metro,8,3.6,0
ORD100317,709.7,Home,9.9,Prepaid,2,2,183,Tier3,7,4.4,1
ORD100318,63.17,Apparel,4.3,Prepaid,5,3,275,Metro,9,3.2,0
ORD100319,3811.96,Books,23.7,Prepaid,5,2,68,Tier2,4,3.5,1
ORD100320,244.76,Electronics,14.2,Prepaid,7,0,265,Metro,9,3.7,0
ORD100321,373.22,Footwear,24.0,COD,7,0,46,Tier2,2,4.0,1
ORD100322,729.18,Apparel,3.1,COD,5,0,21,Tier2,1,4.4,1
ORD100323,2979.98,Groceries,17.0,Prepaid,5,0,203,Tier2,7,3.7,0
ORD100324,684.68,Books,21.3,COD,2,0,3,Metro,3,4.4,1
ORD100325,2147.47,Books,27.3,COD,8,0,586,Tier3,9,4.5,1
ORD100326,449.9,Books,2.2,Prepaid,6,0,89,Tier2,9,3.5,0
ORD100327,3372.87,Beauty,2.8,COD,4,1,55,Tier3,1,4.1,1
ORD100328,923.46,Home,23.5,COD,4,0,58,Tier3,3,4.6,1
ORD100329,1014.78,Books,15.0,COD,3,0,827,Metro,7,4.2,0
ORD100330,1924.92,Groceries,2.4,Prepaid,6,0,407,Tier2,7,3.4,0
ORD100331,1085.18,Footwear,4.4,Prepaid,3,0,91,Metro,6,4.5,0
ORD100332,1820.79,Footwear,12.0,COD,6,0,809,Metro,4,4.7,0
ORD100333,843.74,Home,36.7,COD,4,0,130,Tier3,3,4.4,1
ORD100334,500.28,Footwear,8.8,Prepaid,6,1,79,Tier2,6,3.7,0
ORD100335,1022.33,Groceries,35.2,COD,3,0,977,Metro,4,3.3,0
ORD100336,1069.0,Beauty,27.9,Prepaid,5,1,27,Metro,7,3.6,0
ORD100337,1274.64,Home,25.4,COD,4,1,1360,Metro,7,3.8,0
ORD100338,107.23,Home,1.5,COD,3,1,48,Metro,2,3.9,0
ORD100339,307.67,Books,6.1,Prepaid,3,0,823,Tier3,3,3.9,0
ORD100340,4309.69,Electronics,23.9,Prepaid,5,0,33,Tier2,5,4.4,0
ORD100341,254.46,Footwear,24.1,COD,1,1,118,Metro,9,4.1,1
ORD100342,2242.77,Groceries,32.9,Prepaid,2,1,119,Tier3,9,3.2,0
ORD100343,1241.92,Footwear,30.6,COD,2,0,185,Tier2,3,4.8,1
ORD100344,1246.16,Apparel,22.7,Prepaid,2,0,78,Tier3,1,3.7,1
ORD100345,3021.97,Home,12.6,Prepaid,3,0,250,Metro,4,5.0,0
ORD100346,2106.03,Apparel,22.9,Prepaid,4,2,14,Tier2,1,3.7,0
ORD100347,1772.39,Electronics,29.7,Prepaid,3,3,352,Tier2,1,3.8,0
ORD100348,2839.65,Footwear,1.0,Prepaid,2,0,819,Metro,9,3.7,0
ORD100349,2405.37,Apparel,8.5,Prepaid,6,0,137,Metro,3,3.3,0
ORD100350,305.57,Beauty,28.7,COD,3,1,587,Tier2,8,3.6,1
ORD100351,1166.68,Home,40.2,COD,6,1,809,Metro,9,4.6,1
ORD100352,2166.74,Apparel,13.9,Prepaid,8,1,206,Tier3,3,3.8,0
ORD100353,1348.31,Groceries,30.3,COD,5,1,111,Tier2,9,4.0,1
ORD100354,1552.95,Apparel,24.8,COD,3,0,84,Metro,7,3.5,1
ORD100355,2179.65,Electronics,15.2,COD,4,0,117,Tier2,2,3.8,0
ORD100356,2435.22,Books,31.1,Prepaid,4,1,98,Metro,2,4.1,0
ORD100357,588.47,Groceries,29.2,Prepaid,4,2,494,Metro,3,4.7,0
ORD100358,1340.95,Beauty,4.1,Prepaid,6,0,58,Tier2,7,4.4,1
ORD100359,572.47,Home,18.4,COD,3,0,47,Tier2,4,3.1,0
ORD100360,847.12,Beauty,15.5,Prepaid,2,0,284,Tier3,7,4.0,0
ORD100361,203.47,Apparel,22.2,COD,6,0,382,Tier3,9,4.1,1
ORD100362,2938.54,Groceries,24.0,Prepaid,1,0,9,Metro,2,2.9,0
ORD100363,3164.73,Beauty,48.8,COD,5,0,203,Tier2,3,4.3,0
ORD100364,1938.1,Home,35.5,COD,4,1,1,Tier3,8,4.1,1
ORD100365,2350.48,Groceries,23.7,Prepaid,3,1,62,Metro,3,3.7,0
ORD100366,3157.87,Groceries,11.4,Prepaid,2,0,1258,Tier2,9,4.6,0
ORD100367,546.73,Footwear,37.6,COD,3,1,106,Tier2,9,3.7,1
ORD100368,2901.51,Electronics,28.5,COD,2,0,383,Metro,5,4.7,0
ORD100369,478.98,Electronics,26.3,COD,3,0,170,Metro,1,2.0,1
ORD100370,584.9,Beauty,20.9,Prepaid,4,2,60,Tier3,1,3.9,1
ORD100371,1074.69,Beauty,29.8,Prepaid,4,1,29,Metro,7,4.3,0
ORD100372,914.49,Apparel,19.0,Prepaid,4,1,576,Metro,8,4.1,0
ORD100373,1360.95,Books,15.0,COD,7,1,605,Metro,8,3.8,0
ORD100374,1508.94,Home,5.7,Prepaid,3,1,100,Metro,1,3.0,1
ORD100375,1697.71,Electronics,27.0,COD,4,0,203,Tier2,5,4.6,1
ORD100376,2176.4,Home,26.4,Prepaid,3,1,88,Tier3,9,3.9,0
ORD100377,327.73,Beauty,24.5,COD,5,0,75,Tier2,4,3.7,0
ORD100378,1433.09,Electronics,8.1,COD,4,1,3,Metro,9,5.0,1
ORD100379,2438.81,Books,17.4,Prepaid,2,1,84,Metro,4,3.3,0
ORD100380,2821.75,Home,15.7,Prepaid,8,0,118,Tier3,7,5.0,0
ORD100381,257.63,Footwear,24.3,Prepaid,2,0,501,Metro,1,4.0,1
ORD100382,1549.19,Home,24.0,COD,3,1,116,Tier2,8,3.3,0
ORD100383,5453.97,Home,19.8,Prepaid,3,0,269,Tier2,1,4.5,0
ORD100384,2502.15,Electronics,4.5,Prepaid,1,0,4,Tier3,9,4.3,0
ORD100385,787.11,Groceries,17.4,COD,2,1,16,Metro,7,3.4,0
ORD100386,280.89,Books,4.0,Prepaid,2,2,176,Tier3,4,4.1,1
ORD100387,3208.22,Footwear,8.5,Prepaid,2,0,258,Metro,9,4.4,1
ORD100388,1670.14,Footwear,17.6,COD,1,1,182,Metro,8,3.3,1
ORD100389,1188.22,Home,18.5,COD,2,1,79,Tier3,1,4.4,0
ORD100390,1852.23,Electronics,1.0,COD,3,1,376,Metro,6,4.7,1
ORD100391,1180.53,Beauty,22.1,COD,6,1,342,Metro,3,3.2,1
ORD100392,2260.67,Electronics,15.3,Prepaid,1,1,1085,Metro,2,3.2,0
ORD100393,359.65,Electronics,6.4,Prepaid,4,1,869,Metro,5,3.3,0
ORD100394,1037.92,Books,12.5,COD,3,0,103,Tier2,7,3.9,1
ORD100395,3302.06,Groceries,30.9,Prepaid,2,0,301,Metro,2,4.2,0
ORD100396,599.11,Books,39.5,COD,4,0,47,Metro,8,3.9,0
ORD100397,425.07,Groceries,24.9,Prepaid,9,0,349,Tier2,3,4.4,0
ORD100398,1101.18,Electronics,20.1,COD,4,1,323,Metro,9,3.6,1
ORD100399,1006.3,Beauty,8.8,COD,6,1,303,Metro,3,4.7,0
ORD100400,2555.29,Books,6.4,COD,2,2,283,Tier3,3,3.0,1
ORD100401,711.72,Beauty,28.3,Prepaid,4,0,372,Tier3,6,3.6,0
ORD100402,2986.14,Apparel,37.9,Prepaid,4,0,81,Tier3,1,4.7,0
ORD100403,2493.01,Books,21.0,COD,3,0,344,Metro,3,5.0,1
ORD100404,768.86,Books,7.7,Prepaid,3,2,926,Metro,7,3.5,1
ORD100405,1331.05,Apparel,43.2,Prepaid,3,0,297,Tier2,7,5.0,1
ORD100406,2211.63,Apparel,7.2,COD,4,0,624,Metro,3,5.0,0
ORD100407,1908.03,Groceries,10.3,Prepaid,5,2,163,Metro,9,4.1,1
ORD100408,783.57,Groceries,37.8,COD,4,0,2,Metro,9,4.8,0
ORD100409,928.82,Beauty,8.9,Prepaid,3,1,258,Metro,6,3.8,0
ORD100410,434.51,Apparel,34.3,Prepaid,1,1,211,Metro,3,3.7,1
ORD100411,911.47,Home,20.9,Prepaid,2,0,224,Tier3,5,3.3,0
ORD100412,3080.54,Beauty,18.7,COD,5,1,59,Metro,7,3.3,0
ORD100413,427.0,Beauty,40.0,COD,6,0,1119,Metro,3,3.8,0
ORD100414,1649.27,Footwear,16.8,Prepaid,6,0,216,Metro,6,3.8,0
ORD100415,1918.85,Home,33.2,Prepaid,1,0,61,Tier2,8,4.4,0
ORD100416,3012.11,Groceries,38.3,Prepaid,3,1,53,Metro,7,3.9,0
ORD100417,1297.37,Apparel,22.7,Prepaid,2,0,502,Tier3,9,4.1,0
ORD100418,1606.55,Groceries,19.5,Prepaid,4,0,52,Tier2,3,3.6,0
ORD100419,1590.89,Beauty,33.7,Prepaid,4,1,96,Metro,5,2.9,0
ORD100420,2725.89,Footwear,12.3,Prepaid,6,0,298,Tier3,6,3.8,0
ORD100421,690.75,Beauty,33.2,COD,3,1,234,Tier3,1,4.7,0
ORD100422,1551.54,Footwear,26.0,Prepaid,8,0,220,Metro,3,3.7,0
ORD100423,226.15,Electronics,21.5,Prepaid,6,0,498,Metro,8,3.8,0
ORD100424,2195.83,Beauty,22.6,COD,6,0,160,Metro,5,4.4,1
ORD100425,3473.7,Home,9.5,COD,4,0,258,Metro,4,3.9,1
ORD100426,2711.91,Footwear,16.3,Prepaid,3,1,156,Tier2,4,4.0,1
ORD100427,755.08,Beauty,37.3,Prepaid,2,0,2186,Metro,6,3.6,0
ORD100428,858.34,Footwear,12.2,Prepaid,3,1,2,Metro,5,3.7,0
ORD100429,3867.75,Apparel,29.7,Prepaid,6,0,901,Tier2,5,3.3,0
ORD100430,297.41,Home,18.8,COD,1,0,496,Tier2,3,4.7,1
ORD100431,1062.67,Electronics,53.2,Prepaid,2,0,159,Tier2,2,5.0,0
ORD100432,1948.3,Beauty,17.7,Prepaid,3,0,207,Tier3,3,4.0,0
ORD100433,1085.1,Home,40.5,COD,1,1,104,Tier3,6,4.6,1
ORD100434,478.25,Electronics,1.2,COD,8,1,9,Tier3,5,4.7,1
ORD100435,860.09,Home,11.9,COD,3,0,146,Tier2,7,3.7,0
ORD100436,3955.08,Footwear,34.4,COD,1,0,31,Metro,2,3.6,1
ORD100437,433.82,Groceries,7.2,Prepaid,4,0,90,Tier3,9,3.7,0
ORD100438,1376.48,Beauty,14.7,Prepaid,3,0,180,Metro,7,3.7,0
ORD100439,1616.13,Electronics,28.4,COD,4,0,47,Metro,6,3.3,0
ORD100440,937.01,Home,4.0,COD,3,1,22,Tier2,6,4.6,0
ORD100441,1644.98,Electronics,41.7,COD,5,0,40,Tier2,5,4.6,1
ORD100442,1377.0,Footwear,11.8,Prepaid,3,0,541,Tier2,6,4.5,1
ORD100443,4505.91,Electronics,24.7,Prepaid,2,0,140,Metro,1,3.5,1
ORD100444,2037.59,Apparel,34.0,COD,3,0,116,Metro,1,3.8,0
ORD100445,1928.96,Books,3.8,COD,1,1,1102,Metro,1,3.8,1
ORD100446,2886.75,Home,32.5,Prepaid,3,1,309,Metro,8,4.2,0
ORD100447,2661.79,Apparel,13.5,COD,4,1,116,Metro,6,4.3,0
ORD100448,1937.19,Footwear,6.0,COD,4,0,92,Tier2,1,4.4,1
ORD100449,353.48,Home,5.1,Prepaid,8,0,909,Tier2,1,3.5,0
ORD100450,4122.64,Home,31.2,Prepaid,4,0,87,Tier3,6,3.4,0
ORD100451,2694.79,Apparel,16.8,Prepaid,1,0,84,Metro,3,4.0,1
ORD100452,3992.52,Home,27.0,Prepaid,7,0,549,Metro,8,3.3,0
ORD100453,536.24,Apparel,25.2,COD,4,1,216,Tier3,6,4.5,0
ORD100454,2694.58,Books,17.3,Prepaid,3,0,32,Tier2,8,3.7,0
ORD100455,2972.42,Beauty,4.4,Prepaid,4,0,232,Metro,3,4.2,0
ORD100456,4860.71,Electronics,14.6,Prepaid,5,1,324,Tier2,2,4.3,0
ORD100457,4057.94,Electronics,33.3,Prepaid,3,0,40,Metro,5,3.0,0
ORD100458,3107.5,Home,23.1,COD,3,0,23,Tier3,5,4.2,0
ORD100459,1215.47,Beauty,16.6,COD,2,2,814,Tier2,9,3.6,0
ORD100460,1353.53,Electronics,23.9,Prepaid,6,1,114,Tier2,3,4.2,1
ORD100461,2453.36,Groceries,13.1,COD,4,1,5,Metro,5,3.9,1
ORD100462,1290.23,Books,0.5,Prepaid,2,0,441,Metro,3,3.6,1
ORD100463,3125.58,Groceries,11.1,COD,6,0,499,Tier2,4,4.2,0
ORD100464,201.72,Groceries,16.8,Prepaid,8,0,27,Tier2,1,4.0,0
ORD100465,223.41,Beauty,11.4,COD,8,1,1358,Tier2,3,3.5,0
ORD100466,2142.9,Books,6.2,Prepaid,7,3,581,Tier2,8,3.9,0
ORD100467,1684.79,Footwear,8.5,Prepaid,2,2,286,Tier2,7,4.5,1
ORD100468,511.64,Footwear,12.7,COD,2,1,29,Metro,8,4.0,1
ORD100469,1093.36,Electronics,12.4,Prepaid,3,1,35,Metro,3,3.7,1
ORD100470,1784.9,Books,25.4,Prepaid,6,0,105,Tier2,5,3.5,0
ORD100471,1928.91,Groceries,18.8,COD,5,2,1386,Tier2,2,3.9,1
ORD100472,4037.71,Apparel,9.6,Prepaid,4,0,140,Tier2,3,4.5,1
ORD100473,302.05,Electronics,48.2,COD,5,0,187,Metro,8,5.0,0
ORD100474,1463.17,Home,11.3,Prepaid,3,1,73,Tier3,4,4.6,1
ORD100475,274.59,Electronics,39.7,COD,2,1,276,Metro,3,4.6,0
ORD100476,739.42,Home,25.2,COD,5,1,536,Metro,8,3.1,1
ORD100477,1914.77,Electronics,32.4,COD,1,0,123,Tier2,2,3.7,0
ORD100478,757.89,Groceries,11.1,COD,4,0,141,Tier2,5,3.3,0
ORD100479,707.44,Apparel,20.9,Prepaid,6,0,763,Tier2,5,3.7,0
ORD100480,279.24,Electronics,8.9,COD,3,0,826,Tier2,3,3.7,1
ORD100481,661.05,Electronics,13.6,Prepaid,2,0,76,Tier2,5,4.9,1
ORD100482,2825.58,Books,17.1,Prepaid,5,0,152,Metro,8,3.5,0
ORD100483,1439.79,Home,2.2,COD,5,0,562,Tier2,5,4.8,0
ORD100484,3312.09,Electronics,14.9,COD,1,0,130,Tier2,2,4.4,0
ORD100485,1123.81,Apparel,30.7,COD,5,0,40,Metro,3,3.7,1
ORD100486,2460.37,Electronics,42.1,Prepaid,6,1,33,Tier2,3,4.2,1
ORD100487,3418.05,Electronics,25.5,COD,6,1,57,Tier3,8,3.9,0
ORD100488,3438.49,Books,12.7,COD,2,0,431,Metro,2,4.0,0
ORD100489,833.18,Home,16.5,Prepaid,6,0,450,Tier2,5,4.5,0
ORD100490,3831.43,Home,12.1,COD,4,0,380,Tier2,5,4.5,1
ORD100491,596.11,Electronics,24.8,Prepaid,1,0,702,Metro,5,4.4,1
ORD100492,1920.92,Beauty,21.8,COD,2,0,66,Tier2,8,3.6,1
ORD100493,2110.9,Groceries,20.4,COD,4,2,61,Tier2,7,3.6,1
ORD100494,803.74,Electronics,20.8,Prepaid,1,0,245,Tier2,9,4.2,1
ORD100495,1237.99,Home,4.0,COD,1,0,97,Metro,5,4.0,0
ORD100496,958.55,Electronics,13.6,COD,4,1,87,Metro,5,5.0,1
ORD100497,496.51,Electronics,38.7,COD,5,1,34,Metro,5,4.5,1
ORD100498,180.76,Books,32.5,COD,6,0,10,Metro,7,2.8,0
ORD100499,842.78,Beauty,7.0,Prepaid,7,0,431,Tier3,6,4.2,0
ORD100500,1509.18,Electronics,24.1,Prepaid,2,0,363,Metro,7,3.2,0
ORD100501,1738.92,Beauty,4.2,Prepaid,3,0,245,Tier3,8,3.4,0
ORD100502,1250.63,Books,28.9,Prepaid,5,0,262,Tier3,8,3.7,0
ORD100503,4241.66,Home,31.1,Prepaid,5,1,161,Tier2,3,3.2,0
ORD100504,1662.03,Books,29.4,COD,6,0,115,Metro,1,4.5,0
ORD100505,594.95,Beauty,24.0,COD,1,1,516,Tier2,8,4.1,0
ORD100506,1154.21,Groceries,7.9,Prepaid,2,0,739,Metro,5,3.8,0
ORD100507,1262.91,Beauty,62.0,COD,3,0,498,Tier3,2,2.9,0
ORD100508,200.92,Groceries,15.1,Prepaid,2,1,295,Metro,8,4.0,0
ORD100509,1032.8,Books,26.6,Prepaid,1,1,185,Metro,4,3.9,1
ORD100510,2210.27,Beauty,30.9,Prepaid,10,0,366,Metro,7,4.0,0
ORD100511,1369.11,Beauty,18.5,Prepaid,6,1,236,Metro,4,3.5,0
ORD100512,2138.33,Apparel,11.7,Prepaid,5,0,152,Metro,3,4.0,1
ORD100513,824.49,Beauty,11.6,Prepaid,5,2,131,Metro,5,3.8,1
ORD100514,2407.76,Home,13.0,Prepaid,0,0,1,Metro,2,3.9,0
ORD100515,1222.82,Beauty,28.4,COD,4,1,240,Metro,2,4.8,1
ORD100516,722.17,Footwear,28.9,COD,3,0,227,Metro,1,4.3,1
ORD100517,2672.36,Electronics,4.3,Prepaid,2,0,178,Metro,4,3.6,0
ORD100518,387.22,Home,24.6,COD,4,0,5,Tier3,5,4.1,1
ORD100519,3337.68,Home,21.3,Prepaid,5,1,510,Metro,6,4.6,0
ORD100520,591.93,Books,10.5,Prepaid,4,0,411,Tier2,7,3.4,0
ORD100521,733.88,Beauty,47.2,COD,4,0,275,Tier3,3,4.7,1
ORD100522,744.18,Apparel,22.2,COD,0,0,357,Metro,8,2.6,1
ORD100523,4671.78,Apparel,9.2,COD,6,0,279,Metro,8,3.1,1
ORD100524,1838.13,Footwear,20.9,Prepaid,3,0,19,Tier2,9,4.0,0
ORD100525,1273.63,Apparel,12.3,Prepaid,7,0,525,Tier2,3,4.4,0
ORD100526,1427.2,Home,9.1,Prepaid,0,0,523,Tier3,4,3.6,0
ORD100527,649.7,Apparel,7.1,Prepaid,3,1,952,Metro,6,5.0,0
ORD100528,2262.29,Apparel,20.4,Prepaid,8,1,116,Tier3,1,4.5,0
ORD100529,2031.85,Electronics,28.7,Prepaid,3,0,324,Metro,2,4.5,0
ORD100530,2258.02,Footwear,14.5,COD,4,0,255,Tier3,4,4.2,0
ORD100531,1315.47,Footwear,22.7,COD,7,0,225,Tier2,6,3.5,0
ORD100532,1290.95,Apparel,20.5,Prepaid,4,1,215,Metro,9,4.6,1
ORD100533,775.98,Footwear,10.4,COD,4,1,106,Tier2,8,4.2,1
ORD100534,2115.91,Footwear,13.6,COD,4,0,415,Tier3,2,3.9,0
ORD100535,1442.61,Footwear,30.1,COD,4,1,7,Metro,2,3.8,0
ORD100536,3564.3,Electronics,10.3,Prepaid,3,1,217,Tier3,6,3.1,0
ORD100537,1812.16,Footwear,5.6,Prepaid,6,0,272,Tier2,9,3.4,0
ORD100538,2735.34,Beauty,10.3,COD,3,0,377,Metro,6,4.4,0
ORD100539,1177.57,Apparel,10.9,COD,4,0,103,Tier3,6,3.6,1
ORD100540,2107.52,Home,38.7,Prepaid,2,1,7,Tier2,9,3.2,0
ORD100541,377.87,Electronics,7.8,COD,5,1,659,Metro,2,4.1,1
ORD100542,3050.65,Books,29.9,Prepaid,4,0,1047,Metro,3,4.2,0
ORD100543,619.52,Groceries,16.7,Prepaid,4,1,57,Metro,2,2.8,1
ORD100544,1279.74,Groceries,18.1,Prepaid,3,1,59,Tier2,8,3.4,0
ORD100545,630.97,Home,37.2,COD,2,1,258,Metro,3,4.4,0
ORD100546,244.68,Beauty,26.0,COD,2,1,2407,Tier3,9,3.8,1
ORD100547,461.67,Footwear,29.3,COD,5,1,178,Tier2,4,4.7,1
ORD100548,525.07,Groceries,12.0,Prepaid,10,1,44,Tier3,3,3.8,1
ORD100549,1197.85,Electronics,18.3,Prepaid,5,1,328,Tier2,1,2.2,0
ORD100550,466.51,Apparel,6.2,Prepaid,1,0,298,Metro,4,3.8,0
ORD100551,1940.27,Apparel,13.1,COD,5,1,379,Tier2,7,4.1,1
ORD100552,128.01,Beauty,38.8,Prepaid,4,1,149,Metro,8,3.8,0
ORD100553,1596.28,Apparel,31.8,Prepaid,8,1,103,Tier2,1,2.3,1
ORD100554,3801.91,Electronics,14.6,COD,4,2,178,Tier2,6,4.6,1
ORD100555,1089.25,Footwear,27.5,Prepaid,4,1,127,Tier2,6,4.4,0
ORD100556,1994.73,Electronics,23.2,COD,5,0,19,Metro,5,4.1,0
ORD100557,801.84,Apparel,15.4,Prepaid,2,2,333,Tier3,8,4.1,0
ORD100558,276.59,Books,34.8,Prepaid,5,1,695,Tier2,6,3.6,0
ORD100559,2223.17,Groceries,25.6,COD,2,2,165,Tier2,8,4.8,0
ORD100560,1063.2,Books,7.5,Prepaid,1,1,331,Tier2,6,2.7,0
ORD100561,985.48,Groceries,15.0,Prepaid,1,1,123,Tier3,4,4.2,0
ORD100562,2197.29,Groceries,18.7,Prepaid,2,1,47,Tier2,4,4.2,0
ORD100563,2369.94,Footwear,16.0,Prepaid,2,0,42,Metro,9,2.9,0
ORD100564,524.2,Home,29.1,Prepaid,7,2,79,Metro,5,3.4,1
ORD100565,1768.8,Groceries,18.4,COD,4,0,144,Tier3,4,3.4,0
ORD100566,1315.5,Apparel,28.9,COD,7,1,1195,Tier3,5,3.8,1
ORD100567,903.89,Footwear,38.2,Prepaid,5,0,13,Metro,4,4.2,0
ORD100568,1286.59,Beauty,8.6,COD,3,1,548,Tier2,5,3.9,1
ORD100569,5431.49,Apparel,5.8,COD,7,0,335,Metro,4,3.5,0
ORD100570,127.41,Apparel,8.1,Prepaid,5,1,291,Metro,7,2.4,0
ORD100571,2424.25,Home,29.4,COD,6,1,519,Metro,4,4.1,1
ORD100572,1302.39,Beauty,28.2,Prepaid,5,0,463,Tier2,9,3.6,0
ORD100573,1405.44,Groceries,38.9,Prepaid,4,0,802,Tier2,7,4.9,0
ORD100574,733.51,Books,41.4,Prepaid,4,1,30,Tier2,6,4.6,1
ORD100575,1026.34,Footwear,9.9,Prepaid,2,0,601,Tier2,7,4.3,1
ORD100576,656.69,Groceries,36.0,Prepaid,2,0,35,Tier2,3,3.2,0
ORD100577,1762.39,Groceries,34.5,COD,4,2,326,Metro,4,4.5,0
ORD100578,966.89,Beauty,20.0,Prepaid,4,0,364,Metro,4,3.6,0
ORD100579,2941.03,Electronics,19.9,COD,6,1,255,Tier3,7,3.8,0
ORD100580,216.41,Footwear,18.0,COD,5,0,224,Metro,9,4.6,1
ORD100581,192.01,Footwear,26.2,Prepaid,4,0,357,Metro,1,3.5,0
ORD100582,950.29,Apparel,28.2,COD,5,1,177,Metro,9,3.7,0
ORD100583,646.6,Home,9.1,COD,6,1,69,Metro,1,3.5,0
ORD100584,1755.22,Beauty,46.9,COD,2,0,371,Metro,4,5.0,1
ORD100585,688.06,Electronics,6.0,Prepaid,4,0,83,Tier2,1,4.7,0
ORD100586,1446.37,Apparel,13.5,Prepaid,4,1,670,Tier3,1,4.9,1
ORD100587,1405.62,Footwear,28.2,COD,8,1,1,Tier3,3,3.9,0
ORD100588,722.38,Books,27.3,COD,5,0,245,Tier2,7,4.5,0
ORD100589,1925.53,Apparel,13.1,COD,3,0,484,Tier2,2,4.3,1
ORD100590,2701.22,Books,32.2,Prepaid,3,3,227,Tier3,4,5.0,0
ORD100591,753.8,Beauty,29.1,COD,8,0,82,Tier2,1,5.0,1
ORD100592,525.33,Apparel,18.0,COD,3,1,185,Metro,4,4.3,0
ORD100593,1716.97,Home,46.8,Prepaid,5,0,14,Tier2,7,4.5,1
ORD100594,1005.38,Beauty,32.0,Prepaid,9,0,90,Metro,4,5.0,0
ORD100595,1770.81,Apparel,21.3,COD,7,0,181,Metro,8,4.5,1
ORD100596,646.65,Footwear,5.7,Prepaid,3,1,168,Metro,7,3.5,1
ORD100597,840.1,Home,6.2,COD,5,1,33,Tier2,9,4.6,0
ORD100598,1135.94,Electronics,25.5,COD,7,0,330,Tier3,2,3.0,0
ORD100599,2579.89,Books,9.4,Prepaid,2,2,79,Metro,8,3.3,0
ORD100600,53.27,Books,20.8,Prepaid,2,0,336,Tier2,3,3.8,1
ORD100601,1199.49,Groceries,10.6,Prepaid,2,1,127,Tier3,8,4.2,0
ORD100602,270.21,Beauty,18.9,COD,4,0,37,Metro,2,4.7,1
ORD100603,667.18,Footwear,26.8,COD,6,0,181,Tier3,1,3.7,0
ORD100604,5347.05,Footwear,7.1,Prepaid,5,0,313,Metro,1,3.6,1
ORD100605,471.08,Apparel,19.2,COD,4,1,419,Metro,9,3.6,1
ORD100606,3090.06,Footwear,39.0,COD,3,1,285,Tier3,4,4.0,1
ORD100607,1469.87,Beauty,28.8,Prepaid,4,0,3,Metro,9,4.2,0
ORD100608,1619.15,Electronics,21.6,COD,2,0,65,Tier2,8,2.3,1
ORD100609,2132.64,Books,16.8,Prepaid,2,0,431,Metro,4,3.4,0
ORD100610,635.87,Home,15.0,COD,1,1,254,Tier2,4,4.7,1
ORD100611,979.14,Home,3.9,Prepaid,3,0,648,Tier2,7,4.7,0
ORD100612,2201.7,Electronics,8.3,Prepaid,6,2,169,Tier2,8,3.2,0
ORD100613,2263.41,Electronics,16.3,Prepaid,3,0,62,Metro,5,4.9,1
ORD100614,1618.98,Footwear,9.6,COD,6,0,208,Tier3,7,4.1,1
ORD100615,3121.4,Beauty,5.9,Prepaid,4,0,71,Metro,3,3.7,0
ORD100616,745.67,Footwear,40.1,COD,3,0,138,Metro,1,4.2,1
ORD100617,1586.26,Apparel,36.9,Prepaid,5,2,615,Metro,7,5.0,1
ORD100618,288.6,Home,25.1,Prepaid,1,1,72,Metro,2,4.3,1
ORD100619,2259.92,Beauty,41.7,Prepaid,4,1,87,Metro,8,3.6,0
ORD100620,972.26,Beauty,19.6,COD,2,1,48,Metro,1,2.5,0
ORD100621,522.11,Books,9.0,Prepaid,4,2,153,Tier2,6,3.7,1
ORD100622,1101.77,Groceries,21.8,COD,4,2,295,Metro,7,4.6,1
ORD100623,420.36,Books,21.7,COD,4,2,125,Metro,3,3.8,1
ORD100624,1947.12,Home,16.1,COD,3,1,28,Metro,7,4.7,1
ORD100625,3667.75,Groceries,20.8,COD,3,0,344,Metro,9,3.6,0
ORD100626,2592.18,Groceries,36.9,COD,4,0,270,Tier2,9,3.5,0
ORD100627,1087.0,Footwear,22.0,COD,7,0,9,Tier3,6,5.0,0
ORD100628,136.82,Electronics,10.5,Prepaid,3,0,98,Metro,1,3.6,0
ORD100629,1586.84,Books,32.1,Prepaid,2,0,101,Tier2,4,5.0,0
ORD100630,1677.08,Books,22.1,Prepaid,1,1,84,Metro,8,3.6,0
ORD100631,1480.14,Beauty,32.0,Prepaid,6,0,22,Metro,6,4.6,0
ORD100632,1025.51,Electronics,35.1,COD,4,1,268,Tier2,6,5.0,0
ORD100633,1990.39,Books,26.7,COD,3,1,119,Tier3,6,4.6,0
ORD100634,348.99,Beauty,20.9,COD,7,0,73,Metro,3,5.0,1
ORD100635,2049.22,Footwear,18.4,Prepaid,4,1,139,Metro,9,3.9,0
ORD100636,1111.53,Beauty,10.5,Prepaid,5,0,52,Tier2,7,5.0,0
ORD100637,3294.62,Groceries,18.4,Prepaid,3,1,1240,Metro,3,4.1,1
ORD100638,4516.5,Groceries,40.9,Prepaid,2,2,117,Tier3,6,5.0,1
ORD100639,1157.66,Books,20.9,COD,3,2,433,Metro,2,4.3,0
ORD100640,3192.86,Home,40.9,COD,4,0,179,Metro,1,5.0,0
ORD100641,286.6,Electronics,10.6,COD,4,0,221,Tier3,4,4.9,0
ORD100642,759.15,Books,12.8,Prepaid,6,0,36,Tier2,9,4.1,0
ORD100643,1231.99,Electronics,0.8,Prepaid,3,1,717,Metro,7,4.9,1
ORD100644,4371.73,Groceries,37.8,COD,7,1,3,Tier2,4,3.9,1
ORD100645,3347.68,Books,46.1,Prepaid,5,2,62,Metro,4,3.7,0
ORD100646,189.29,Books,25.0,Prepaid,7,0,55,Tier3,2,4.7,0
ORD100647,1150.73,Books,10.4,Prepaid,4,1,884,Metro,8,3.8,0
ORD100648,969.4,Beauty,36.7,Prepaid,6,0,88,Metro,2,4.2,0
ORD100649,719.27,Groceries,7.1,COD,6,1,322,Metro,5,3.9,1
ORD100650,2214.87,Groceries,7.9,COD,2,1,445,Metro,6,4.5,1
ORD100651,1462.53,Apparel,18.6,Prepaid,3,2,520,Tier3,3,4.1,1
ORD100652,989.8,Books,19.4,COD,5,2,75,Metro,3,4.0,1
ORD100653,618.61,Home,34.6,COD,2,0,249,Tier2,7,4.7,0
ORD100654,668.3,Beauty,5.3,Prepaid,3,0,129,Tier3,6,4.0,0
ORD100655,3305.35,Footwear,27.1,Prepaid,3,1,537,Metro,8,3.1,1
ORD100656,238.2,Beauty,11.6,Prepaid,6,1,569,Tier2,4,3.2,1
ORD100657,1337.04,Apparel,12.2,COD,4,0,783,Metro,6,4.0,0
ORD100658,942.85,Electronics,27.5,COD,3,0,14,Tier2,2,4.1,0
ORD100659,2746.51,Groceries,26.3,COD,4,0,29,Tier2,6,3.3,1
ORD100660,2962.81,Books,7.7,COD,4,1,577,Tier2,5,4.1,0
ORD100661,2102.58,Footwear,30.7,COD,5,1,253,Tier2,9,5.0,1
ORD100662,2481.59,Groceries,5.6,Prepaid,2,0,172,Metro,2,4.5,0
ORD100663,1129.43,Apparel,19.8,COD,3,0,671,Tier2,8,3.3,0
ORD100664,2818.34,Apparel,14.0,COD,5,1,1783,Metro,8,4.1,1
ORD100665,391.98,Footwear,4.9,COD,3,1,251,Metro,1,3.8,1
ORD100666,896.87,Groceries,45.9,Prepaid,1,0,78,Tier2,1,4.2,1
ORD100667,792.27,Home,27.6,COD,4,1,72,Tier2,5,4.9,1
ORD100668,1711.42,Beauty,20.4,Prepaid,5,1,220,Metro,6,4.5,0
ORD100669,1134.18,Beauty,28.9,COD,6,1,163,Tier2,7,4.2,1
ORD100670,892.19,Electronics,5.6,COD,2,1,121,Tier3,8,5.0,1
ORD100671,2770.64,Beauty,21.6,COD,6,0,176,Tier2,9,4.1,0
ORD100672,3430.4,Apparel,5.8,Prepaid,5,1,788,Metro,4,4.1,0
ORD100673,3028.4,Electronics,30.8,Prepaid,4,1,144,Tier3,7,3.8,0
ORD100674,1574.73,Apparel,26.8,COD,4,1,10,Metro,4,4.4,0
ORD100675,334.14,Groceries,3.0,Prepaid,5,0,68,Tier2,2,4.4,1
ORD100676,687.21,Footwear,11.5,COD,2,1,66,Tier3,9,4.6,0
ORD100677,3576.53,Electronics,6.1,COD,3,0,5,Metro,6,4.1,0
ORD100678,541.15,Apparel,31.6,COD,7,1,381,Tier3,3,4.8,1
ORD100679,972.99,Groceries,15.5,Prepaid,3,0,70,Metro,2,4.3,0
ORD100680,1083.54,Apparel,9.8,Prepaid,6,2,474,Tier3,9,3.8,1
ORD100681,724.06,Apparel,24.2,Prepaid,4,1,1133,Metro,8,3.8,1
ORD100682,1149.09,Electronics,20.5,COD,3,3,71,Tier2,8,4.6,0
ORD100683,647.13,Groceries,27.7,Prepaid,4,1,24,Tier2,2,3.9,0
ORD100684,1321.45,Apparel,17.6,COD,1,1,227,Metro,2,3.5,1
ORD100685,701.1,Home,20.9,COD,5,3,285,Metro,2,3.4,0
ORD100686,1302.79,Groceries,37.6,Prepaid,2,0,57,Tier3,6,3.6,0
ORD100687,1265.96,Home,10.5,Prepaid,2,0,152,Tier2,1,3.0,0
ORD100688,1785.27,Apparel,23.9,Prepaid,3,1,227,Metro,9,4.2,1
ORD100689,1063.79,Beauty,12.7,Prepaid,4,1,89,Tier3,6,4.6,0
ORD100690,753.78,Beauty,14.9,Prepaid,3,2,68,Tier3,1,4.1,1
ORD100691,2345.55,Apparel,38.4,Prepaid,5,1,566,Tier2,6,3.7,0
ORD100692,696.79,Home,32.9,COD,5,1,315,Tier2,9,3.9,0
ORD100693,2866.56,Groceries,7.0,COD,3,1,63,Tier3,3,4.5,0
ORD100694,914.84,Apparel,31.8,Prepaid,3,3,68,Tier3,6,3.5,0
ORD100695,3702.7,Home,5.7,Prepaid,6,1,67,Tier2,4,3.5,0
ORD100696,1280.83,Electronics,26.3,COD,8,0,70,Tier3,7,4.0,1
ORD100697,2058.26,Groceries,2.4,COD,1,0,505,Metro,9,4.9,0
ORD100698,1801.43,Electronics,53.8,COD,2,1,341,Metro,9,4.9,0
ORD100699,520.35,Books,8.1,COD,5,0,84,Tier2,8,4.4,0
ORD100700,950.44,Footwear,46.4,Prepaid,5,0,58,Metro,5,3.9,0
ORD100701,1905.1,Home,15.2,Prepaid,4,0,307,Tier2,3,3.3,0
ORD100702,1793.91,Apparel,7.0,COD,4,0,73,Tier2,4,4.1,0
ORD100703,3817.68,Apparel,15.2,Prepaid,6,0,45,Tier2,9,3.7,1
ORD100704,1074.23,Footwear,13.8,Prepaid,3,1,335,Tier3,3,4.0,1
ORD100705,465.74,Books,11.0,COD,5,0,503,Metro,3,4.1,0
ORD100706,730.99,Apparel,18.8,Prepaid,4,0,956,Tier2,6,3.3,0
ORD100707,1413.27,Home,16.4,COD,2,0,30,Metro,5,3.4,1
ORD100708,2131.92,Books,6.0,Prepaid,2,1,215,Tier2,3,4.0,1
ORD100709,2931.05,Electronics,31.2,COD,4,1,182,Metro,9,4.8,1
ORD100710,828.93,Apparel,34.0,COD,5,2,438,Metro,6,3.6,1
ORD100711,381.03,Electronics,9.6,COD,10,2,11,Tier2,4,4.0,0
ORD100712,1139.58,Electronics,43.7,Prepaid,6,0,686,Metro,4,4.6,0
ORD100713,2966.25,Footwear,25.0,COD,3,3,582,Metro,6,3.7,1
ORD100714,712.34,Books,23.4,Prepaid,4,1,106,Tier2,8,4.4,1
ORD100715,1510.95,Groceries,9.2,COD,2,0,168,Metro,1,3.2,0
ORD100716,1822.43,Electronics,54.0,COD,6,1,334,Tier2,5,3.9,0
ORD100717,1112.67,Footwear,36.8,Prepaid,3,0,673,Metro,8,4.8,1
ORD100718,1229.25,Electronics,11.5,Prepaid,5,1,112,Tier3,5,3.7,0
ORD100719,1397.72,Groceries,13.3,Prepaid,2,2,33,Tier2,5,3.4,0
ORD100720,2096.78,Groceries,5.7,COD,2,0,99,Metro,5,4.3,0
ORD100721,1007.11,Groceries,25.2,Prepaid,2,1,140,Metro,9,4.3,0
ORD100722,4334.14,Groceries,13.2,Prepaid,5,1,192,Tier2,6,3.4,0
ORD100723,4455.52,Electronics,23.1,Prepaid,4,1,189,Tier2,9,4.3,0
ORD100724,885.61,Footwear,4.1,COD,2,0,41,Tier2,2,4.4,0
ORD100725,1237.29,Groceries,11.4,COD,4,0,61,Tier2,8,4.7,0
ORD100726,788.73,Home,4.0,Prepaid,0,0,545,Metro,4,4.3,0
ORD100727,1292.41,Books,28.2,COD,4,2,355,Metro,6,3.8,0
ORD100728,2609.17,Beauty,28.4,COD,5,0,139,Metro,7,4.8,1
ORD100729,516.76,Beauty,31.0,Prepaid,2,1,148,Tier2,2,4.7,1
ORD100730,2012.75,Home,13.8,COD,2,0,429,Tier2,8,4.0,0
ORD100731,1764.16,Electronics,28.1,COD,4,1,88,Metro,3,3.8,1
ORD100732,1707.45,Electronics,44.9,COD,8,0,338,Tier2,7,4.6,0
ORD100733,787.35,Groceries,28.9,Prepaid,3,1,66,Metro,1,3.8,0
ORD100734,2231.99,Groceries,38.7,Prepaid,6,0,866,Tier2,7,4.3,0
ORD100735,2664.22,Home,15.0,Prepaid,4,0,297,Tier3,7,4.1,0
ORD100736,368.84,Apparel,25.1,COD,5,1,177,Metro,2,4.0,1
ORD100737,990.66,Home,29.4,Prepaid,5,1,800,Tier2,3,3.7,0
ORD100738,536.56,Apparel,23.5,Prepaid,4,1,311,Metro,5,4.5,1
ORD100739,3994.47,Electronics,12.5,COD,2,0,86,Metro,7,4.3,0
ORD100740,3281.56,Books,10.1,COD,3,0,98,Tier2,8,3.3,0
ORD100741,1477.46,Groceries,33.5,COD,3,1,769,Metro,7,3.4,1
ORD100742,1080.83,Home,38.5,Prepaid,3,0,862,Tier2,6,3.9,0
ORD100743,334.17,Beauty,18.2,COD,4,1,659,Tier2,3,3.6,1
ORD100744,1853.04,Home,24.5,COD,5,0,245,Tier2,5,4.9,0
ORD100745,3235.7,Apparel,9.2,Prepaid,6,0,344,Metro,8,4.7,0
ORD100746,723.04,Groceries,6.8,Prepaid,4,1,445,Tier2,6,3.9,0
ORD100747,92.21,Apparel,10.6,COD,4,0,307,Tier2,6,4.3,1
ORD100748,1265.72,Apparel,37.4,COD,2,0,28,Metro,5,4.3,1
ORD100749,841.28,Apparel,14.6,Prepaid,1,0,149,Metro,9,2.6,0
ORD100750,805.63,Home,52.8,COD,3,3,1507,Tier2,9,4.2,1
ORD100751,938.45,Beauty,27.3,COD,0,0,526,Metro,5,4.8,0
ORD100752,4535.49,Home,22.2,COD,8,2,38,Metro,9,4.1,0
ORD100753,855.01,Home,23.5,Prepaid,4,0,174,Tier3,8,3.5,0
ORD100754,2993.78,Electronics,29.9,COD,5,0,24,Metro,8,3.7,0
ORD100755,669.97,Footwear,5.2,COD,2,0,142,Tier2,8,5.0,0
ORD100756,2150.41,Books,31.2,COD,4,0,64,Metro,4,3.8,1
ORD100757,574.94,Electronics,36.4,COD,4,0,118,Tier2,5,4.4,0
ORD100758,714.3,Footwear,7.9,Prepaid,4,2,151,Metro,6,4.8,0
ORD100759,723.98,Groceries,18.0,Prepaid,3,0,196,Metro,9,4.3,0
ORD100760,2448.06,Books,15.6,COD,5,0,122,Tier2,1,3.5,0
ORD100761,1920.25,Apparel,14.1,COD,4,0,125,Tier2,2,3.6,1
ORD100762,1314.11,Apparel,4.6,Prepaid,1,0,1342,Metro,7,3.5,0
ORD100763,4943.6,Groceries,15.7,Prepaid,2,0,25,Tier3,8,3.7,0
ORD100764,2278.83,Beauty,26.5,COD,7,2,78,Metro,6,4.6,0
ORD100765,1253.0,Beauty,5.0,COD,4,1,397,Tier3,6,4.7,0
ORD100766,643.78,Beauty,15.3,Prepaid,4,1,23,Metro,4,3.8,0
ORD100767,2202.25,Electronics,8.6,Prepaid,6,0,960,Metro,3,2.8,0
ORD100768,620.54,Footwear,14.0,Prepaid,11,1,317,Tier2,6,4.1,0
ORD100769,1216.69,Home,35.1,Prepaid,4,0,63,Metro,9,4.4,0
ORD100770,3322.8,Books,5.1,COD,5,2,187,Metro,6,2.9,1
ORD100771,1599.96,Beauty,32.4,Prepaid,4,2,91,Metro,6,4.1,1
ORD100772,449.68,Groceries,40.8,COD,4,2,446,Tier2,1,4.0,0
ORD100773,2489.98,Beauty,18.0,COD,4,1,197,Tier3,2,3.9,0
ORD100774,2063.34,Apparel,11.0,Prepaid,2,1,40,Tier3,9,4.3,1
ORD100775,2145.74,Groceries,23.2,Prepaid,10,0,227,Metro,4,4.0,0
ORD100776,2334.36,Home,29.4,Prepaid,3,1,326,Metro,2,4.0,0
ORD100777,894.8,Apparel,18.9,Prepaid,4,0,107,Tier3,3,3.6,0
ORD100778,456.49,Footwear,20.1,COD,5,1,67,Tier3,6,4.4,0
ORD100779,1045.63,Books,12.4,Prepaid,6,0,157,Tier3,6,5.0,1
ORD100780,2215.55,Apparel,15.3,Prepaid,2,2,79,Metro,9,4.8,1
ORD100781,716.27,Electronics,33.3,COD,4,2,191,Metro,5,2.6,1
ORD100782,3147.82,Electronics,25.8,COD,0,0,103,Metro,8,4.5,1
ORD100783,3268.81,Home,41.2,COD,5,1,344,Metro,7,3.9,1
ORD100784,789.08,Books,46.7,Prepaid,5,1,515,Metro,6,4.2,0
ORD100785,2278.06,Footwear,3.0,COD,4,0,315,Tier2,6,4.2,0
ORD100786,263.35,Home,26.1,COD,9,0,266,Metro,1,2.9,0
ORD100787,305.2,Footwear,14.7,Prepaid,5,0,1093,Metro,2,3.6,1
ORD100788,1214.73,Footwear,36.8,COD,5,0,128,Tier3,2,2.9,1
ORD100789,4733.77,Groceries,36.9,COD,4,1,46,Metro,1,5.0,0
ORD100790,1110.73,Books,17.1,COD,5,1,593,Metro,7,3.0,1
ORD100791,947.15,Beauty,14.6,COD,3,0,81,Metro,6,3.8,1
ORD100792,1017.26,Beauty,8.6,Prepaid,2,1,92,Tier3,5,4.4,0
ORD100793,3495.53,Home,10.5,Prepaid,4,2,309,Metro,6,4.5,1
ORD100794,669.36,Groceries,13.4,Prepaid,6,0,25,Tier2,6,5.0,0
ORD100795,1573.42,Groceries,2.7,COD,7,0,601,Metro,8,3.9,1
ORD100796,286.25,Apparel,15.7,Prepaid,1,1,391,Tier3,2,4.1,0
ORD100797,927.2,Groceries,19.0,COD,4,0,290,Tier3,5,2.8,0
ORD100798,1084.47,Electronics,32.8,Prepaid,8,0,49,Metro,3,3.7,0
ORD100799,428.36,Home,18.5,Prepaid,3,0,190,Metro,4,4.3,1
ORD100800,1933.36,Apparel,22.9,COD,5,0,194,Metro,7,3.9,0
ORD100801,478.54,Footwear,9.4,COD,6,0,107,Tier3,6,4.9,0
ORD100802,1001.8,Home,33.4,Prepaid,2,2,1776,Tier2,6,4.4,1
ORD100803,1827.93,Apparel,4.7,COD,5,3,371,Tier3,1,4.6,0
ORD100804,2669.43,Footwear,8.0,COD,5,1,117,Tier3,8,3.4,1
ORD100805,2223.55,Apparel,31.4,Prepaid,6,0,327,Metro,5,4.6,0
ORD100806,928.21,Groceries,17.9,COD,1,0,115,Metro,9,3.6,0
ORD100807,2783.71,Apparel,41.6,Prepaid,6,0,646,Tier2,8,4.1,1
ORD100808,1914.51,Electronics,12.8,Prepaid,3,1,320,Metro,3,3.6,0
ORD100809,2977.13,Beauty,46.6,COD,2,0,209,Metro,5,2.9,0
ORD100810,1146.08,Apparel,19.4,COD,7,0,0,Tier2,1,4.1,1
ORD100811,3845.44,Home,8.8,COD,5,0,472,Tier3,1,3.5,0
ORD100812,3775.41,Apparel,7.4,COD,2,0,50,Metro,5,3.6,1
ORD100813,2115.28,Footwear,51.6,Prepaid,3,0,197,Metro,4,4.8,0
ORD100814,405.81,Home,15.4,COD,2,1,211,Metro,6,3.5,1
ORD100815,44.81,Electronics,12.2,Prepaid,8,0,22,Metro,9,4.1,0
ORD100816,2848.67,Home,20.8,Prepaid,2,1,21,Tier3,5,4.5,0
ORD100817,2363.91,Books,3.9,Prepaid,5,0,144,Metro,2,4.3,0
ORD100818,265.62,Electronics,13.4,Prepaid,5,0,269,Metro,2,3.8,0
ORD100819,4755.26,Footwear,14.8,COD,2,2,242,Tier3,6,5.0,1
ORD100820,2918.17,Groceries,46.9,Prepaid,4,0,565,Tier3,7,3.6,0
ORD100821,1782.71,Apparel,11.8,Prepaid,3,0,179,Metro,1,3.6,1
ORD100822,521.12,Electronics,9.0,Prepaid,3,1,329,Tier3,6,4.2,0
ORD100823,374.6,Footwear,2.5,Prepaid,5,2,240,Metro,1,3.5,0
ORD100824,1738.72,Home,5.8,COD,1,1,165,Tier2,3,4.5,1
ORD100825,945.37,Groceries,27.3,COD,7,0,290,Tier2,9,4.0,1
ORD100826,1273.28,Home,6.2,COD,1,1,609,Metro,8,4.3,1
ORD100827,599.31,Footwear,43.5,Prepaid,1,0,799,Tier3,4,5.0,1
ORD100828,2123.06,Home,6.4,COD,6,1,48,Metro,5,4.7,0
ORD100829,1412.72,Electronics,22.6,COD,4,0,113,Tier3,2,2.8,0
ORD100830,5809.75,Footwear,22.8,Prepaid,8,0,554,Tier2,9,4.2,1
ORD100831,1212.71,Beauty,4.2,Prepaid,3,0,488,Tier2,2,3.9,0
ORD100832,433.99,Footwear,10.9,Prepaid,3,0,276,Tier2,9,3.9,0
ORD100833,545.2,Apparel,31.0,Prepaid,7,1,708,Tier2,5,4.6,0
ORD100834,1371.09,Apparel,20.2,COD,3,0,239,Metro,4,4.1,1
ORD100835,1613.87,Electronics,7.8,Prepaid,7,2,1530,Tier2,9,4.2,0
ORD100836,186.41,Apparel,7.7,Prepaid,5,1,291,Metro,9,3.2,0
ORD100837,2044.5,Apparel,23.6,COD,4,2,21,Tier2,1,4.0,1
ORD100838,1158.08,Beauty,7.7,Prepaid,5,0,200,Metro,2,4.2,0
ORD100839,560.06,Beauty,18.6,Prepaid,1,1,113,Tier3,4,3.9,1
ORD100840,648.94,Books,11.5,COD,3,0,953,Metro,7,2.6,1
ORD100841,416.68,Footwear,16.1,Prepaid,7,0,485,Tier3,2,4.5,1
ORD100842,112.87,Electronics,20.7,COD,4,1,629,Tier3,4,3.8,0
ORD100843,1744.24,Beauty,12.3,COD,1,0,327,Tier3,5,5.0,1
ORD100844,1876.41,Footwear,29.7,Prepaid,3,1,576,Tier3,4,3.7,1
ORD100845,159.75,Books,10.5,COD,2,1,736,Tier2,9,5.0,0
ORD100846,628.33,Footwear,21.4,Prepaid,3,1,949,Metro,6,4.1,1
ORD100847,1766.89,Footwear,21.2,COD,3,1,330,Metro,4,4.8,1
ORD100848,1240.87,Home,25.2,Prepaid,3,0,100,Metro,4,4.8,0
ORD100849,2292.81,Groceries,18.5,Prepaid,2,0,96,Tier3,8,3.9,0
ORD100850,6488.86,Beauty,8.0,COD,5,2,361,Tier3,3,3.8,0
ORD100851,2994.57,Home,27.6,Prepaid,7,0,301,Tier3,3,3.3,1
ORD100852,861.55,Groceries,43.0,Prepaid,5,0,157,Tier3,6,3.6,0
ORD100853,601.72,Electronics,40.1,COD,4,0,31,Metro,7,3.9,0
ORD100854,1938.92,Beauty,24.0,Prepaid,4,0,770,Tier2,2,3.7,0
ORD100855,1463.7,Beauty,23.2,COD,6,0,112,Tier2,7,4.4,0
ORD100856,2687.78,Footwear,20.0,COD,4,0,542,Tier2,4,3.6,1
ORD100857,823.66,Electronics,18.0,Prepaid,2,0,60,Tier3,7,3.2,0
ORD100858,1031.84,Footwear,33.0,Prepaid,5,1,11,Metro,1,3.2,0
ORD100859,1868.67,Apparel,7.1,COD,7,0,285,Tier2,2,4.9,1
ORD100860,735.74,Books,21.4,Prepaid,5,0,455,Metro,4,4.7,0
ORD100861,298.51,Home,7.9,COD,7,0,117,Metro,4,5.0,0
ORD100862,614.88,Groceries,21.5,Prepaid,4,1,205,Metro,3,4.2,0
ORD100863,1102.17,Groceries,7.9,COD,2,1,285,Metro,8,3.7,0
ORD100864,1029.57,Footwear,5.3,COD,3,0,43,Tier2,5,3.2,0
ORD100865,2293.02,Books,12.4,Prepaid,6,0,22,Metro,7,4.4,0
ORD100866,2222.81,Apparel,13.9,COD,2,1,975,Tier2,3,3.2,0
ORD100867,77.79,Groceries,9.7,Prepaid,4,1,181,Metro,6,3.8,0
ORD100868,4818.05,Apparel,23.9,Prepaid,5,0,23,Tier3,5,4.5,0
ORD100869,305.12,Electronics,29.7,Prepaid,7,0,710,Tier3,4,4.2,0
ORD100870,100.6,Groceries,11.2,Prepaid,2,2,131,Metro,2,4.1,0
ORD100871,3123.3,Apparel,23.2,Prepaid,2,0,30,Tier3,2,4.1,0
ORD100872,1098.22,Electronics,26.5,Prepaid,7,0,507,Tier3,4,3.6,0
ORD100873,2837.94,Apparel,8.5,COD,4,1,81,Tier2,4,4.3,0
ORD100874,1473.94,Books,7.4,COD,3,0,28,Tier2,2,4.2,0
ORD100875,361.82,Groceries,23.5,COD,4,1,753,Tier3,2,4.2,0
ORD100876,1103.81,Apparel,10.6,Prepaid,3,0,445,Tier2,5,4.5,1
ORD100877,1033.18,Home,7.8,COD,2,0,477,Tier3,5,3.3,0
ORD100878,1212.03,Home,22.3,COD,3,1,110,Tier2,2,4.3,1
ORD100879,2191.67,Home,23.5,Prepaid,6,2,16,Tier2,9,3.6,0
ORD100880,981.48,Home,33.1,Prepaid,1,1,552,Tier3,8,3.7,0
ORD100881,3369.84,Beauty,35.1,COD,6,2,57,Metro,1,4.3,0
ORD100882,1050.82,Beauty,31.6,Prepaid,3,0,319,Metro,1,4.6,1
ORD100883,2015.48,Apparel,25.5,COD,4,0,375,Metro,6,3.2,1
ORD100884,316.16,Home,36.1,COD,0,0,1393,Metro,8,4.1,1
ORD100885,849.25,Apparel,5.8,Prepaid,4,1,25,Tier2,5,4.3,0
ORD100886,570.33,Beauty,19.1,Prepaid,5,0,121,Metro,7,3.2,0
ORD100887,2187.25,Home,11.2,Prepaid,5,0,721,Metro,5,3.2,0
ORD100888,2227.79,Beauty,14.0,COD,4,0,456,Metro,7,3.7,0
ORD100889,1450.24,Books,32.0,COD,7,0,156,Tier3,1,4.3,1
ORD100890,696.54,Apparel,24.8,COD,2,0,170,Tier2,1,4.7,0
ORD100891,356.06,Home,3.9,Prepaid,3,0,482,Tier3,8,4.1,0
ORD100892,1186.26,Electronics,30.7,Prepaid,9,2,125,Metro,6,3.8,0
ORD100893,669.02,Books,28.1,COD,8,1,294,Tier2,9,4.4,0
ORD100894,4337.55,Electronics,10.6,Prepaid,4,0,817,Tier3,5,4.1,0
ORD100895,4331.44,Books,29.3,Prepaid,10,0,755,Tier2,2,3.6,0
ORD100896,2266.47,Apparel,20.0,COD,9,0,203,Metro,8,4.4,0
ORD100897,823.82,Books,20.0,Prepaid,5,1,218,Tier3,7,3.9,1
ORD100898,2179.02,Home,34.1,Prepaid,5,0,177,Tier2,5,3.8,0
ORD100899,2750.11,Groceries,9.3,COD,4,2,25,Metro,6,4.4,0
ORD100900,404.81,Footwear,36.3,COD,5,0,256,Metro,9,3.8,1
ORD100901,1629.36,Electronics,28.4,Prepaid,4,0,255,Metro,9,3.8,0
ORD100902,1663.16,Books,11.3,Prepaid,5,1,115,Metro,4,4.1,0
ORD100903,924.94,Beauty,7.1,COD,2,0,20,Metro,1,3.2,1
ORD100904,928.31,Footwear,21.0,Prepaid,5,1,160,Metro,5,3.5,1
ORD100905,949.66,Electronics,9.6,Prepaid,4,1,139,Tier2,8,3.5,1
ORD100906,3244.27,Groceries,22.6,COD,5,0,161,Tier2,8,3.9,0
ORD100907,898.89,Groceries,16.7,Prepaid,2,1,208,Tier2,1,3.5,0
ORD100908,726.24,Apparel,30.7,COD,7,3,296,Tier3,3,5.0,0
ORD100909,672.13,Beauty,16.5,COD,9,1,73,Metro,6,4.2,0
ORD100910,1030.77,Footwear,20.1,COD,4,1,1282,Tier2,3,3.1,0
ORD100911,680.11,Electronics,16.3,COD,6,1,475,Metro,7,3.6,0
ORD100912,3216.3,Beauty,7.9,Prepaid,3,0,64,Metro,2,3.9,0
ORD100913,1097.16,Home,20.9,Prepaid,7,0,426,Tier2,6,4.2,0
ORD100914,263.3,Home,21.0,Prepaid,4,1,212,Tier2,7,4.3,0
ORD100915,1775.57,Footwear,5.7,Prepaid,3,0,185,Tier3,2,3.2,1
ORD100916,466.2,Home,17.1,COD,5,0,1170,Tier3,1,4.7,0
ORD100917,1724.32,Electronics,18.4,Prepaid,5,0,63,Metro,3,3.8,0
ORD100918,1458.52,Electronics,25.0,COD,8,1,270,Metro,6,3.9,0
ORD100919,956.78,Apparel,14.0,Prepaid,3,0,136,Metro,7,4.3,0
ORD100920,587.37,Books,13.2,Prepaid,5,1,446,Metro,5,4.7,0
ORD100921,1938.46,Home,5.1,Prepaid,3,1,406,Metro,3,4.0,0
ORD100922,1503.7,Electronics,29.9,Prepaid,1,0,506,Tier2,6,3.6,0
ORD100923,2775.53,Electronics,23.6,Prepaid,6,1,572,Tier2,1,4.4,0
ORD100924,2683.36,Electronics,31.5,Prepaid,2,0,132,Tier3,8,4.1,0
ORD100925,656.11,Electronics,35.2,Prepaid,2,0,126,Tier2,9,3.9,1
ORD100926,865.87,Apparel,22.1,Prepaid,2,0,9,Tier2,3,3.5,0
ORD100927,2358.58,Groceries,29.1,Prepaid,6,1,135,Tier2,6,3.4,0
ORD100928,1237.68,Footwear,15.4,COD,1,0,169,Metro,6,4.4,0
ORD100929,609.71,Apparel,14.4,Prepaid,5,0,408,Tier2,8,5.0,1
ORD100930,351.26,Apparel,16.7,Prepaid,1,0,616,Metro,4,4.3,0
ORD100931,1454.83,Home,17.5,Prepaid,5,0,92,Metro,1,2.8,0
ORD100932,1554.42,Beauty,20.5,Prepaid,11,0,180,Tier2,1,3.4,1
ORD100933,2419.37,Beauty,28.4,COD,3,0,360,Tier2,3,3.7,0
ORD100934,1096.68,Books,10.0,Prepaid,2,1,266,Metro,4,3.6,0
ORD100935,4325.73,Groceries,13.7,Prepaid,7,1,131,Metro,7,4.1,0
ORD100936,1331.15,Home,33.6,Prepaid,2,0,151,Tier2,2,4.4,0
ORD100937,695.97,Footwear,24.6,Prepaid,4,0,185,Tier3,6,3.3,0
ORD100938,1394.76,Footwear,30.1,COD,1,0,230,Tier3,4,4.1,1
ORD100939,795.4,Books,5.0,COD,4,1,196,Tier3,8,4.7,0
ORD100940,1430.36,Beauty,49.6,Prepaid,4,0,651,Tier2,1,3.6,0
ORD100941,1138.56,Groceries,14.4,COD,3,0,217,Tier2,9,4.5,0
ORD100942,1437.89,Beauty,5.6,COD,2,0,157,Tier2,6,4.6,1
ORD100943,521.9,Beauty,26.5,Prepaid,1,0,62,Tier2,6,3.3,0
ORD100944,3401.4,Books,24.7,COD,5,0,366,Tier3,4,3.6,0
ORD100945,873.08,Apparel,38.5,COD,5,0,131,Metro,6,4.0,1
ORD100946,1481.16,Beauty,37.7,COD,1,1,548,Tier3,5,3.6,1
ORD100947,91.02,Electronics,42.0,Prepaid,7,0,662,Metro,4,4.0,0
ORD100948,2362.94,Books,33.1,Prepaid,3,0,41,Tier2,9,4.0,0
ORD100949,1099.87,Footwear,35.9,COD,5,0,281,Tier2,8,4.4,0
ORD100950,2002.45,Groceries,22.8,Prepaid,4,1,579,Tier2,6,4.9,1
ORD100951,954.23,Books,28.0,COD,5,0,135,Tier2,6,4.0,0
ORD100952,407.82,Footwear,10.9,Prepaid,3,2,215,Tier2,5,4.1,0
ORD100953,1928.02,Books,30.0,COD,6,0,71,Metro,3,4.7,0
ORD100954,2188.06,Home,9.8,COD,3,0,254,Metro,1,4.4,0
ORD100955,3122.89,Electronics,10.1,Prepaid,3,1,160,Metro,2,4.5,0
ORD100956,603.68,Books,19.9,Prepaid,2,1,17,Tier3,8,3.4,0
ORD100957,1535.19,Beauty,10.3,COD,10,2,315,Tier3,2,2.9,0
ORD100958,1653.71,Beauty,34.3,COD,3,2,124,Metro,1,3.7,0
ORD100959,2090.85,Electronics,32.8,COD,2,1,608,Tier2,6,4.2,0
ORD100960,1913.36,Electronics,21.8,Prepaid,4,0,58,Tier3,8,3.6,0
ORD100961,1322.76,Footwear,22.0,Prepaid,8,0,135,Metro,1,3.7,0
ORD100962,1340.68,Footwear,31.6,COD,5,0,343,Metro,7,3.6,1
ORD100963,604.9,Beauty,23.2,Prepaid,6,0,235,Metro,9,4.0,0
ORD100964,2603.32,Books,17.4,Prepaid,4,1,70,Tier2,5,5.0,0
ORD100965,579.3,Electronics,13.4,Prepaid,1,0,328,Metro,3,4.5,0
ORD100966,2477.05,Books,27.1,COD,3,0,197,Metro,7,4.5,0
ORD100967,1062.88,Electronics,11.7,COD,4,0,323,Metro,3,3.1,1
ORD100968,232.63,Books,19.0,COD,4,0,15,Tier2,8,4.2,0
ORD100969,1574.07,Electronics,8.5,Prepaid,2,0,192,Tier2,9,4.3,0
ORD100970,1417.0,Footwear,40.0,COD,2,1,109,Metro,5,4.2,1
ORD100971,1177.24,Home,2.9,COD,7,0,134,Metro,2,4.2,0
ORD100972,1040.56,Footwear,19.7,COD,6,0,367,Metro,8,3.8,1
ORD100973,1274.8,Home,31.3,COD,3,0,120,Metro,5,3.1,0
ORD100974,1914.88,Groceries,28.6,COD,8,1,41,Metro,8,3.9,0
ORD100975,440.53,Footwear,8.1,Prepaid,6,1,347,Tier2,6,4.9,0
ORD100976,2218.57,Groceries,57.4,COD,6,0,181,Tier2,8,3.9,0
ORD100977,1415.61,Footwear,20.6,Prepaid,4,3,118,Tier2,6,3.6,1
ORD100978,1527.47,Footwear,29.6,Prepaid,2,1,166,Metro,4,3.1,1
ORD100979,573.83,Electronics,19.9,Prepaid,3,1,442,Metro,9,4.0,0
ORD100980,1122.71,Beauty,37.1,COD,3,0,674,Tier2,5,5.0,0
ORD100981,978.07,Beauty,18.6,COD,1,0,152,Tier2,7,4.9,1
ORD100982,1747.43,Books,7.7,COD,2,2,813,Metro,7,4.5,1
ORD100983,2661.73,Electronics,20.4,Prepaid,2,0,19,Tier2,9,4.5,0
ORD100984,1336.72,Groceries,15.5,Prepaid,1,1,297,Tier2,5,4.4,0
ORD100985,306.16,Electronics,4.8,COD,4,0,554,Metro,2,2.3,0
ORD100986,1772.66,Home,16.1,COD,5,2,377,Metro,1,4.0,0
ORD100987,564.39,Electronics,54.6,Prepaid,6,3,209,Tier3,6,4.4,1
ORD100988,558.5,Beauty,9.3,Prepaid,4,0,50,Tier2,9,4.7,0
ORD100989,1223.06,Beauty,30.9,Prepaid,3,0,56,Metro,6,4.4,0
ORD100990,1917.45,Electronics,27.2,Prepaid,1,0,125,Tier2,9,3.8,0
ORD100991,1998.83,Apparel,41.7,COD,1,0,34,Metro,7,2.8,1
ORD100992,1435.13,Apparel,24.3,COD,3,1,65,Tier3,9,4.6,0
ORD100993,378.98,Home,5.8,Prepaid,6,0,49,Metro,6,4.6,0
ORD100994,2094.87,Books,40.6,COD,3,0,138,Metro,7,4.6,1
ORD100995,2435.06,Home,17.2,Prepaid,7,2,169,Metro,8,3.5,0
ORD100996,1259.44,Home,11.7,COD,6,1,1137,Tier3,5,3.6,1
ORD100997,2809.12,Apparel,26.0,Prepaid,6,1,356,Tier2,8,3.8,1
ORD100998,2064.26,Beauty,10.3,COD,1,0,145,Metro,7,3.7,0
ORD100999,1424.64,Electronics,11.5,Prepaid,5,0,76,Metro,7,4.1,0
ORD101000,3335.85,Apparel,27.8,Prepaid,5,0,166,Tier3,7,3.5,1
ORD101001,821.86,Home,27.4,Prepaid,1,0,1391,Metro,5,4.6,0
ORD101002,871.17,Electronics,24.1,COD,3,0,226,Tier2,6,3.4,0
ORD101003,724.51,Apparel,15.9,COD,4,1,187,Tier2,7,4.7,1
ORD101004,997.96,Footwear,27.8,COD,6,0,593,Metro,4,4.4,0
ORD101005,2006.4,Home,4.8,COD,10,0,145,Tier2,3,4.4,0
ORD101006,2646.62,Electronics,8.0,Prepaid,3,2,191,Metro,2,4.7,0
ORD101007,716.34,Books,13.8,Prepaid,1,1,274,Metro,8,4.4,0
ORD101008,983.71,Home,14.0,COD,3,0,35,Metro,1,3.7,0
ORD101009,149.5,Home,14.3,COD,4,1,152,Metro,4,4.2,1
ORD101010,1054.39,Books,6.5,COD,6,1,208,Tier3,8,3.7,0
ORD101011,1710.91,Groceries,15.3,Prepaid,2,0,2,Metro,9,4.2,0
ORD101012,730.65,Electronics,13.2,Prepaid,3,1,47,Tier2,2,4.0,0
ORD101013,1593.4,Books,29.2,Prepaid,5,1,6,Tier2,6,3.9,0
ORD101014,1088.51,Footwear,33.9,Prepaid,3,0,35,Tier2,5,4.4,0
ORD101015,2130.68,Home,39.5,COD,4,0,59,Tier2,9,4.3,1
ORD101016,1078.65,Electronics,30.7,Prepaid,3,0,131,Metro,4,3.8,0
ORD101017,361.42,Apparel,12.1,Prepaid,0,0,11,Tier2,8,3.5,0
ORD101018,6677.26,Footwear,6.1,COD,3,1,103,Metro,4,3.6,0
ORD101019,1429.44,Electronics,18.6,Prepaid,3,0,649,Tier3,9,4.6,0
ORD101020,1010.39,Books,10.5,COD,3,2,65,Tier2,8,4.3,0
ORD101021,2733.13,Footwear,40.8,Prepaid,3,0,480,Tier3,1,4.3,1
ORD101022,2601.97,Electronics,40.8,Prepaid,2,0,434,Metro,7,4.6,0
ORD101023,3565.35,Beauty,21.9,Prepaid,1,0,225,Tier2,7,3.9,0
ORD101024,2707.98,Home,32.3,COD,3,1,330,Tier3,5,4.8,0
ORD101025,2342.04,Apparel,22.7,COD,3,0,171,Metro,7,4.3,1
ORD101026,233.37,Electronics,35.2,COD,1,1,298,Metro,5,3.3,1
ORD101027,392.77,Home,19.0,COD,4,0,392,Tier2,8,3.9,1
ORD101028,568.21,Electronics,12.0,Prepaid,6,0,27,Tier3,4,4.6,0
ORD101029,580.15,Books,29.5,COD,6,0,421,Metro,9,4.2,1
ORD101030,1821.67,Apparel,26.9,Prepaid,7,0,231,Tier2,1,4.6,1
ORD101031,1246.55,Apparel,13.5,COD,3,0,36,Tier2,6,3.8,1
ORD101032,745.49,Books,27.6,Prepaid,5,1,731,Tier3,4,3.7,1
ORD101033,586.1,Groceries,37.4,Prepaid,5,0,653,Tier3,3,4.4,0
ORD101034,835.18,Electronics,6.1,Prepaid,5,0,983,Metro,4,4.8,0
ORD101035,1010.92,Books,16.4,COD,0,0,104,Metro,9,4.6,1
ORD101036,533.67,Apparel,22.5,Prepaid,3,0,313,Metro,7,5.0,1
ORD101037,2728.14,Footwear,6.8,COD,3,2,1491,Metro,6,5.0,1
ORD101038,1572.11,Books,17.0,COD,3,0,27,Tier2,4,3.6,1
ORD101039,1236.45,Books,34.9,Prepaid,4,0,113,Tier3,9,5.0,1
ORD101040,374.07,Groceries,13.0,COD,2,1,141,Tier2,7,5.0,1
ORD101041,2116.0,Home,16.7,COD,2,0,295,Metro,6,3.4,1
ORD101042,1056.73,Apparel,7.6,Prepaid,4,1,305,Tier3,9,3.3,0
ORD101043,596.54,Apparel,8.5,Prepaid,4,0,1110,Metro,4,4.9,0
ORD101044,369.15,Apparel,8.4,Prepaid,2,0,732,Tier2,5,3.9,1
ORD101045,1501.87,Apparel,25.4,COD,5,0,295,Tier3,5,3.8,0
ORD101046,2492.59,Home,33.2,Prepaid,1,1,18,Metro,2,3.5,1
ORD101047,415.61,Home,4.5,COD,2,0,63,Metro,3,3.8,0
ORD101048,2887.94,Home,3.3,COD,0,0,77,Metro,1,3.8,0
ORD101049,200.76,Books,26.1,COD,2,0,806,Metro,4,3.8,1
ORD101050,1514.14,Beauty,35.6,Prepaid,8,0,248,Tier2,3,4.4,0
ORD101051,357.32,Beauty,29.2,Prepaid,5,3,107,Tier3,8,4.3,0
ORD101052,505.25,Home,30.6,COD,6,2,186,Tier2,3,3.5,0
ORD101053,383.92,Books,9.1,COD,4,0,811,Metro,2,4.9,0
ORD101054,1610.42,Electronics,22.9,COD,2,0,271,Tier2,2,4.0,0
ORD101055,1942.69,Footwear,17.2,Prepaid,3,0,120,Tier3,9,3.8,1
ORD101056,1881.75,Electronics,25.5,COD,9,1,43,Tier2,5,4.1,0
ORD101057,957.06,Home,26.4,Prepaid,1,0,51,Tier3,2,4.3,0
ORD101058,438.2,Books,7.8,COD,5,1,58,Tier2,7,4.1,1
ORD101059,1552.56,Electronics,23.7,COD,4,1,446,Tier2,4,5.0,0
ORD101060,4879.19,Books,22.7,Prepaid,2,1,169,Metro,7,5.0,0
ORD101061,1590.13,Home,19.2,Prepaid,5,1,75,Tier3,1,4.2,0
ORD101062,1054.55,Groceries,10.0,Prepaid,4,1,205,Tier3,2,4.1,0
ORD101063,89.35,Groceries,18.0,Prepaid,7,1,136,Tier2,2,4.7,0
ORD101064,681.49,Beauty,27.7,Prepaid,5,0,332,Tier2,6,3.5,0
ORD101065,2878.25,Apparel,12.7,Prepaid,6,1,139,Metro,9,3.5,1
ORD101066,1640.38,Groceries,26.0,COD,3,1,604,Metro,2,5.0,1
ORD101067,1488.64,Electronics,18.4,Prepaid,5,0,39,Metro,7,4.2,0
ORD101068,853.13,Footwear,30.0,COD,3,1,1172,Metro,7,5.0,0
ORD101069,922.88,Apparel,11.3,COD,4,1,320,Tier3,3,3.8,1
ORD101070,1530.43,Footwear,41.3,Prepaid,3,2,221,Tier2,9,4.5,1
ORD101071,2955.2,Apparel,27.4,COD,3,0,51,Tier3,4,3.7,0
ORD101072,814.88,Books,13.0,COD,2,0,2,Metro,1,3.9,0
ORD101073,1521.56,Beauty,25.4,Prepaid,4,0,93,Metro,7,4.1,0
ORD101074,1030.51,Home,32.0,Prepaid,5,1,422,Metro,6,3.9,0
ORD101075,2214.03,Home,39.4,Prepaid,5,1,382,Metro,5,4.3,0
ORD101076,777.3,Beauty,23.1,COD,2,1,190,Tier2,4,3.5,0
ORD101077,282.2,Groceries,6.7,COD,4,1,111,Metro,7,3.9,0
ORD101078,1920.8,Beauty,7.2,Prepaid,4,0,412,Tier2,1,4.0,1
ORD101079,1272.11,Home,14.3,COD,4,0,5,Tier2,2,4.1,0
ORD101080,1829.83,Electronics,43.7,COD,0,0,380,Tier3,7,3.9,0
ORD101081,1283.87,Electronics,25.2,Prepaid,4,2,107,Tier2,3,3.6,0
ORD101082,1527.4,Books,11.0,COD,3,0,13,Metro,4,3.9,0
ORD101083,2385.28,Footwear,25.6,COD,4,1,519,Metro,3,3.5,0
ORD101084,1269.81,Apparel,51.1,COD,4,0,270,Tier3,8,4.7,1
ORD101085,2412.37,Footwear,28.1,Prepaid,5,0,40,Metro,9,3.6,1
ORD101086,1170.15,Beauty,23.6,Prepaid,5,1,127,Tier3,2,3.7,0
ORD101087,2144.34,Books,9.0,Prepaid,4,0,323,Metro,4,3.5,0
ORD101088,1649.86,Books,37.6,Prepaid,6,1,107,Metro,7,5.0,0
ORD101089,583.68,Books,17.2,Prepaid,6,0,975,Tier2,5,5.0,0
ORD101090,4445.24,Electronics,10.5,COD,6,0,140,Metro,1,4.9,1
ORD101091,1537.31,Home,26.0,Prepaid,4,0,664,Tier2,9,4.4,0
ORD101092,1509.35,Home,28.0,COD,5,3,108,Metro,7,4.5,0
ORD101093,370.84,Electronics,1.9,Prepaid,5,0,161,Metro,1,4.5,1
ORD101094,4019.67,Groceries,30.3,Prepaid,2,1,139,Tier2,8,3.6,0
ORD101095,478.44,Footwear,19.6,Prepaid,1,0,62,Tier3,4,4.9,0
ORD101096,196.51,Beauty,9.1,Prepaid,5,0,103,Metro,6,3.7,0
ORD101097,3576.76,Footwear,15.7,Prepaid,4,0,50,Tier2,5,5.0,0
ORD101098,353.98,Groceries,50.9,Prepaid,6,0,78,Metro,9,3.8,0
ORD101099,2769.33,Electronics,9.7,COD,6,0,168,Metro,4,4.1,1
ORD101100,2108.95,Apparel,42.7,COD,0,0,78,Metro,8,2.7,1
ORD101101,1007.4,Groceries,11.0,Prepaid,7,0,165,Tier2,5,3.6,0
ORD101102,771.56,Apparel,16.2,Prepaid,3,2,119,Metro,8,4.0,0
ORD101103,628.64,Home,36.4,Prepaid,6,0,40,Tier2,3,4.6,0
ORD101104,900.6,Electronics,32.7,Prepaid,4,1,216,Metro,7,4.9,0
ORD101105,470.39,Home,21.1,Prepaid,3,2,159,Metro,1,3.3,0
ORD101106,1050.85,Beauty,39.3,Prepaid,2,1,748,Tier3,1,4.5,1
ORD101107,610.32,Apparel,1.7,Prepaid,2,0,198,Metro,6,4.0,1
ORD101108,1949.0,Footwear,23.8,Prepaid,3,1,1,Metro,5,3.9,0
ORD101109,1306.23,Home,25.6,Prepaid,3,1,698,Metro,2,3.8,0
ORD101110,2083.03,Books,10.3,Prepaid,5,0,99,Tier2,8,4.5,0
ORD101111,3934.48,Footwear,6.0,COD,5,0,145,Tier3,3,3.2,0
ORD101112,3078.9,Electronics,14.8,Prepaid,6,1,342,Tier2,7,3.2,0
ORD101113,2995.18,Books,22.8,Prepaid,5,0,432,Tier3,7,4.2,0
ORD101114,758.5,Electronics,30.2,Prepaid,4,1,480,Tier2,1,3.3,0
ORD101115,1488.19,Groceries,6.6,COD,9,1,98,Metro,5,2.5,0
ORD101116,1409.44,Books,25.1,COD,0,0,772,Tier2,5,4.0,0
ORD101117,1866.14,Home,44.6,Prepaid,7,0,165,Metro,3,3.8,0
ORD101118,1634.54,Groceries,28.0,COD,4,1,109,Tier2,1,4.7,0
ORD101119,4317.05,Footwear,32.2,Prepaid,3,1,29,Metro,3,4.0,1
ORD101120,1154.35,Beauty,27.5,COD,3,1,1088,Tier2,5,3.5,1
ORD101121,1847.72,Apparel,31.6,Prepaid,8,0,1052,Tier2,3,3.8,1
ORD101122,103.89,Books,14.5,Prepaid,5,0,192,Metro,1,4.2,0
ORD101123,1170.88,Footwear,19.2,Prepaid,4,0,75,Tier2,7,4.5,1
ORD101124,1196.93,Electronics,10.0,Prepaid,5,0,44,Metro,3,2.9,0
ORD101125,414.85,Electronics,25.8,Prepaid,5,0,442,Metro,4,4.2,0
ORD101126,836.8,Books,46.5,COD,6,2,7,Tier2,6,4.0,1
ORD101127,2330.57,Beauty,34.2,Prepaid,8,2,2,Metro,4,3.8,0
ORD101128,2089.0,Apparel,21.4,Prepaid,6,0,249,Tier2,5,3.7,1
ORD101129,3351.32,Books,47.5,Prepaid,3,0,69,Tier2,1,3.8,0
ORD101130,1231.38,Beauty,9.9,Prepaid,3,0,245,Tier2,7,3.8,0
ORD101131,1223.05,Books,29.3,COD,5,0,3,Metro,4,4.8,0
ORD101132,1313.67,Apparel,34.5,Prepaid,3,0,237,Metro,5,4.5,0
ORD101133,1901.34,Books,6.5,Prepaid,4,0,76,Metro,5,3.8,0
ORD101134,709.76,Groceries,36.4,Prepaid,4,0,259,Metro,3,4.1,0
ORD101135,2411.9,Books,2.6,COD,4,1,104,Metro,8,3.8,0
ORD101136,1972.56,Beauty,20.9,COD,4,1,780,Metro,5,3.6,1
ORD101137,1648.96,Beauty,5.6,Prepaid,3,0,846,Metro,3,3.4,0
ORD101138,941.87,Footwear,20.6,Prepaid,5,0,102,Metro,4,2.4,1
ORD101139,2104.94,Electronics,9.9,Prepaid,6,1,402,Tier3,9,3.2,0
ORD101140,2904.07,Beauty,8.8,COD,5,0,61,Metro,8,3.1,0
ORD101141,333.69,Electronics,40.5,COD,1,0,19,Tier3,8,4.3,0
ORD101142,3384.67,Electronics,5.4,Prepaid,6,0,159,Metro,6,4.1,0
ORD101143,2536.28,Footwear,9.8,Prepaid,4,0,320,Metro,3,3.7,0
ORD101144,1057.72,Beauty,7.1,Prepaid,4,0,129,Metro,8,4.3,0
ORD101145,887.63,Home,25.3,Prepaid,5,2,75,Tier3,8,4.3,1
ORD101146,2720.32,Beauty,12.5,COD,3,0,222,Metro,3,4.9,0
ORD101147,370.43,Home,10.9,COD,6,1,195,Metro,2,4.1,0
ORD101148,860.29,Apparel,4.5,COD,6,1,340,Metro,2,4.9,0
ORD101149,81.38,Home,34.3,Prepaid,4,0,24,Metro,2,3.5,0
ORD101150,1557.49,Apparel,32.6,Prepaid,5,0,198,Metro,3,3.7,1
ORD101151,2039.89,Electronics,36.1,COD,3,1,305,Tier2,8,4.2,1
ORD101152,1241.16,Groceries,10.0,Prepaid,4,0,98,Tier2,4,4.4,0
ORD101153,2734.26,Home,26.9,Prepaid,4,1,4,Tier2,9,4.6,0
ORD101154,409.23,Books,13.1,Prepaid,4,0,150,Metro,2,4.2,0
ORD101155,2127.96,Electronics,31.9,Prepaid,3,0,200,Tier2,4,3.5,0
ORD101156,300.94,Apparel,24.4,Prepaid,3,0,436,Tier2,3,4.0,0
ORD101157,2053.8,Home,11.0,COD,5,0,195,Tier2,1,3.8,0
ORD101158,1249.73,Books,28.2,Prepaid,7,0,61,Tier2,7,4.0,0
ORD101159,2728.66,Apparel,29.8,COD,4,2,145,Metro,7,4.6,1
ORD101160,1064.63,Books,24.1,Prepaid,5,1,93,Tier2,8,3.8,0
ORD101161,4888.91,Beauty,8.0,Prepaid,3,1,791,Metro,7,3.8,0
ORD101162,2663.15,Electronics,32.6,Prepaid,4,0,230,Metro,4,4.1,0
ORD101163,2021.09,Apparel,37.3,COD,3,1,192,Tier3,4,2.6,1
ORD101164,5987.27,Books,15.8,COD,0,0,135,Metro,4,3.5,1
ORD101165,974.72,Beauty,4.6,Prepaid,2,0,138,Tier2,6,4.4,0
ORD101166,3736.2,Groceries,8.0,Prepaid,6,2,288,Tier3,6,4.0,1
ORD101167,488.53,Apparel,14.5,Prepaid,3,1,434,Tier2,9,4.8,0
ORD101168,1060.1,Groceries,3.6,Prepaid,5,1,302,Metro,3,3.6,0
ORD101169,1446.99,Beauty,21.4,Prepaid,6,1,408,Tier3,2,4.2,1
ORD101170,742.49,Groceries,23.5,Prepaid,5,2,930,Tier3,3,3.4,0
ORD101171,4106.3,Apparel,13.8,Prepaid,6,0,397,Metro,4,5.0,0
ORD101172,1361.35,Beauty,9.7,Prepaid,5,1,1079,Tier3,7,4.5,0
ORD101173,1629.05,Home,12.6,COD,2,0,678,Metro,8,4.4,0
ORD101174,950.62,Groceries,40.7,Prepaid,2,2,550,Tier2,7,3.4,0
ORD101175,1147.89,Beauty,23.2,COD,4,1,65,Metro,8,3.5,0
ORD101176,3761.13,Beauty,27.5,Prepaid,7,0,69,Metro,2,4.7,0
ORD101177,2051.45,Home,26.2,COD,4,0,217,Metro,9,3.0,1
ORD101178,2642.11,Home,22.7,COD,6,0,14,Metro,6,4.3,0
ORD101179,499.53,Home,31.8,COD,2,0,62,Tier2,1,3.7,0
ORD101180,819.65,Electronics,27.7,Prepaid,2,0,5,Metro,7,4.6,0
ORD101181,2894.75,Beauty,9.2,COD,5,2,670,Metro,6,3.9,0
ORD101182,967.17,Electronics,20.0,COD,2,0,7,Tier2,6,4.6,0
ORD101183,2519.53,Apparel,22.9,Prepaid,1,0,579,Metro,6,4.0,0
ORD101184,1250.1,Home,21.9,COD,2,0,417,Metro,8,4.0,0
ORD101185,161.85,Books,5.2,Prepaid,5,1,241,Tier2,1,3.2,0
ORD101186,2478.7,Groceries,8.4,COD,2,1,139,Metro,7,2.8,0
ORD101187,470.85,Footwear,16.6,Prepaid,6,1,76,Tier2,2,3.6,0
ORD101188,2386.98,Groceries,5.4,COD,3,0,412,Metro,8,3.6,0
ORD101189,1577.69,Home,15.1,COD,7,0,565,Metro,3,3.8,1
ORD101190,1514.08,Home,32.7,Prepaid,0,0,383,Tier3,4,4.4,0
ORD101191,2954.48,Footwear,23.1,COD,3,1,378,Metro,3,4.1,0
ORD101192,1707.34,Beauty,15.5,Prepaid,2,0,412,Tier2,6,3.5,0
ORD101193,864.91,Groceries,15.1,Prepaid,5,1,5,Metro,5,3.7,0
ORD101194,1708.93,Footwear,31.7,Prepaid,8,0,78,Tier2,2,4.0,0
ORD101195,976.02,Electronics,7.7,COD,3,0,184,Tier2,3,3.5,0
ORD101196,2629.63,Books,8.1,COD,9,1,291,Tier3,5,3.4,0
ORD101197,1238.35,Apparel,23.2,COD,6,0,50,Metro,4,3.7,0
ORD101198,1476.42,Footwear,9.9,Prepaid,4,0,789,Metro,3,4.1,1
ORD101199,1354.6,Footwear,6.4,COD,3,2,154,Metro,2,5.0,1
ORD101200,1075.08,Apparel,40.6,COD,2,0,121,Metro,1,3.9,0
ORD101201,1770.42,Electronics,7.0,COD,5,0,72,Tier2,1,5.0,0
ORD101202,3187.58,Footwear,3.5,Prepaid,6,0,14,Metro,2,3.7,0
ORD101203,2037.67,Groceries,16.2,COD,5,0,608,Metro,8,4.9,0
ORD101204,2131.75,Beauty,38.7,COD,5,3,33,Tier2,6,3.7,1
ORD101205,697.09,Books,19.3,Prepaid,1,0,265,Metro,6,4.2,0
ORD101206,2219.64,Books,23.0,Prepaid,5,1,93,Metro,8,3.7,1
ORD101207,377.03,Footwear,21.6,Prepaid,7,0,312,Metro,1,3.9,0
ORD101208,2140.61,Beauty,24.7,COD,6,3,356,Metro,8,4.4,1
ORD101209,249.32,Apparel,41.2,COD,0,0,234,Metro,3,4.7,0
ORD101210,1871.14,Footwear,12.0,Prepaid,8,0,487,Tier3,8,3.6,1
ORD101211,516.12,Home,8.6,COD,8,0,1010,Tier2,3,4.0,1
ORD101212,4644.33,Groceries,5.9,Prepaid,6,0,441,Tier2,8,3.7,0
ORD101213,859.63,Electronics,55.3,COD,2,1,308,Tier2,7,3.0,1
ORD101214,1173.13,Footwear,11.5,COD,4,0,548,Metro,4,4.0,1
ORD101215,477.57,Beauty,5.9,COD,3,1,582,Metro,3,3.4,0
ORD101216,1304.99,Footwear,11.7,Prepaid,2,0,61,Metro,9,3.9,0
ORD101217,1274.65,Beauty,22.6,COD,5,1,314,Tier2,7,4.2,0
ORD101218,4480.18,Groceries,18.8,COD,6,0,2251,Metro,3,3.7,1
ORD101219,2933.82,Books,13.4,COD,2,1,498,Metro,6,3.1,0
ORD101220,616.49,Groceries,28.3,Prepaid,2,0,5,Tier2,6,4.3,0
ORD101221,192.84,Footwear,11.6,Prepaid,2,0,40,Metro,9,4.3,1
ORD101222,2182.81,Groceries,7.3,Prepaid,3,2,361,Metro,4,4.9,0
ORD101223,733.64,Beauty,5.6,COD,4,0,49,Metro,7,4.2,1
ORD101224,1823.5,Home,47.5,Prepaid,4,0,72,Metro,5,4.4,0
ORD101225,1756.6,Beauty,6.4,Prepaid,4,1,188,Metro,8,4.5,0
ORD101226,60.67,Home,25.1,Prepaid,2,1,7,Metro,6,4.2,0
ORD101227,1127.91,Beauty,11.0,COD,6,2,942,Tier2,9,2.2,1
ORD101228,1017.31,Books,22.5,Prepaid,5,0,216,Metro,1,3.7,0
ORD101229,1024.94,Beauty,17.1,COD,6,0,252,Tier2,9,3.8,0
ORD101230,1230.54,Groceries,4.0,Prepaid,4,0,43,Metro,8,4.7,0
ORD101231,549.63,Groceries,33.3,Prepaid,4,0,93,Tier3,8,4.3,0
ORD101232,1890.84,Groceries,23.3,COD,5,1,650,Metro,5,3.4,1
ORD101233,313.67,Home,9.0,COD,5,2,564,Metro,3,3.6,0
ORD101234,2984.79,Groceries,9.1,COD,2,0,123,Metro,2,3.6,0
ORD101235,2556.22,Footwear,17.1,Prepaid,4,0,231,Tier2,3,3.3,0
ORD101236,1266.77,Home,34.9,Prepaid,2,0,846,Metro,4,4.7,0
ORD101237,1496.07,Electronics,12.4,COD,5,0,100,Tier3,6,3.7,1
ORD101238,730.68,Groceries,13.4,COD,0,0,61,Tier2,5,3.6,0
ORD101239,1308.94,Apparel,28.2,Prepaid,6,1,1360,Metro,9,4.3,0
ORD101240,904.76,Books,14.6,COD,4,1,336,Metro,1,4.2,0
ORD101241,3523.41,Groceries,9.2,COD,2,1,859,Tier3,7,2.8,1
ORD101242,1624.05,Home,23.3,Prepaid,5,0,90,Tier2,6,5.0,0
ORD101243,1193.9,Groceries,22.7,Prepaid,7,0,64,Tier3,9,3.9,0
ORD101244,1988.56,Home,37.1,COD,0,0,122,Metro,4,4.2,0
ORD101245,2222.1,Beauty,3.9,COD,9,0,476,Metro,5,4.4,1
ORD101246,3277.05,Electronics,36.6,Prepaid,3,0,451,Tier2,5,3.3,0
ORD101247,1564.38,Beauty,19.6,Prepaid,3,1,45,Metro,1,5.0,1
ORD101248,935.27,Electronics,47.2,COD,4,0,361,Metro,4,4.5,0
ORD101249,396.0,Footwear,28.4,COD,5,1,183,Tier2,8,3.3,1
ORD101250,1485.97,Groceries,30.6,COD,1,0,192,Tier2,5,3.8,0
ORD101251,1216.34,Home,37.8,COD,7,0,339,Metro,6,3.6,0
ORD101252,1698.78,Groceries,44.3,COD,7,2,467,Tier2,7,4.4,1
ORD101253,1726.36,Groceries,34.4,COD,5,0,172,Tier3,5,3.6,0
ORD101254,5174.32,Electronics,28.0,Prepaid,3,0,509,Metro,9,4.8,0
ORD101255,427.9,Home,18.8,Prepaid,3,1,577,Metro,5,4.5,0
ORD101256,463.47,Home,30.0,Prepaid,6,2,464,Metro,6,2.1,0
ORD101257,169.29,Apparel,21.7,Prepaid,4,1,0,Metro,4,3.6,1
ORD101258,1013.21,Groceries,7.2,Prepaid,2,1,483,Metro,1,3.5,0
ORD101259,870.0,Groceries,9.9,Prepaid,4,0,485,Metro,5,3.6,0
ORD101260,763.97,Groceries,28.8,COD,3,1,208,Metro,2,3.0,0
ORD101261,402.78,Groceries,23.1,Prepaid,4,1,117,Metro,7,3.1,0
ORD101262,2030.75,Beauty,3.5,COD,5,0,92,Metro,7,4.1,0
ORD101263,2104.92,Books,24.5,Prepaid,5,1,48,Metro,5,3.9,0
ORD101264,1273.5,Home,22.3,Prepaid,3,0,1007,Tier3,7,3.4,0
ORD101265,1267.0,Home,24.7,COD,1,1,154,Tier2,6,2.3,1
ORD101266,1964.14,Electronics,18.5,Prepaid,6,1,642,Tier3,4,3.5,0
ORD101267,1375.17,Groceries,26.1,COD,6,1,106,Tier2,3,3.0,0
ORD101268,991.08,Books,10.0,COD,7,1,346,Metro,3,4.5,0
ORD101269,90.41,Beauty,27.9,COD,5,1,81,Tier3,5,3.3,0
ORD101270,1565.74,Electronics,3.2,COD,4,1,72,Metro,1,3.9,0
ORD101271,675.8,Electronics,8.0,COD,5,0,568,Metro,3,3.1,1
ORD101272,1152.49,Apparel,12.2,COD,2,1,521,Metro,6,3.4,1
ORD101273,1326.27,Books,41.5,Prepaid,5,1,161,Metro,4,3.2,0
ORD101274,3908.49,Books,16.6,Prepaid,2,0,467,Tier2,2,3.9,0
ORD101275,820.86,Groceries,15.5,Prepaid,9,1,157,Tier3,9,3.3,0
ORD101276,790.78,Books,11.3,Prepaid,6,0,281,Metro,3,4.1,0
ORD101277,4680.91,Books,14.3,Prepaid,3,1,610,Metro,4,3.4,0
ORD101278,276.26,Beauty,10.1,Prepaid,6,0,238,Metro,4,3.7,0
ORD101279,1246.85,Groceries,27.3,COD,3,1,534,Tier2,3,3.7,0
ORD101280,3063.29,Books,14.9,Prepaid,5,1,298,Tier3,7,4.5,0
ORD101281,2526.88,Home,25.5,Prepaid,3,1,644,Metro,7,4.1,0
ORD101282,634.45,Electronics,38.4,COD,4,1,68,Metro,4,2.9,0
ORD101283,3892.9,Books,16.1,COD,8,1,98,Tier2,2,3.4,0
ORD101284,2563.7,Home,14.2,COD,2,0,43,Tier3,1,3.9,1
ORD101285,2734.24,Footwear,26.4,Prepaid,1,0,447,Metro,9,3.7,0
ORD101286,1184.11,Electronics,13.4,COD,5,1,161,Tier2,8,3.9,1
ORD101287,2657.06,Books,5.6,Prepaid,5,0,235,Metro,6,3.9,0
ORD101288,3633.35,Groceries,13.5,Prepaid,4,0,23,Tier2,1,3.4,0
ORD101289,481.74,Beauty,4.8,Prepaid,3,0,427,Tier2,2,3.4,0
ORD101290,1039.91,Groceries,20.1,COD,3,1,235,Metro,8,3.7,1
ORD101291,3266.9,Beauty,22.1,Prepaid,4,0,740,Metro,1,4.2,0
ORD101292,1438.58,Books,14.8,Prepaid,3,0,690,Tier3,6,4.6,0
ORD101293,724.45,Books,22.2,Prepaid,2,1,490,Tier3,8,4.2,1
ORD101294,390.2,Footwear,4.3,Prepaid,2,1,74,Metro,4,4.3,1
ORD101295,1132.79,Electronics,23.9,Prepaid,5,0,222,Metro,9,4.5,0
ORD101296,1846.11,Footwear,15.8,Prepaid,5,1,19,Tier2,2,4.0,0
ORD101297,708.36,Apparel,16.6,COD,3,1,86,Tier2,4,4.8,0
ORD101298,671.39,Footwear,17.2,Prepaid,4,0,115,Metro,5,3.7,1
ORD101299,370.73,Electronics,38.6,COD,6,2,89,Metro,9,3.6,0
ORD101300,2107.21,Groceries,33.4,Prepaid,6,0,146,Tier2,6,4.2,0
ORD101301,588.12,Books,18.9,Prepaid,3,1,27,Metro,1,3.5,0
ORD101302,998.84,Beauty,37.1,Prepaid,6,0,33,Tier2,7,4.3,0
ORD101303,1931.54,Electronics,15.5,Prepaid,2,0,29,Tier2,7,2.8,0
ORD101304,2042.94,Beauty,13.8,COD,6,0,321,Tier2,6,3.5,1
ORD101305,1667.88,Beauty,18.9,Prepaid,1,1,89,Metro,6,3.7,0
ORD101306,2655.43,Home,14.4,Prepaid,6,0,271,Metro,3,4.3,0
ORD101307,1581.48,Beauty,30.2,COD,4,1,209,Metro,9,4.2,0
ORD101308,3046.21,Groceries,4.2,Prepaid,5,1,8,Metro,9,3.3,0
ORD101309,949.29,Electronics,27.9,Prepaid,7,1,78,Tier2,9,4.4,0
ORD101310,5059.17,Beauty,11.9,Prepaid,5,0,110,Metro,7,4.5,1
ORD101311,1431.4,Books,19.1,Prepaid,7,0,177,Tier3,7,5.0,0
ORD101312,581.32,Books,29.6,COD,5,1,31,Metro,6,3.3,0
ORD101313,1610.08,Electronics,15.6,Prepaid,5,0,49,Tier2,3,4.3,0
ORD101314,1875.52,Footwear,8.3,Prepaid,6,2,394,Metro,9,4.0,1
ORD101315,240.19,Groceries,5.8,Prepaid,3,0,167,Metro,9,4.5,0
ORD101316,750.93,Groceries,4.2,Prepaid,3,0,170,Metro,1,3.9,0
ORD101317,766.42,Groceries,31.0,COD,8,1,82,Metro,9,4.5,0
ORD101318,805.9,Home,17.0,Prepaid,3,2,175,Tier2,8,4.6,0
ORD101319,4586.79,Apparel,1.9,COD,6,2,28,Metro,2,3.9,0
ORD101320,1948.81,Beauty,17.1,Prepaid,4,1,113,Tier2,4,3.8,0
ORD101321,580.67,Books,17.7,Prepaid,8,0,18,Metro,6,3.2,0
ORD101322,4250.37,Home,11.3,COD,3,1,40,Tier3,7,4.7,1
ORD101323,138.96,Home,24.7,Prepaid,3,1,545,Tier2,4,3.7,0
ORD101324,1130.75,Apparel,17.7,Prepaid,4,0,20,Metro,5,3.7,0
ORD101325,1573.83,Footwear,27.6,COD,3,0,302,Metro,7,3.9,1
ORD101326,434.22,Apparel,13.9,Prepaid,8,1,240,Metro,9,3.1,1
ORD101327,1583.66,Groceries,25.0,Prepaid,5,1,419,Metro,1,3.7,0
ORD101328,1676.23,Apparel,18.8,COD,1,1,70,Metro,4,4.1,1
ORD101329,1063.45,Footwear,22.8,Prepaid,5,1,318,Tier2,2,3.5,0
ORD101330,2210.8,Groceries,22.9,Prepaid,2,2,585,Metro,2,3.5,0
ORD101331,485.87,Beauty,12.9,Prepaid,6,2,364,Metro,9,4.4,1
ORD101332,274.18,Apparel,44.0,Prepaid,4,0,230,Metro,8,4.6,0
ORD101333,2379.26,Books,20.8,Prepaid,1,0,186,Tier3,1,3.8,0
ORD101334,1151.4,Footwear,7.3,Prepaid,5,1,172,Metro,8,4.1,0
ORD101335,2298.27,Groceries,20.9,COD,5,0,77,Tier3,5,4.6,0
ORD101336,1512.91,Footwear,24.1,Prepaid,6,0,72,Tier3,3,3.4,0
ORD101337,2642.04,Beauty,18.3,Prepaid,2,1,552,Tier3,3,3.4,0
ORD101338,1851.58,Books,2.0,Prepaid,5,0,504,Tier2,7,4.0,0
ORD101339,830.57,Home,7.3,COD,1,0,300,Metro,1,3.6,0
ORD101340,2809.61,Electronics,25.4,Prepaid,3,1,18,Tier3,7,3.8,0
ORD101341,1335.38,Beauty,9.1,Prepaid,3,3,45,Tier2,9,3.8,0
ORD101342,1274.16,Home,4.5,COD,2,2,165,Tier3,7,4.5,1
ORD101343,2242.6,Beauty,2.5,COD,4,1,7,Metro,7,3.9,0
ORD101344,946.24,Books,12.1,COD,3,1,1287,Tier2,7,3.0,0
ORD101345,1326.44,Beauty,22.1,Prepaid,6,0,43,Metro,6,3.1,0
ORD101346,1193.75,Groceries,6.8,Prepaid,4,3,76,Metro,4,4.5,0
ORD101347,1307.26,Beauty,13.3,Prepaid,8,1,42,Tier3,7,4.9,0
ORD101348,436.8,Beauty,22.9,Prepaid,3,1,213,Metro,3,4.6,0
ORD101349,3572.52,Home,14.8,COD,6,0,751,Tier3,1,4.5,0
ORD101350,189.26,Apparel,40.5,Prepaid,4,0,105,Metro,2,4.3,1
ORD101351,2539.39,Home,12.1,Prepaid,6,0,34,Metro,8,4.4,1
ORD101352,1888.38,Beauty,14.3,COD,6,0,574,Tier2,9,3.5,0
ORD101353,2067.37,Footwear,11.6,Prepaid,8,0,41,Metro,4,3.8,0
ORD101354,1030.16,Footwear,16.3,COD,3,2,82,Metro,1,4.3,1
ORD101355,3098.23,Groceries,6.0,COD,1,0,18,Tier2,3,4.5,0
ORD101356,472.41,Groceries,20.5,Prepaid,6,1,9,Tier2,6,3.1,0
ORD101357,3364.83,Books,36.4,Prepaid,2,2,209,Tier2,3,3.1,0
ORD101358,2902.68,Home,5.5,Prepaid,4,0,5,Tier2,3,3.2,0
ORD101359,4265.61,Footwear,18.7,Prepaid,3,0,10,Metro,2,4.3,0
ORD101360,1996.41,Footwear,5.7,Prepaid,4,0,535,Metro,3,3.7,0
ORD101361,759.93,Footwear,15.0,COD,2,1,18,Tier2,1,3.6,1
ORD101362,506.53,Home,7.3,Prepaid,4,1,302,Tier2,2,4.0,0
ORD101363,571.77,Electronics,5.1,COD,1,0,34,Metro,7,4.2,0
ORD101364,542.74,Beauty,6.2,Prepaid,6,2,929,Metro,6,4.7,0
ORD101365,553.55,Books,27.6,Prepaid,4,0,121,Metro,2,4.7,0
ORD101366,1570.93,Footwear,14.3,COD,2,2,386,Tier3,7,4.1,1
ORD101367,5240.68,Electronics,13.4,Prepaid,2,0,292,Metro,7,3.6,1
ORD101368,492.24,Beauty,13.3,Prepaid,5,1,270,Tier2,8,3.6,0
ORD101369,1695.02,Footwear,25.6,COD,2,0,116,Tier2,1,4.2,0
ORD101370,1974.97,Beauty,12.0,COD,2,0,177,Tier3,3,4.8,0
ORD101371,1129.39,Books,13.1,Prepaid,5,1,352,Metro,6,4.4,0
ORD101372,2921.02,Electronics,40.0,Prepaid,3,3,36,Tier2,1,3.7,0
ORD101373,1150.78,Footwear,28.5,COD,5,0,29,Tier2,8,3.3,0
ORD101374,820.02,Footwear,11.2,COD,3,0,33,Metro,4,4.2,0
ORD101375,3002.31,Home,2.6,Prepaid,3,1,1171,Tier2,6,5.0,0
ORD101376,1094.44,Apparel,4.3,COD,3,0,275,Tier3,6,4.5,0
ORD101377,1308.38,Books,1.7,Prepaid,4,0,300,Tier2,3,5.0,0
ORD101378,1712.2,Books,6.8,COD,6,2,470,Metro,7,4.4,0
ORD101379,1165.83,Beauty,44.3,Prepaid,4,0,410,Tier2,2,4.2,0
ORD101380,1191.91,Books,15.1,Prepaid,6,1,196,Metro,8,4.6,0
ORD101381,1096.96,Home,15.6,COD,4,1,375,Metro,9,3.7,1
ORD101382,947.97,Electronics,16.3,Prepaid,3,0,5,Metro,2,5.0,0
ORD101383,2052.63,Electronics,29.4,Prepaid,8,1,43,Tier2,7,4.1,0
ORD101384,438.51,Apparel,16.9,Prepaid,0,0,105,Tier2,6,4.7,1
ORD101385,463.68,Apparel,23.8,COD,4,1,134,Tier3,3,3.3,1
ORD101386,401.24,Groceries,2.6,Prepaid,3,0,1125,Tier3,3,3.8,1
ORD101387,1409.99,Beauty,26.3,COD,4,2,8,Tier2,4,3.9,0
ORD101388,937.05,Beauty,25.3,Prepaid,4,1,618,Tier3,8,3.5,0
ORD101389,1542.44,Apparel,19.4,Prepaid,5,0,417,Tier3,4,4.5,1
ORD101390,1692.4,Books,7.6,COD,2,0,278,Tier2,2,4.3,0
ORD101391,960.81,Groceries,24.4,Prepaid,2,2,298,Metro,9,3.4,0
ORD101392,1200.55,Beauty,24.8,Prepaid,6,1,504,Metro,7,5.0,0
ORD101393,376.92,Beauty,6.3,Prepaid,3,1,272,Metro,6,5.0,1
ORD101394,1917.24,Home,20.0,COD,5,1,5,Metro,8,4.6,1
ORD101395,3689.67,Footwear,13.1,Prepaid,3,2,61,Tier2,2,4.1,0
ORD101396,329.75,Electronics,3.2,COD,3,0,862,Metro,4,3.1,1
ORD101397,1502.92,Footwear,13.7,COD,2,1,170,Tier3,6,2.9,1
ORD101398,975.67,Electronics,28.0,COD,7,0,122,Tier3,7,3.8,0
ORD101399,2158.18,Apparel,24.8,Prepaid,6,0,163,Tier2,5,4.4,1
ORD101400,243.74,Beauty,4.4,Prepaid,5,0,119,Metro,7,4.3,0
ORD101401,1491.51,Home,23.4,COD,6,0,171,Tier2,2,3.8,1
ORD101402,338.69,Electronics,25.3,COD,3,1,9,Metro,9,3.3,1
ORD101403,473.8,Beauty,9.6,Prepaid,3,0,337,Tier3,3,3.9,0
ORD101404,779.02,Books,11.3,COD,2,0,207,Metro,9,3.7,1
ORD101405,1259.19,Footwear,5.5,Prepaid,5,0,248,Metro,3,4.0,0
ORD101406,59.41,Groceries,15.0,COD,3,1,244,Metro,4,3.8,0
ORD101407,1492.76,Beauty,13.6,COD,4,0,95,Tier3,3,4.2,0
ORD101408,2953.7,Groceries,3.3,COD,6,0,24,Tier3,5,4.3,0
ORD101409,450.36,Apparel,33.4,COD,5,0,544,Tier3,7,4.0,0
ORD101410,2655.41,Groceries,26.3,COD,3,0,544,Tier3,9,4.4,0
ORD101411,859.35,Groceries,38.9,Prepaid,4,1,750,Tier3,6,4.4,0
ORD101412,875.3,Footwear,35.3,Prepaid,4,0,130,Tier2,2,5.0,0
ORD101413,1530.46,Home,46.1,COD,4,0,40,Tier2,3,3.5,1
ORD101414,1411.8,Electronics,25.2,COD,4,1,24,Tier3,4,4.2,1
ORD101415,746.5,Beauty,19.5,Prepaid,4,1,1111,Tier3,7,3.8,0
ORD101416,1384.37,Electronics,25.5,Prepaid,3,1,1788,Metro,1,3.5,0
ORD101417,2785.65,Apparel,9.6,Prepaid,2,0,244,Metro,1,3.9,0
ORD101418,691.08,Books,19.1,Prepaid,4,1,756,Tier2,7,2.9,1
ORD101419,734.28,Footwear,2.0,Prepaid,8,0,523,Metro,7,3.5,1
ORD101420,2591.28,Groceries,23.0,COD,1,0,44,Tier2,7,3.7,1
ORD101421,1717.66,Electronics,12.9,COD,6,1,122,Metro,9,4.5,0
ORD101422,1614.51,Apparel,8.8,Prepaid,9,0,384,Metro,8,5.0,0
ORD101423,1406.79,Footwear,8.6,Prepaid,2,0,638,Metro,9,3.1,0
ORD101424,1608.08,Home,19.0,Prepaid,7,0,565,Metro,5,4.2,0
ORD101425,1900.77,Footwear,31.4,Prepaid,3,0,163,Metro,2,4.3,0
ORD101426,4007.99,Groceries,38.3,Prepaid,3,1,358,Metro,2,4.5,0
ORD101427,568.83,Apparel,24.4,Prepaid,7,1,509,Metro,6,2.9,1
ORD101428,2335.43,Beauty,23.0,COD,4,1,25,Tier2,3,4.5,1
ORD101429,164.64,Footwear,33.0,COD,3,1,97,Metro,9,3.4,0
ORD101430,108.38,Home,13.0,Prepaid,5,1,69,Metro,5,3.8,0
ORD101431,1454.02,Footwear,13.5,Prepaid,5,0,131,Metro,9,3.9,1
ORD101432,4013.39,Electronics,3.0,Prepaid,6,0,688,Metro,7,3.8,1
ORD101433,1002.97,Home,18.8,COD,6,0,8,Metro,3,3.7,0
ORD101434,1376.63,Beauty,24.9,Prepaid,2,1,660,Metro,8,3.6,0
ORD101435,305.03,Groceries,54.7,COD,7,0,133,Metro,1,3.7,0
ORD101436,973.13,Home,15.0,COD,4,1,330,Metro,7,4.0,0
ORD101437,909.69,Footwear,11.3,Prepaid,3,0,191,Tier3,6,4.2,1
ORD101438,616.74,Books,2.0,COD,4,0,103,Tier2,3,3.4,0
ORD101439,1240.53,Beauty,18.0,COD,2,0,231,Metro,9,3.9,0
ORD101440,778.54,Groceries,44.2,COD,6,1,348,Metro,1,3.7,1
ORD101441,3450.62,Groceries,16.9,Prepaid,0,0,305,Metro,9,4.7,0
ORD101442,1107.09,Apparel,14.1,Prepaid,4,0,27,Metro,7,4.5,1
ORD101443,3220.84,Beauty,11.3,Prepaid,2,0,584,Metro,4,4.4,0
ORD101444,285.99,Electronics,21.5,Prepaid,3,0,228,Metro,5,3.1,0
ORD101445,260.03,Groceries,31.4,Prepaid,4,0,138,Tier2,5,4.6,0
ORD101446,1613.87,Groceries,8.0,COD,4,1,99,Tier3,1,4.5,0
ORD101447,2076.19,Home,1.0,COD,2,2,698,Tier3,8,4.1,0
ORD101448,3073.38,Beauty,12.9,Prepaid,3,0,158,Metro,6,3.4,0
ORD101449,1361.1,Groceries,23.3,Prepaid,3,0,506,Tier3,7,4.0,0
ORD101450,1598.42,Beauty,5.2,Prepaid,1,1,820,Tier3,3,3.6,0
ORD101451,219.86,Beauty,16.0,Prepaid,3,0,166,Metro,1,3.5,0
ORD101452,542.94,Beauty,35.4,COD,4,0,352,Tier3,2,3.7,0
ORD101453,3017.39,Beauty,22.2,Prepaid,4,0,193,Tier2,7,3.5,0
ORD101454,399.3,Books,11.1,COD,6,2,420,Metro,5,3.9,1
ORD101455,2823.75,Electronics,7.0,Prepaid,5,2,681,Metro,1,3.8,0
ORD101456,1584.02,Footwear,4.5,COD,6,1,462,Metro,7,3.2,1
ORD101457,4564.22,Groceries,29.5,COD,4,0,623,Metro,5,4.3,0
ORD101458,3074.9,Home,50.7,Prepaid,5,1,571,Tier2,8,4.4,0
ORD101459,3105.87,Footwear,15.2,Prepaid,9,2,305,Tier2,5,4.9,0
ORD101460,597.53,Books,20.8,Prepaid,5,0,687,Metro,1,3.7,0
ORD101461,650.01,Electronics,25.9,Prepaid,8,0,66,Metro,8,4.5,1
ORD101462,2497.07,Electronics,11.3,COD,4,0,180,Tier2,2,4.5,1
ORD101463,1416.89,Groceries,2.8,Prepaid,8,0,134,Metro,3,4.3,0
ORD101464,3992.52,Apparel,23.5,Prepaid,4,0,329,Tier2,4,4.8,0
ORD101465,1573.17,Groceries,9.1,Prepaid,3,1,1438,Tier3,8,4.7,1
ORD101466,1834.57,Electronics,17.2,Prepaid,2,0,140,Tier2,2,4.3,0
ORD101467,1457.47,Home,7.2,Prepaid,2,0,183,Metro,9,3.8,0
ORD101468,1996.36,Groceries,12.0,Prepaid,8,0,41,Metro,2,3.8,0
ORD101469,1133.18,Home,9.4,COD,4,0,102,Metro,7,4.0,0
ORD101470,1414.85,Groceries,18.1,COD,3,0,431,Tier3,7,3.9,0
ORD101471,968.18,Apparel,19.5,COD,2,0,79,Metro,6,4.6,0
ORD101472,821.39,Apparel,24.5,COD,4,2,1270,Metro,6,4.0,0
ORD101473,2673.84,Books,15.3,Prepaid,6,1,57,Tier2,7,4.2,0
ORD101474,488.22,Groceries,7.3,Prepaid,2,0,21,Tier3,7,3.6,0
ORD101475,1985.22,Groceries,21.9,Prepaid,3,1,82,Metro,1,4.2,1
ORD101476,1689.64,Beauty,17.2,COD,3,0,356,Metro,7,4.0,0
ORD101477,1135.4,Footwear,10.1,Prepaid,4,2,103,Metro,1,4.3,0
ORD101478,2122.0,Beauty,27.5,Prepaid,2,0,252,Tier3,5,3.1,0
ORD101479,799.25,Groceries,2.2,Prepaid,5,0,152,Tier2,6,4.2,0
ORD101480,715.05,Electronics,34.7,Prepaid,2,0,335,Tier2,2,4.1,0
ORD101481,1291.32,Electronics,20.4,Prepaid,7,1,9,Tier2,7,4.1,1
ORD101482,794.73,Books,29.8,COD,3,0,254,Metro,9,2.8,0
ORD101483,991.73,Beauty,8.7,Prepaid,9,0,36,Metro,3,3.7,0
ORD101484,340.26,Electronics,13.7,Prepaid,5,0,271,Tier2,1,2.5,0
ORD101485,1456.59,Beauty,18.7,Prepaid,3,0,532,Tier3,1,3.9,0
ORD101486,531.39,Footwear,8.0,Prepaid,3,0,915,Metro,4,4.3,0
ORD101487,1669.67,Books,22.0,Prepaid,3,1,30,Tier3,5,4.4,0
ORD101488,789.2,Beauty,29.4,COD,11,1,321,Tier2,9,4.8,0
ORD101489,723.18,Beauty,5.3,Prepaid,4,0,569,Tier3,5,3.7,0
ORD101490,3161.28,Footwear,19.2,COD,1,1,607,Tier2,1,3.8,0
ORD101491,682.93,Footwear,12.3,Prepaid,6,0,319,Tier3,8,3.6,0
ORD101492,2426.8,Footwear,20.2,COD,5,0,279,Metro,6,3.9,0
ORD101493,2418.35,Books,22.8,Prepaid,8,0,113,Metro,5,3.0,1
ORD101494,350.07,Footwear,11.2,COD,4,2,2,Tier3,1,3.6,0
ORD101495,895.18,Beauty,12.1,Prepaid,2,0,243,Tier3,1,3.0,1
ORD101496,537.47,Home,4.1,COD,3,1,36,Tier2,6,3.4,1
ORD101497,1883.85,Footwear,19.6,COD,5,0,205,Metro,1,3.4,1
ORD101498,725.72,Footwear,46.6,Prepaid,2,0,77,Tier2,2,4.3,0
ORD101499,349.44,Apparel,10.2,COD,5,2,543,Tier2,9,3.8,1
ORD101500,1497.19,Electronics,11.9,Prepaid,4,2,131,Tier3,9,5.0,0
ORD101501,1192.13,Beauty,26.0,COD,2,1,76,Metro,7,4.0,1
ORD101502,359.83,Groceries,34.9,COD,3,2,246,Metro,8,3.8,0
ORD101503,3685.9,Groceries,22.5,COD,3,0,418,Metro,7,4.5,0
ORD101504,1995.03,Books,44.2,COD,0,0,186,Metro,7,3.8,1
ORD101505,2294.79,Books,28.5,COD,2,0,178,Metro,4,4.1,1
ORD101506,1790.53,Books,8.2,Prepaid,5,0,401,Metro,2,4.0,0
ORD101507,1138.92,Footwear,11.4,Prepaid,3,0,721,Metro,7,4.4,0
ORD101508,2449.67,Groceries,21.8,Prepaid,3,0,1363,Tier2,4,5.0,0
ORD101509,1179.12,Electronics,32.2,Prepaid,6,1,93,Metro,7,3.3,1
ORD101510,1633.48,Home,26.9,Prepaid,4,2,316,Metro,7,4.6,0
ORD101511,3769.43,Groceries,21.3,COD,3,0,361,Metro,6,4.4,0
ORD101512,1620.46,Apparel,4.7,COD,4,2,573,Metro,2,3.5,1
ORD101513,2996.09,Electronics,24.6,Prepaid,5,1,1245,Tier2,8,4.9,0
ORD101514,1491.65,Apparel,24.9,Prepaid,2,0,238,Tier2,2,4.1,0
ORD101515,997.42,Books,9.5,COD,5,0,285,Metro,4,5.0,0
ORD101516,1628.32,Home,7.8,Prepaid,3,0,234,Metro,9,4.7,0
ORD101517,378.74,Beauty,22.8,COD,6,2,387,Tier2,3,4.0,0
ORD101518,2073.29,Electronics,44.4,COD,4,1,382,Metro,9,3.8,0
ORD101519,1002.07,Apparel,22.0,Prepaid,5,2,157,Metro,1,4.2,0
ORD101520,764.52,Footwear,18.4,Prepaid,0,0,445,Metro,6,5.0,0
ORD101521,962.03,Beauty,23.2,COD,2,0,235,Metro,6,3.0,0
ORD101522,2063.83,Beauty,4.6,COD,1,1,36,Metro,9,3.7,1
ORD101523,3477.3,Electronics,6.6,COD,1,0,32,Metro,1,4.4,0
ORD101524,629.34,Beauty,19.0,Prepaid,4,0,101,Tier2,1,4.5,1
ORD101525,3040.37,Beauty,23.9,Prepaid,1,1,89,Tier2,7,4.6,1
ORD101526,1930.8,Beauty,34.7,COD,6,0,138,Metro,4,3.6,0
ORD101527,417.73,Home,15.7,Prepaid,4,2,233,Tier2,2,4.5,0
ORD101528,1153.64,Home,22.0,Prepaid,2,1,506,Tier3,5,3.2,0
ORD101529,475.99,Beauty,43.9,COD,2,0,299,Tier3,3,4.1,0
ORD101530,1506.2,Footwear,38.7,COD,4,2,87,Tier2,3,3.2,1
ORD101531,1585.35,Books,1.7,COD,4,1,342,Metro,5,3.2,0
ORD101532,243.01,Books,35.6,Prepaid,6,1,44,Metro,1,4.3,0
ORD101533,3093.18,Footwear,15.9,Prepaid,4,0,226,Metro,2,3.7,1
ORD101534,2014.58,Home,18.2,COD,4,0,503,Tier3,2,3.9,1
ORD101535,2404.52,Groceries,31.6,Prepaid,6,1,608,Tier2,4,3.9,0
ORD101536,1391.93,Electronics,14.2,COD,3,1,13,Metro,4,3.9,1
ORD101537,1603.42,Footwear,4.5,COD,6,0,2,Metro,4,3.2,0
ORD101538,1827.74,Home,33.5,Prepaid,5,0,205,Tier2,4,4.6,0
ORD101539,2687.36,Groceries,3.8,Prepaid,2,2,146,Metro,9,3.2,1
ORD101540,1727.0,Home,46.7,COD,1,1,10,Metro,5,3.9,1
ORD101541,1132.85,Groceries,16.0,Prepaid,3,0,156,Metro,1,4.2,0
ORD101542,3422.28,Books,7.7,COD,2,1,223,Metro,2,4.4,1
ORD101543,286.57,Apparel,4.9,Prepaid,4,2,82,Tier3,6,4.3,1
ORD101544,1185.54,Books,15.5,Prepaid,2,2,48,Tier2,4,4.7,0
ORD101545,1999.02,Apparel,21.9,Prepaid,2,1,929,Tier3,7,4.4,0
ORD101546,1101.04,Footwear,23.7,Prepaid,6,1,31,Tier2,4,3.8,0
ORD101547,1688.66,Electronics,22.3,Prepaid,5,1,1234,Tier3,8,3.8,1
ORD101548,1786.77,Apparel,25.3,Prepaid,5,1,179,Metro,9,4.2,1
ORD101549,4533.3,Beauty,16.3,Prepaid,2,1,976,Metro,3,4.1,0
ORD101550,346.69,Electronics,12.3,Prepaid,3,0,696,Tier3,4,3.8,0
ORD101551,369.35,Footwear,28.4,Prepaid,3,0,995,Metro,1,3.6,0
ORD101552,614.76,Books,11.2,Prepaid,4,0,1055,Metro,7,4.8,0
ORD101553,2524.14,Footwear,3.6,COD,4,0,399,Tier3,7,5.0,0
ORD101554,607.31,Groceries,8.1,Prepaid,5,1,628,Tier2,8,4.2,0
ORD101555,1631.27,Books,13.6,Prepaid,2,0,485,Metro,2,4.1,0
ORD101556,1264.81,Books,20.4,COD,8,1,317,Tier2,7,4.3,0
ORD101557,1712.03,Beauty,5.7,Prepaid,5,1,6,Tier2,1,3.6,0
ORD101558,1111.04,Apparel,5.8,COD,3,0,310,Metro,3,4.1,1
ORD101559,1000.02,Beauty,23.9,COD,1,0,164,Tier3,4,4.4,1
ORD101560,1397.63,Beauty,9.8,Prepaid,2,0,59,Tier3,4,4.0,0
ORD101561,664.71,Groceries,18.9,Prepaid,7,1,47,Metro,8,3.0,0
ORD101562,2013.66,Home,11.0,COD,5,0,573,Tier3,6,5.0,0
ORD101563,2221.55,Books,19.5,COD,2,0,517,Metro,3,3.2,1
ORD101564,2088.57,Apparel,19.6,Prepaid,4,0,499,Tier3,6,3.8,1
ORD101565,1299.45,Beauty,11.5,Prepaid,4,0,259,Metro,1,2.4,0
ORD101566,1025.66,Apparel,23.1,Prepaid,3,0,326,Metro,1,4.3,1
ORD101567,1522.81,Apparel,5.5,COD,2,2,32,Tier2,9,3.5,1
ORD101568,1568.9,Books,14.3,Prepaid,3,2,91,Metro,8,4.0,1
ORD101569,3575.58,Books,25.3,Prepaid,7,0,330,Tier2,1,4.3,0
ORD101570,2584.66,Books,5.9,Prepaid,3,1,31,Metro,9,3.5,0
ORD101571,3227.3,Beauty,20.3,Prepaid,1,0,30,Metro,8,4.2,1
ORD101572,595.72,Groceries,21.8,Prepaid,6,1,91,Metro,4,4.4,0
ORD101573,1953.53,Electronics,15.5,Prepaid,2,1,153,Metro,7,3.7,0
ORD101574,1455.36,Home,3.8,Prepaid,5,0,111,Tier3,7,4.0,0
ORD101575,928.65,Beauty,24.1,Prepaid,2,1,122,Tier2,2,4.0,0
ORD101576,919.54,Beauty,5.0,COD,7,1,140,Tier2,6,4.0,0
ORD101577,3004.28,Groceries,14.1,COD,3,0,287,Metro,3,2.8,0
ORD101578,2782.01,Home,22.0,COD,3,0,715,Tier2,4,4.7,0
ORD101579,6861.96,Apparel,23.7,COD,8,0,448,Metro,7,4.4,0
ORD101580,566.96,Groceries,14.7,Prepaid,3,0,2,Tier3,9,3.4,0
ORD101581,332.97,Apparel,12.2,Prepaid,9,0,78,Tier2,6,3.6,0
ORD101582,1193.61,Groceries,23.5,Prepaid,3,0,154,Metro,3,3.8,0
ORD101583,133.37,Groceries,23.8,COD,3,0,23,Metro,6,2.9,1
ORD101584,934.85,Books,13.9,COD,4,0,454,Metro,1,4.4,0
ORD101585,1894.43,Beauty,8.9,Prepaid,5,1,508,Tier3,7,4.1,0
ORD101586,470.36,Beauty,27.1,COD,5,1,283,Metro,5,3.4,0
ORD101587,233.12,Groceries,3.9,Prepaid,3,2,18,Tier2,5,3.6,0
ORD101588,5342.04,Groceries,6.1,Prepaid,2,0,279,Tier2,1,4.1,0
ORD101589,736.54,Books,6.0,COD,4,1,331,Tier2,8,3.9,0
ORD101590,1424.64,Beauty,18.7,COD,3,1,56,Metro,9,4.3,1
ORD101591,1545.53,Books,34.4,COD,1,1,21,Metro,5,3.7,0
ORD101592,1084.75,Groceries,27.0,COD,4,0,98,Metro,7,4.0,1
ORD101593,2163.8,Apparel,5.8,Prepaid,1,0,43,Tier2,6,4.0,0
ORD101594,1081.49,Groceries,46.1,COD,11,2,125,Tier3,2,3.5,0
ORD101595,1287.93,Electronics,23.1,COD,6,0,601,Tier2,3,4.0,0
ORD101596,1055.38,Books,8.2,Prepaid,7,2,837,Tier2,6,3.5,0
ORD101597,2063.68,Books,48.3,COD,4,1,118,Tier3,3,4.5,1
ORD101598,478.87,Beauty,3.7,Prepaid,5,0,536,Tier2,6,3.9,0
ORD101599,1739.57,Groceries,13.2,COD,2,0,490,Metro,3,3.8,1
ORD101600,1949.02,Electronics,24.0,Prepaid,4,0,101,Metro,8,3.4,0
ORD101601,360.75,Home,37.6,Prepaid,6,0,597,Metro,2,4.1,0
ORD101602,1709.12,Electronics,14.9,Prepaid,3,1,375,Metro,3,3.8,0
ORD101603,195.25,Books,8.9,Prepaid,2,0,307,Tier2,4,4.5,0
ORD101604,1518.05,Apparel,27.8,COD,6,2,959,Tier3,4,5.0,1
ORD101605,530.87,Electronics,41.5,Prepaid,4,0,46,Metro,2,4.3,0
ORD101606,2558.24,Books,19.6,Prepaid,1,0,41,Tier3,4,4.5,0
ORD101607,1312.85,Beauty,31.7,Prepaid,3,1,335,Tier3,4,4.3,1
ORD101608,1648.46,Books,17.3,Prepaid,5,1,72,Metro,7,3.6,0
ORD101609,2135.16,Groceries,45.2,COD,5,1,182,Tier2,4,4.6,0
ORD101610,1093.99,Home,43.3,COD,3,0,123,Tier3,8,4.1,0
ORD101611,1052.45,Groceries,12.2,COD,4,0,152,Metro,2,4.0,0
ORD101612,2146.4,Home,48.0,Prepaid,4,0,904,Tier3,7,4.6,0
ORD101613,175.25,Beauty,32.5,COD,3,0,272,Metro,2,3.5,0
ORD101614,2913.41,Apparel,38.3,Prepaid,1,0,53,Metro,6,2.8,0
ORD101615,1354.1,Apparel,26.1,Prepaid,3,0,1162,Tier2,7,4.4,1
ORD101616,2667.93,Groceries,15.1,Prepaid,6,0,309,Tier3,5,4.2,0
ORD101617,1479.03,Electronics,5.8,COD,6,0,176,Metro,6,3.6,0
ORD101618,944.97,Books,25.6,Prepaid,6,0,1245,Metro,4,3.5,0
ORD101619,1679.82,Beauty,17.0,Prepaid,7,1,211,Tier2,3,2.9,0
ORD101620,388.46,Groceries,17.4,Prepaid,5,1,609,Tier2,8,4.4,0
ORD101621,1286.79,Books,8.4,Prepaid,1,0,678,Tier2,7,3.6,0
ORD101622,1449.69,Beauty,40.1,COD,2,0,514,Tier2,5,3.9,1
ORD101623,220.55,Beauty,36.9,COD,8,2,938,Metro,5,3.8,1
ORD101624,1682.89,Groceries,25.9,Prepaid,7,1,407,Tier2,3,4.0,0
ORD101625,861.38,Groceries,27.4,COD,4,1,71,Metro,9,5.0,1
ORD101626,1409.34,Apparel,24.1,COD,7,0,459,Tier2,9,3.2,1
ORD101627,1973.91,Home,24.3,Prepaid,3,0,209,Tier2,6,4.4,1
ORD101628,1338.67,Books,33.3,COD,1,0,282,Tier2,9,4.1,1
ORD101629,826.95,Apparel,10.1,Prepaid,9,2,32,Metro,2,4.0,0
ORD101630,3251.58,Apparel,15.4,COD,4,0,5,Metro,7,4.4,0
ORD101631,787.26,Books,13.5,Prepaid,2,1,55,Metro,6,4.3,1
ORD101632,1597.35,Beauty,8.8,COD,7,0,81,Metro,6,3.4,1
ORD101633,2261.92,Groceries,14.9,Prepaid,4,0,70,Tier2,3,4.7,0
ORD101634,3307.6,Footwear,21.2,Prepaid,3,0,293,Tier2,8,3.7,0
ORD101635,596.24,Beauty,27.8,Prepaid,10,0,256,Metro,2,4.1,1
ORD101636,2438.9,Footwear,13.5,COD,5,0,70,Metro,3,3.9,1
ORD101637,2753.01,Groceries,42.2,COD,3,0,411,Tier2,2,3.7,0
ORD101638,2940.66,Books,32.4,COD,6,1,400,Tier3,3,3.5,0
ORD101639,1203.27,Groceries,10.1,Prepaid,8,2,7,Metro,3,4.3,1
ORD101640,3450.47,Books,8.2,COD,6,1,539,Metro,4,4.8,0
ORD101641,792.94,Groceries,14.6,COD,3,1,74,Metro,4,3.4,0
ORD101642,576.35,Footwear,11.9,COD,6,0,13,Metro,6,4.6,1
ORD101643,4000.72,Footwear,19.1,Prepaid,4,1,134,Metro,2,4.6,0
ORD101644,278.17,Groceries,9.7,Prepaid,0,0,252,Metro,2,4.5,0
ORD101645,550.09,Books,3.2,COD,1,0,210,Metro,8,4.5,0
ORD101646,1652.32,Footwear,25.6,COD,3,1,142,Metro,6,4.2,0
ORD101647,901.17,Groceries,12.8,Prepaid,2,0,215,Metro,6,4.6,0
ORD101648,1840.11,Footwear,9.1,COD,3,2,5,Tier3,8,4.1,1
ORD101649,2731.11,Electronics,24.2,COD,1,1,168,Metro,4,3.8,0
ORD101650,1284.38,Groceries,25.7,COD,7,1,376,Tier3,2,3.6,0
ORD101651,1687.14,Beauty,8.4,Prepaid,5,0,197,Tier2,7,4.3,0
ORD101652,1775.67,Apparel,16.4,COD,1,1,204,Tier2,4,2.7,0
ORD101653,1438.05,Apparel,7.0,Prepaid,4,3,5,Metro,8,3.4,1
ORD101654,1800.22,Footwear,39.6,Prepaid,2,0,141,Tier2,1,4.0,0
ORD101655,914.4,Home,18.9,Prepaid,4,0,103,Tier3,3,4.6,1
ORD101656,1120.56,Groceries,13.9,Prepaid,3,0,651,Metro,7,3.7,0
ORD101657,760.66,Beauty,28.1,Prepaid,2,1,238,Metro,9,4.7,0
ORD101658,2087.05,Groceries,27.3,Prepaid,0,0,234,Metro,7,4.9,0
ORD101659,958.39,Home,27.2,COD,3,0,265,Metro,9,4.3,1
ORD101660,845.52,Books,23.2,COD,5,0,453,Metro,1,2.9,1
ORD101661,1132.53,Footwear,18.6,Prepaid,4,0,51,Metro,1,4.9,0
ORD101662,1912.04,Apparel,15.1,Prepaid,2,1,398,Metro,8,4.2,1
ORD101663,1483.11,Apparel,13.0,Prepaid,3,0,216,Tier2,4,4.8,1
ORD101664,449.21,Groceries,37.3,COD,3,0,289,Metro,3,4.2,1
ORD101665,482.16,Beauty,20.3,COD,3,1,234,Metro,3,4.8,0
ORD101666,630.33,Beauty,28.8,Prepaid,3,0,312,Tier2,5,4.1,0
ORD101667,861.2,Books,43.6,Prepaid,9,0,120,Tier2,9,3.3,0
ORD101668,1292.88,Footwear,19.2,Prepaid,4,1,229,Tier2,4,3.6,0
ORD101669,732.54,Home,7.2,Prepaid,1,1,5,Metro,2,3.3,0
ORD101670,2106.48,Home,13.4,COD,5,0,1226,Metro,8,4.0,1
ORD101671,273.28,Beauty,11.2,Prepaid,2,0,1276,Metro,1,4.3,1
ORD101672,3186.23,Home,29.2,Prepaid,4,0,106,Metro,5,4.2,1
ORD101673,1847.84,Apparel,11.8,Prepaid,3,1,36,Metro,5,3.8,0
ORD101674,2496.82,Apparel,11.8,Prepaid,4,1,57,Metro,8,3.6,1
ORD101675,613.21,Groceries,8.2,COD,3,2,448,Metro,9,5.0,0
ORD101676,5266.81,Home,31.1,Prepaid,3,1,10,Tier2,5,3.6,1
ORD101677,1702.79,Apparel,32.1,Prepaid,3,1,152,Tier3,5,3.5,1
ORD101678,1483.85,Electronics,6.8,COD,5,1,831,Metro,2,4.6,1
ORD101679,608.36,Home,11.0,Prepaid,5,2,123,Tier3,1,3.6,0
ORD101680,1321.06,Beauty,4.0,COD,4,0,132,Metro,5,2.8,1
ORD101681,930.96,Electronics,27.8,Prepaid,8,1,876,Metro,8,4.2,0
ORD101682,470.48,Beauty,26.9,Prepaid,4,1,125,Metro,2,4.0,0
ORD101683,2317.05,Apparel,9.6,Prepaid,2,0,75,Tier3,4,4.9,0
ORD101684,1469.49,Home,15.7,COD,2,0,294,Tier3,6,3.5,1
ORD101685,523.7,Footwear,25.4,COD,5,1,617,Metro,9,3.6,0
ORD101686,2404.37,Groceries,12.9,COD,5,0,136,Tier3,8,3.0,0
ORD101687,591.28,Beauty,15.9,Prepaid,4,0,73,Tier2,2,4.4,0
ORD101688,1576.3,Apparel,20.2,COD,3,0,175,Tier3,3,3.9,1
ORD101689,833.05,Books,29.8,Prepaid,2,0,189,Metro,3,4.6,0
ORD101690,1291.71,Footwear,25.3,Prepaid,2,1,553,Metro,9,4.0,0
ORD101691,2701.12,Beauty,33.4,COD,6,2,61,Metro,6,4.8,1
ORD101692,989.78,Groceries,29.9,COD,3,1,176,Metro,4,4.0,1
ORD101693,2194.22,Home,31.4,COD,3,0,197,Tier2,1,5.0,0
ORD101694,1237.68,Footwear,2.7,Prepaid,2,0,21,Tier2,6,4.4,1
ORD101695,992.56,Groceries,34.4,COD,3,1,120,Metro,6,4.1,0
ORD101696,2262.82,Groceries,17.7,COD,2,0,12,Tier3,8,3.4,0
ORD101697,2321.89,Electronics,16.7,COD,3,1,150,Tier2,9,4.4,1
ORD101698,2055.72,Footwear,12.4,Prepaid,1,0,62,Tier2,9,4.0,0
ORD101699,1102.95,Groceries,28.7,Prepaid,3,0,248,Metro,5,3.9,0
ORD101700,910.04,Groceries,25.6,Prepaid,8,0,1115,Metro,1,3.6,0
ORD101701,380.69,Home,17.8,COD,6,0,63,Tier3,2,3.2,0
ORD101702,2278.47,Footwear,19.1,COD,6,0,555,Tier2,8,4.1,1
ORD101703,2550.74,Groceries,24.6,Prepaid,3,0,675,Tier2,1,4.3,0
ORD101704,3366.64,Beauty,20.2,COD,1,0,1438,Tier3,5,3.5,0
ORD101705,920.66,Electronics,26.5,Prepaid,6,2,815,Tier3,8,4.6,0
ORD101706,4822.87,Home,12.8,Prepaid,2,0,283,Metro,3,3.8,0
ORD101707,837.79,Footwear,18.9,Prepaid,3,2,333,Tier3,8,3.4,1
ORD101708,4985.27,Books,32.6,COD,3,0,61,Metro,5,4.1,1
ORD101709,1980.55,Books,33.4,Prepaid,4,0,107,Tier3,7,3.7,0
ORD101710,2260.86,Beauty,8.7,Prepaid,5,0,0,Tier2,5,5.0,0
ORD101711,1731.7,Beauty,7.3,COD,2,0,45,Metro,1,4.8,1
ORD101712,1916.6,Home,22.7,COD,2,0,400,Metro,4,3.2,0
ORD101713,2026.5,Electronics,47.6,COD,4,0,363,Metro,5,3.6,0
ORD101714,2153.61,Electronics,5.9,COD,4,1,547,Tier3,5,2.9,0
ORD101715,2346.22,Home,21.0,Prepaid,2,0,30,Tier2,2,3.5,0
ORD101716,1191.4,Home,21.4,COD,3,0,223,Metro,6,4.4,1
ORD101717,1172.79,Groceries,4.5,COD,3,0,72,Tier2,7,3.8,0
ORD101718,2621.8,Electronics,18.2,Prepaid,6,1,0,Metro,1,4.1,0
ORD101719,525.0,Footwear,19.2,Prepaid,4,1,523,Tier3,4,4.3,0
ORD101720,3996.73,Electronics,2.0,COD,6,0,78,Tier2,2,5.0,1
ORD101721,1042.97,Books,37.0,COD,8,1,723,Metro,8,3.6,0
ORD101722,4042.61,Books,8.2,COD,4,0,292,Metro,8,4.8,0
ORD101723,2385.61,Beauty,6.7,Prepaid,5,2,367,Tier2,8,4.2,0
ORD101724,480.26,Electronics,8.5,COD,4,0,43,Tier2,2,4.0,0
ORD101725,1003.35,Apparel,26.2,Prepaid,3,1,22,Metro,6,4.4,1
ORD101726,745.69,Home,34.2,Prepaid,3,0,65,Tier3,7,4.6,0
ORD101727,1967.17,Footwear,13.3,COD,7,1,54,Metro,6,3.8,0
ORD101728,1073.93,Books,21.0,Prepaid,5,1,65,Metro,4,3.5,0
ORD101729,948.64,Beauty,18.0,Prepaid,4,0,58,Metro,7,3.4,0
ORD101730,1935.37,Apparel,10.7,Prepaid,5,0,399,Metro,8,3.6,0
ORD101731,214.07,Home,9.9,COD,5,0,55,Metro,5,3.9,0
ORD101732,1112.99,Groceries,20.1,COD,2,0,380,Metro,8,4.1,0
ORD101733,2788.31,Home,13.9,Prepaid,5,1,348,Tier2,6,4.4,0
ORD101734,1003.81,Groceries,4.1,COD,7,2,214,Tier3,7,4.5,0
ORD101735,532.78,Apparel,24.7,Prepaid,3,2,597,Metro,1,3.6,0
ORD101736,425.13,Beauty,17.7,COD,0,0,191,Tier2,8,4.2,0
ORD101737,501.61,Groceries,9.6,COD,4,0,35,Tier3,3,4.1,0
ORD101738,2269.5,Beauty,17.6,Prepaid,3,0,172,Metro,4,4.2,0
ORD101739,2824.27,Beauty,19.3,Prepaid,3,0,14,Metro,6,5.0,0
ORD101740,3003.6,Footwear,37.5,COD,6,1,300,Metro,9,4.1,0
ORD101741,592.47,Electronics,11.1,Prepaid,3,1,293,Metro,1,4.6,0
ORD101742,110.23,Footwear,12.2,Prepaid,1,0,466,Tier3,2,3.6,0
ORD101743,741.2,Beauty,19.6,COD,4,0,35,Metro,4,3.6,0
ORD101744,3456.07,Groceries,32.7,Prepaid,0,0,280,Metro,8,4.6,1
ORD101745,2173.17,Electronics,18.2,COD,7,0,37,Tier2,8,3.2,1
ORD101746,862.85,Groceries,8.9,Prepaid,1,0,257,Tier3,2,4.8,1
ORD101747,2006.94,Beauty,26.8,Prepaid,4,2,126,Tier2,9,4.2,1
ORD101748,5096.55,Footwear,26.8,Prepaid,7,0,54,Metro,3,5.0,1
ORD101749,553.37,Groceries,5.2,Prepaid,4,3,334,Metro,9,3.5,0
ORD101750,900.65,Groceries,21.3,Prepaid,8,2,1235,Tier3,2,3.5,0
ORD101751,1695.64,Home,33.7,COD,6,0,1,Tier2,1,4.6,0
ORD101752,921.11,Electronics,17.8,COD,8,1,416,Metro,1,3.0,1
ORD101753,996.21,Home,36.1,COD,8,2,144,Tier3,5,3.7,0
ORD101754,1547.52,Beauty,13.7,Prepaid,3,0,41,Tier2,7,4.2,0
ORD101755,919.66,Groceries,28.6,COD,4,0,51,Tier2,4,5.0,0
ORD101756,2262.79,Electronics,25.8,Prepaid,3,0,545,Tier2,2,4.0,0
ORD101757,958.51,Beauty,23.9,Prepaid,2,0,767,Tier3,8,4.8,1
ORD101758,900.64,Groceries,23.4,Prepaid,4,0,200,Tier3,4,3.6,0
ORD101759,326.2,Footwear,7.3,COD,5,1,60,Tier2,1,4.0,1
ORD101760,1987.58,Beauty,21.0,Prepaid,2,0,495,Metro,8,3.5,0
ORD101761,1761.11,Apparel,2.6,COD,3,1,440,Metro,6,3.9,1
ORD101762,1113.92,Electronics,19.3,COD,5,0,102,Tier3,8,3.0,0
ORD101763,649.16,Beauty,37.2,COD,3,1,276,Tier3,2,3.9,1
ORD101764,1349.15,Apparel,8.8,COD,3,0,181,Metro,8,3.1,1
ORD101765,158.16,Electronics,25.8,COD,8,0,91,Metro,5,3.8,1
ORD101766,1152.03,Beauty,36.3,Prepaid,3,1,1959,Tier3,5,4.2,1
ORD101767,632.9,Beauty,5.4,COD,7,0,90,Tier2,5,3.5,0
ORD101768,423.44,Books,24.9,Prepaid,2,0,31,Metro,8,3.8,0
ORD101769,1412.7,Footwear,16.5,COD,1,1,285,Metro,5,3.2,1
ORD101770,1923.95,Groceries,23.2,Prepaid,4,2,784,Metro,5,2.8,1
ORD101771,1387.49,Footwear,17.8,Prepaid,3,0,145,Metro,1,4.1,0
ORD101772,3896.94,Apparel,27.7,COD,4,1,516,Metro,9,3.6,1
ORD101773,1259.64,Books,21.1,Prepaid,6,1,24,Metro,1,3.1,0
ORD101774,563.8,Home,28.0,COD,2,0,375,Metro,7,4.6,0
ORD101775,1016.86,Apparel,12.7,COD,6,3,126,Metro,8,3.5,1
ORD101776,2303.42,Electronics,43.1,Prepaid,3,1,122,Metro,2,4.2,1
ORD101777,499.29,Footwear,12.2,COD,6,1,349,Metro,4,3.9,0
ORD101778,485.43,Groceries,2.7,Prepaid,8,0,772,Tier2,7,3.1,1
ORD101779,2896.14,Electronics,41.3,Prepaid,4,0,120,Tier3,3,4.5,0
ORD101780,732.67,Books,23.0,COD,1,0,934,Metro,1,3.9,0
ORD101781,756.17,Footwear,54.6,COD,3,2,21,Tier2,2,4.6,1
ORD101782,858.98,Electronics,32.4,COD,4,0,822,Metro,7,3.6,0
ORD101783,6013.84,Footwear,24.0,COD,4,0,208,Metro,4,4.7,0
ORD101784,611.24,Footwear,23.6,Prepaid,4,1,283,Metro,3,3.7,0
ORD101785,603.68,Footwear,22.2,COD,5,0,108,Tier3,4,4.7,0
ORD101786,2518.17,Groceries,15.0,COD,4,0,8,Tier2,5,3.9,0
ORD101787,2172.91,Home,13.9,Prepaid,3,2,349,Tier3,2,4.1,1
ORD101788,1989.75,Electronics,12.2,COD,5,0,379,Metro,5,4.9,0
ORD101789,1703.76,Footwear,6.5,Prepaid,3,0,331,Tier3,4,3.8,0
ORD101790,887.77,Footwear,25.7,Prepaid,6,0,331,Metro,4,4.7,0
ORD101791,3120.37,Home,30.2,COD,2,2,519,Metro,4,3.5,0
ORD101792,1488.86,Beauty,14.0,COD,2,1,619,Metro,2,4.2,0
ORD101793,3553.11,Footwear,4.1,Prepaid,2,0,78,Metro,6,3.1,0
ORD101794,2181.24,Groceries,15.7,Prepaid,5,1,162,Metro,4,3.7,0
ORD101795,200.63,Groceries,24.7,Prepaid,4,0,105,Metro,6,3.2,0
ORD101796,1617.84,Footwear,41.4,Prepaid,2,0,752,Metro,4,3.9,0
ORD101797,488.3,Apparel,32.9,COD,1,0,4,Tier3,7,4.9,0
ORD101798,1539.44,Home,41.3,COD,4,0,636,Tier3,2,3.3,0
ORD101799,898.07,Books,9.4,Prepaid,4,1,512,Metro,4,3.9,0
ORD101800,1513.31,Home,14.0,Prepaid,5,2,64,Tier2,3,3.7,0
ORD101801,3087.02,Footwear,9.9,COD,5,0,580,Metro,5,3.3,1
ORD101802,3170.67,Apparel,19.9,COD,5,1,162,Metro,3,3.6,1
ORD101803,1221.09,Beauty,33.5,Prepaid,3,3,88,Metro,1,3.7,0
ORD101804,506.18,Apparel,6.2,COD,4,1,176,Metro,5,3.0,0
ORD101805,2719.91,Apparel,5.6,COD,5,1,34,Tier3,3,4.0,1
ORD101806,1677.4,Groceries,25.4,COD,4,0,456,Tier2,4,3.5,0
ORD101807,2189.73,Beauty,12.0,Prepaid,2,0,63,Tier2,4,4.3,0
ORD101808,3715.92,Groceries,11.8,Prepaid,3,0,416,Metro,8,5.0,0
ORD101809,2056.42,Groceries,10.9,Prepaid,4,0,91,Tier2,5,3.9,0
ORD101810,705.43,Groceries,21.5,COD,7,0,22,Metro,8,3.8,0
ORD101811,412.16,Beauty,15.8,Prepaid,3,2,638,Metro,1,4.0,0
ORD101812,411.84,Apparel,20.8,Prepaid,3,0,456,Metro,3,4.4,0
ORD101813,792.38,Books,18.2,Prepaid,2,0,372,Tier2,2,4.7,0
ORD101814,540.02,Home,9.1,COD,5,2,26,Tier3,7,3.5,1
ORD101815,2212.09,Electronics,30.4,COD,3,1,661,Tier3,4,4.5,0
ORD101816,407.51,Apparel,31.3,Prepaid,3,1,70,Metro,5,3.4,0
ORD101817,1112.64,Footwear,24.5,Prepaid,3,0,114,Metro,8,2.4,0
ORD101818,256.82,Footwear,30.2,Prepaid,3,1,143,Metro,7,4.3,1
ORD101819,1006.86,Books,35.7,Prepaid,4,0,173,Tier3,8,3.2,0
ORD101820,2271.33,Beauty,38.8,COD,3,1,175,Metro,5,4.3,1
ORD101821,1783.9,Footwear,33.4,Prepaid,1,1,445,Tier3,4,2.9,1
ORD101822,864.15,Beauty,18.7,Prepaid,5,1,33,Metro,6,3.4,0
ORD101823,2776.81,Beauty,17.5,Prepaid,4,1,70,Tier2,2,4.3,0
ORD101824,2387.22,Apparel,13.4,Prepaid,3,0,88,Metro,4,4.1,0
ORD101825,521.07,Apparel,18.3,Prepaid,2,1,218,Metro,4,2.7,1
ORD101826,2627.97,Footwear,26.3,COD,6,0,1318,Metro,1,4.0,1
ORD101827,401.33,Books,14.3,Prepaid,2,0,448,Tier2,8,4.5,0
ORD101828,2737.89,Groceries,39.2,Prepaid,0,0,91,Metro,4,4.1,0
ORD101829,2224.77,Apparel,22.3,Prepaid,3,0,62,Metro,4,3.7,0
ORD101830,4009.93,Footwear,34.1,COD,2,0,1085,Metro,1,4.5,0
ORD101831,4515.56,Groceries,19.6,COD,1,0,27,Tier2,2,3.9,0
ORD101832,547.02,Beauty,37.1,Prepaid,5,1,107,Metro,8,4.8,0
ORD101833,810.19,Home,22.1,COD,4,0,84,Tier3,6,4.0,1
ORD101834,4171.44,Books,11.2,COD,1,0,113,Tier2,1,3.6,1
ORD101835,1400.63,Home,11.2,COD,4,1,129,Metro,3,3.9,1
ORD101836,844.53,Home,31.0,COD,2,0,83,Tier3,1,4.8,0
ORD101837,1285.07,Beauty,30.2,Prepaid,4,2,742,Metro,4,3.0,0
ORD101838,201.12,Books,26.2,Prepaid,4,0,184,Tier3,5,3.6,1
ORD101839,1015.07,Books,11.9,Prepaid,9,1,142,Metro,9,4.0,0
ORD101840,1005.34,Home,6.4,Prepaid,4,0,399,Tier2,4,3.4,0
ORD101841,1506.82,Electronics,29.8,COD,6,1,112,Tier2,7,4.3,0
ORD101842,5415.26,Beauty,23.1,COD,9,0,1,Metro,3,4.2,0
ORD101843,965.64,Books,10.3,Prepaid,1,0,63,Metro,6,2.7,0
ORD101844,2073.99,Beauty,21.4,Prepaid,2,0,522,Tier2,4,3.7,0
ORD101845,962.05,Home,35.3,Prepaid,4,0,1069,Metro,1,4.6,0
ORD101846,569.76,Beauty,29.1,Prepaid,0,0,77,Tier2,7,4.7,0
ORD101847,642.75,Home,2.0,COD,2,0,354,Metro,7,4.8,0
ORD101848,1029.17,Beauty,32.6,Prepaid,6,1,437,Metro,8,3.9,1
ORD101849,916.6,Groceries,11.5,COD,3,0,49,Tier2,3,4.5,0
ORD101850,2925.94,Electronics,9.3,COD,2,1,174,Tier2,3,3.3,0
ORD101851,1324.6,Groceries,14.9,COD,5,1,339,Metro,4,4.5,0
ORD101852,1319.31,Home,11.0,COD,4,1,104,Tier2,1,4.6,1
ORD101853,944.89,Apparel,20.9,Prepaid,5,0,805,Tier3,2,4.6,0
ORD101854,348.63,Electronics,16.5,Prepaid,5,0,1291,Metro,5,4.6,0
ORD101855,471.4,Footwear,25.1,COD,3,0,306,Tier3,5,3.7,0
ORD101856,1612.75,Footwear,20.0,Prepaid,6,0,96,Tier2,6,4.4,1
ORD101857,3876.06,Electronics,33.4,Prepaid,3,2,301,Tier3,1,3.0,0
ORD101858,1980.15,Books,22.7,Prepaid,1,0,995,Tier2,2,3.5,0
ORD101859,1821.68,Footwear,27.2,COD,2,1,207,Metro,8,3.5,1
ORD101860,571.83,Books,9.6,Prepaid,0,0,12,Tier2,9,4.4,1
ORD101861,794.55,Footwear,29.1,Prepaid,3,1,132,Metro,8,3.9,0
ORD101862,346.08,Books,7.6,Prepaid,6,0,599,Tier2,5,3.3,1
ORD101863,515.77,Apparel,31.0,COD,6,0,41,Metro,7,3.1,1
ORD101864,1518.02,Books,31.7,COD,7,0,74,Metro,5,3.6,0
ORD101865,2258.53,Apparel,25.5,COD,6,1,105,Metro,8,3.7,1
ORD101866,360.83,Home,17.6,Prepaid,3,0,449,Tier3,9,2.9,1
ORD101867,1372.73,Apparel,27.1,Prepaid,3,0,10,Tier2,9,3.5,0
ORD101868,1421.2,Groceries,7.0,Prepaid,5,1,136,Metro,4,4.2,0
ORD101869,4593.79,Books,20.4,COD,1,0,518,Tier2,4,4.1,0
ORD101870,599.34,Books,8.9,COD,2,1,21,Metro,6,3.2,0
ORD101871,962.64,Apparel,13.6,COD,4,0,36,Metro,1,4.2,1
ORD101872,2779.02,Home,20.3,Prepaid,6,1,259,Metro,3,3.6,0
ORD101873,3548.61,Electronics,22.2,COD,4,2,287,Tier2,2,4.4,0
ORD101874,1380.18,Beauty,20.2,COD,5,0,33,Metro,5,3.2,0
ORD101875,1514.55,Footwear,27.2,COD,4,0,432,Tier3,4,3.9,1
ORD101876,1563.66,Home,22.5,COD,1,1,187,Metro,9,4.6,0
ORD101877,1140.5,Groceries,28.7,Prepaid,1,1,35,Tier2,5,4.6,0
ORD101878,75.01,Footwear,4.4,Prepaid,4,0,161,Tier3,3,4.4,0
ORD101879,1260.63,Groceries,6.3,Prepaid,1,0,65,Metro,6,4.2,0
ORD101880,1460.91,Books,6.4,COD,5,0,705,Metro,7,3.7,0
ORD101881,807.72,Groceries,37.0,Prepaid,4,1,11,Metro,9,3.8,0
ORD101882,3742.87,Electronics,33.3,COD,2,1,497,Metro,7,3.6,0
ORD101883,2559.25,Footwear,12.8,Prepaid,0,0,272,Tier3,3,4.0,0
ORD101884,2489.21,Books,14.5,Prepaid,5,0,823,Tier3,3,3.6,0
ORD101885,3489.08,Beauty,27.2,Prepaid,5,1,216,Tier3,5,2.7,1
ORD101886,4275.67,Books,7.9,COD,7,1,18,Tier2,5,4.4,0
ORD101887,904.8,Electronics,34.9,COD,2,2,1042,Tier2,1,3.8,0
ORD101888,1060.82,Footwear,21.2,Prepaid,5,1,123,Metro,5,3.7,0
ORD101889,702.2,Apparel,3.7,COD,3,1,376,Tier3,5,3.4,1
ORD101890,536.46,Footwear,33.8,COD,2,1,37,Metro,1,3.6,0
ORD101891,2185.39,Books,18.1,Prepaid,9,2,201,Metro,2,4.5,0
ORD101892,3549.02,Electronics,9.4,Prepaid,3,1,22,Tier2,6,4.5,1
ORD101893,1033.35,Books,14.2,Prepaid,3,0,272,Metro,2,4.1,0
ORD101894,1119.95,Electronics,3.0,COD,2,1,253,Tier3,2,3.4,1
ORD101895,3684.89,Footwear,21.1,COD,2,0,315,Tier3,6,4.3,0
ORD101896,283.84,Groceries,6.2,COD,5,1,165,Tier3,3,3.1,0
ORD101897,1207.51,Books,15.5,Prepaid,4,1,309,Metro,5,3.0,0
ORD101898,1359.04,Home,26.2,COD,3,0,457,Tier2,3,3.0,0
ORD101899,1435.01,Books,30.2,Prepaid,1,0,161,Metro,6,3.9,0
ORD101900,693.95,Beauty,19.2,COD,4,0,977,Tier2,1,3.3,1
ORD101901,4792.12,Books,29.0,COD,2,0,583,Tier2,7,3.9,0
ORD101902,1017.65,Home,9.4,COD,4,1,169,Tier2,4,2.9,0
ORD101903,862.03,Home,13.5,Prepaid,2,0,175,Tier2,8,3.3,0
ORD101904,3255.63,Electronics,33.7,COD,2,2,45,Tier3,1,4.0,1
ORD101905,1868.86,Books,24.5,Prepaid,1,0,14,Tier2,7,3.8,1
ORD101906,3234.43,Electronics,21.5,Prepaid,4,1,193,Metro,2,4.0,0
ORD101907,2685.67,Books,31.8,COD,5,1,836,Metro,4,4.0,0
ORD101908,1423.12,Apparel,19.9,Prepaid,8,0,104,Tier2,5,3.9,0
ORD101909,3397.81,Electronics,30.4,COD,4,1,825,Tier3,4,4.2,1
ORD101910,1112.52,Home,9.1,COD,4,1,144,Metro,6,3.5,1
ORD101911,1422.84,Apparel,16.7,Prepaid,4,0,298,Metro,8,3.7,0
ORD101912,4038.8,Beauty,22.4,Prepaid,6,0,210,Tier3,3,3.8,1
ORD101913,1210.29,Beauty,8.9,Prepaid,5,1,786,Tier2,9,4.7,1
ORD101914,3896.81,Electronics,21.7,Prepaid,4,0,203,Metro,1,3.7,0
ORD101915,816.51,Electronics,10.4,Prepaid,7,2,709,Metro,8,2.7,1
ORD101916,1697.07,Electronics,3.3,COD,2,0,225,Tier2,2,4.8,0
ORD101917,1099.96,Electronics,27.0,Prepaid,5,0,45,Metro,8,3.9,0
ORD101918,735.11,Beauty,34.9,Prepaid,1,0,227,Tier3,3,3.9,0
ORD101919,1845.02,Books,14.1,COD,1,1,31,Tier3,4,3.2,1
ORD101920,424.27,Footwear,18.4,COD,3,0,468,Metro,1,4.0,1
ORD101921,4785.95,Groceries,39.5,Prepaid,4,1,69,Tier2,6,4.5,0
ORD101922,549.71,Apparel,17.5,COD,3,0,235,Tier2,8,3.4,0
ORD101923,1416.64,Apparel,15.1,Prepaid,2,1,112,Tier2,8,3.2,0
ORD101924,442.35,Electronics,16.4,COD,6,0,427,Metro,5,3.4,0
ORD101925,3154.91,Books,24.6,COD,7,1,42,Tier3,9,4.9,1
ORD101926,155.06,Books,53.4,Prepaid,5,0,657,Tier3,5,3.8,0
ORD101927,878.94,Home,12.4,Prepaid,4,2,935,Metro,7,4.3,1
ORD101928,1571.48,Books,4.4,Prepaid,6,0,129,Tier3,7,4.3,1
ORD101929,1916.2,Home,17.7,COD,4,0,154,Metro,3,3.7,1
ORD101930,1237.29,Books,11.1,COD,3,0,621,Tier2,3,4.9,0
ORD101931,1376.16,Electronics,28.1,Prepaid,6,0,939,Tier3,2,4.2,0
ORD101932,812.18,Home,5.7,Prepaid,4,0,805,Metro,1,3.9,0
ORD101933,3715.52,Apparel,21.0,COD,3,1,61,Metro,8,3.4,1
ORD101934,660.94,Beauty,28.2,Prepaid,5,0,545,Metro,3,4.2,1
ORD101935,1142.51,Home,6.7,COD,8,1,384,Tier2,3,3.4,0
ORD101936,3274.36,Groceries,18.9,Prepaid,4,1,287,Metro,6,4.1,1
ORD101937,276.29,Footwear,25.2,COD,3,0,411,Tier2,7,3.5,0
ORD101938,1886.02,Home,8.2,COD,7,1,564,Tier2,8,4.8,0
ORD101939,2290.41,Beauty,12.9,COD,6,0,201,Tier3,8,4.3,0
ORD101940,618.63,Groceries,27.3,Prepaid,3,0,1148,Metro,7,3.0,0
ORD101941,658.71,Beauty,14.3,Prepaid,6,1,226,Tier2,6,4.8,0
ORD101942,629.34,Beauty,7.4,COD,2,0,23,Tier3,9,4.0,0
ORD101943,1595.77,Apparel,21.0,COD,3,1,287,Tier2,2,4.7,0
ORD101944,2025.01,Footwear,4.8,Prepaid,3,2,72,Tier3,9,4.4,1
ORD101945,3761.23,Books,28.8,Prepaid,4,0,146,Metro,9,4.0,0
ORD101946,1133.43,Groceries,34.9,Prepaid,2,1,63,Metro,6,5.0,0
ORD101947,2093.7,Footwear,24.7,Prepaid,3,1,22,Metro,3,3.5,1
ORD101948,298.29,Home,23.1,Prepaid,2,1,264,Tier2,6,3.4,0
ORD101949,1558.87,Groceries,10.8,Prepaid,3,0,216,Metro,6,3.2,0
ORD101950,3187.11,Home,32.2,COD,1,0,47,Metro,2,4.6,1
ORD101951,767.96,Groceries,3.4,COD,3,3,378,Tier2,8,4.1,1
ORD101952,1187.78,Beauty,24.7,Prepaid,4,0,328,Metro,6,3.8,0
ORD101953,505.96,Groceries,23.6,COD,7,0,205,Metro,2,3.8,0
ORD101954,830.9,Apparel,11.5,Prepaid,7,2,672,Metro,7,4.7,1
ORD101955,365.32,Footwear,17.0,COD,5,0,565,Metro,9,3.5,0
ORD101956,793.82,Groceries,3.6,Prepaid,4,0,132,Metro,7,3.5,0
ORD101957,3161.04,Groceries,10.7,Prepaid,3,1,324,Tier2,4,3.9,1
ORD101958,2109.29,Groceries,15.3,COD,5,1,317,Tier2,3,2.9,0
ORD101959,1254.68,Footwear,29.4,Prepaid,5,0,15,Tier2,9,3.8,0
ORD101960,2472.71,Books,8.5,COD,7,0,31,Metro,3,3.8,0
ORD101961,1088.51,Electronics,8.2,Prepaid,5,1,161,Tier3,6,2.7,0
ORD101962,908.62,Books,23.8,Prepaid,4,2,706,Metro,1,3.6,0
ORD101963,1766.66,Books,11.9,Prepaid,4,0,294,Metro,6,4.0,0
ORD101964,3677.26,Footwear,23.7,COD,0,0,85,Tier2,4,3.3,1
ORD101965,997.46,Books,14.6,COD,7,0,1570,Metro,3,3.8,0
ORD101966,1941.49,Home,23.7,Prepaid,2,1,209,Metro,4,4.1,0
ORD101967,907.3,Footwear,13.0,Prepaid,5,0,790,Metro,7,3.8,0
ORD101968,3219.59,Home,13.1,Prepaid,4,0,676,Metro,1,3.5,0
ORD101969,3130.91,Apparel,35.3,COD,2,0,35,Metro,4,4.0,0
ORD101970,1527.2,Groceries,13.5,Prepaid,7,1,213,Tier2,1,3.4,0
ORD101971,716.24,Footwear,11.0,Prepaid,4,0,664,Metro,3,4.7,0
ORD101972,1232.84,Home,13.8,COD,1,0,220,Metro,2,5.0,0
ORD101973,1146.89,Groceries,6.6,Prepaid,7,0,265,Tier2,3,4.0,0
ORD101974,857.78,Apparel,24.0,COD,5,0,107,Tier2,9,3.9,1
ORD101975,862.1,Home,14.9,COD,6,0,131,Metro,8,3.8,1
ORD101976,427.27,Groceries,3.9,Prepaid,3,1,166,Tier2,3,4.2,0
ORD101977,979.98,Books,26.4,Prepaid,2,0,230,Tier2,6,3.2,0
ORD101978,369.61,Books,22.2,COD,11,1,173,Tier2,1,3.9,0
ORD101979,105.91,Beauty,6.2,COD,3,0,576,Metro,4,4.9,0
ORD101980,2124.63,Beauty,30.0,Prepaid,0,0,333,Tier3,3,3.8,0
ORD101981,1551.22,Footwear,11.8,COD,3,1,57,Metro,7,4.5,0
ORD101982,1228.33,Books,18.9,COD,1,0,337,Metro,1,3.6,0
ORD101983,956.07,Footwear,13.2,COD,4,0,739,Tier2,5,4.4,0
ORD101984,1010.61,Home,15.7,COD,5,1,58,Metro,6,3.7,0
ORD101985,1780.9,Electronics,21.2,Prepaid,4,1,392,Tier3,3,2.6,0
ORD101986,2846.08,Home,5.6,COD,5,2,69,Metro,5,3.1,1
ORD101987,1703.5,Footwear,25.8,Prepaid,5,0,43,Tier3,6,3.9,0
ORD101988,1535.17,Home,21.4,COD,4,0,256,Tier2,4,4.4,1
ORD101989,1898.04,Home,49.9,Prepaid,7,1,27,Metro,1,4.7,1
ORD101990,3456.09,Apparel,27.8,Prepaid,7,1,645,Tier2,2,5.0,0
ORD101991,2506.03,Apparel,31.1,Prepaid,2,1,786,Tier2,6,2.2,1
ORD101992,1295.61,Books,14.2,Prepaid,5,0,108,Tier2,3,3.5,0
ORD101993,1643.78,Home,47.3,Prepaid,3,0,130,Tier2,7,4.4,1
ORD101994,2610.53,Apparel,26.0,COD,2,2,324,Tier3,7,4.5,1
ORD101995,2752.4,Home,26.5,Prepaid,7,1,401,Metro,6,3.7,0
ORD101996,2653.57,Beauty,12.9,Prepaid,4,1,255,Metro,3,3.4,1
ORD101997,1841.88,Home,20.8,Prepaid,1,1,7,Tier3,7,3.8,1
ORD101998,181.11,Beauty,52.2,Prepaid,9,0,255,Tier3,2,5.0,0
ORD101999,658.25,Electronics,13.2,COD,6,0,148,Tier2,1,2.7,0
ORD102000,664.02,Groceries,36.5,COD,7,1,672,Tier3,8,4.8,0
ORD102001,262.8,Books,9.4,Prepaid,4,0,241,Metro,2,4.1,0
ORD102002,559.62,Groceries,18.3,Prepaid,2,0,22,Tier3,6,4.1,1
ORD102003,1016.42,Apparel,29.9,Prepaid,2,1,13,Metro,4,4.4,1
ORD102004,265.43,Books,21.6,COD,6,0,8,Metro,9,3.1,0
ORD102005,991.62,Apparel,7.7,Prepaid,7,0,390,Tier2,4,3.8,1
ORD102006,708.55,Electronics,22.3,Prepaid,7,0,105,Tier3,6,4.1,0
ORD102007,2059.48,Home,46.2,COD,7,1,363,Tier2,3,3.7,0
ORD102008,1238.0,Apparel,22.7,COD,0,0,3,Metro,2,3.7,0
ORD102009,307.15,Apparel,7.9,Prepaid,3,0,210,Tier2,4,3.2,0
ORD102010,1519.74,Books,24.0,COD,2,1,73,Tier3,2,3.0,0
ORD102011,2739.86,Footwear,16.2,COD,6,1,268,Metro,3,4.2,0
ORD102012,1635.42,Apparel,4.2,Prepaid,4,2,159,Tier2,5,3.8,0
ORD102013,3056.32,Apparel,28.3,COD,4,1,146,Metro,2,3.8,1
ORD102014,1547.22,Groceries,6.8,Prepaid,3,1,177,Tier3,3,3.8,0
ORD102015,1607.82,Footwear,8.5,COD,3,2,813,Metro,8,3.8,1
ORD102016,1049.54,Footwear,2.9,Prepaid,4,0,102,Metro,5,4.7,0
ORD102017,1285.03,Electronics,18.6,Prepaid,1,0,312,Metro,7,4.4,1
ORD102018,584.64,Footwear,9.7,Prepaid,1,0,0,Metro,2,4.5,0
ORD102019,1923.08,Home,33.7,COD,4,1,8,Metro,1,3.8,1
ORD102020,695.3,Footwear,8.6,Prepaid,4,0,364,Metro,7,4.3,0
ORD102021,2654.87,Books,33.5,COD,3,0,233,Tier2,9,3.5,0
ORD102022,1296.78,Apparel,8.2,Prepaid,0,0,5,Tier3,1,3.8,1
ORD102023,1070.26,Books,0.8,COD,3,1,16,Tier3,7,4.1,1
ORD102024,879.2,Apparel,35.6,Prepaid,2,1,62,Tier3,5,3.8,0
ORD102025,810.15,Home,23.5,Prepaid,7,2,327,Tier2,4,4.0,1
ORD102026,997.77,Beauty,14.7,Prepaid,2,2,271,Metro,5,4.7,0
ORD102027,718.94,Home,22.3,Prepaid,4,0,285,Tier2,9,3.5,0
ORD102028,1145.02,Home,6.7,Prepaid,8,0,102,Metro,8,3.4,0
ORD102029,3065.59,Groceries,2.9,COD,6,0,468,Metro,5,3.6,1
ORD102030,1656.27,Apparel,15.2,Prepaid,5,1,169,Tier2,5,5.0,0
ORD102031,2369.26,Apparel,8.8,COD,3,0,26,Tier3,6,3.0,1
ORD102032,1397.55,Electronics,5.4,Prepaid,5,1,27,Metro,8,3.0,0
ORD102033,186.83,Electronics,12.1,COD,7,0,44,Tier2,9,3.8,1
ORD102034,1122.25,Home,16.3,Prepaid,5,0,208,Metro,6,4.3,1
ORD102035,2026.66,Footwear,15.2,Prepaid,4,0,282,Tier2,2,4.6,0
ORD102036,1886.61,Apparel,10.6,Prepaid,6,0,340,Tier2,6,4.1,0
ORD102037,2170.0,Beauty,25.4,Prepaid,2,0,80,Tier3,2,4.6,1
ORD102038,5658.61,Beauty,27.8,COD,9,1,617,Tier2,6,3.5,0
ORD102039,1533.82,Footwear,27.4,COD,5,0,1040,Tier2,5,4.4,1
ORD102040,1679.54,Electronics,8.7,Prepaid,3,0,121,Tier3,6,3.4,0
ORD102041,518.45,Books,2.0,COD,5,1,1170,Metro,2,3.7,0
ORD102042,1267.52,Books,34.7,COD,4,2,600,Metro,3,4.7,1
ORD102043,1341.28,Electronics,3.7,Prepaid,3,0,255,Metro,1,5.0,1
ORD102044,2740.33,Electronics,17.0,Prepaid,6,1,373,Tier2,8,3.8,0
ORD102045,2255.32,Electronics,4.3,Prepaid,6,2,6,Tier3,2,4.0,0
ORD102046,2551.56,Groceries,33.5,COD,3,1,84,Metro,6,4.4,0
ORD102047,364.45,Footwear,19.8,Prepaid,6,0,575,Tier2,5,4.2,0
ORD102048,1625.75,Beauty,13.4,Prepaid,4,2,66,Metro,8,3.8,0
ORD102049,2512.74,Electronics,29.3,Prepaid,2,1,300,Tier2,1,4.3,0
ORD102050,2885.66,Groceries,4.4,COD,4,2,253,Tier2,1,4.3,0
ORD102051,460.01,Beauty,34.6,Prepaid,3,1,317,Tier2,2,4.0,0
ORD102052,1696.32,Beauty,26.5,Prepaid,6,3,303,Metro,5,3.2,0
ORD102053,724.23,Beauty,7.7,Prepaid,6,0,13,Metro,6,3.7,1
ORD102054,1842.53,Groceries,5.2,Prepaid,5,1,298,Metro,8,4.3,0
ORD102055,863.4,Beauty,12.2,Prepaid,4,0,264,Tier3,9,4.0,0
ORD102056,479.62,Beauty,9.8,Prepaid,3,2,65,Metro,5,2.7,0
ORD102057,1012.05,Footwear,8.3,COD,1,1,96,Tier3,5,5.0,1
ORD102058,143.84,Apparel,33.1,COD,5,0,971,Metro,7,4.0,1
ORD102059,1233.06,Beauty,27.7,Prepaid,2,1,169,Metro,3,4.0,0
ORD102060,1378.61,Electronics,55.0,COD,3,0,935,Tier2,4,3.9,1
ORD102061,1346.81,Groceries,18.2,Prepaid,3,0,78,Tier2,8,3.8,0
ORD102062,2260.63,Electronics,9.2,Prepaid,4,0,240,Metro,3,4.3,0
ORD102063,3586.11,Electronics,17.7,COD,5,0,32,Tier3,4,4.9,1
ORD102064,1736.54,Books,13.4,COD,3,1,234,Metro,6,4.6,0
ORD102065,1289.8,Footwear,10.8,Prepaid,1,1,254,Tier2,1,4.4,1
ORD102066,2185.93,Footwear,36.6,Prepaid,5,1,210,Tier2,5,3.3,0
ORD102067,1733.76,Home,23.1,COD,2,2,621,Tier2,7,3.8,1
ORD102068,3220.95,Apparel,12.0,Prepaid,1,1,258,Metro,8,4.3,1
ORD102069,371.8,Electronics,20.0,COD,2,1,436,Tier2,4,4.3,1
ORD102070,1793.57,Home,32.4,COD,3,0,16,Metro,6,3.4,0
ORD102071,1701.54,Home,11.1,Prepaid,8,1,920,Metro,4,4.8,0
ORD102072,887.22,Footwear,27.9,COD,1,0,43,Metro,3,3.5,1
ORD102073,572.3,Electronics,8.9,Prepaid,2,0,48,Tier2,4,3.6,1
ORD102074,690.94,Books,14.7,Prepaid,5,1,47,Tier3,4,3.5,0
ORD102075,2561.36,Beauty,25.1,COD,3,1,505,Metro,8,4.1,0
ORD102076,1577.01,Footwear,11.5,COD,1,0,59,Metro,1,4.4,1
ORD102077,1068.82,Beauty,27.3,Prepaid,2,1,21,Tier2,7,3.4,1
ORD102078,1649.26,Footwear,27.2,Prepaid,3,1,35,Metro,4,3.7,0
ORD102079,279.8,Groceries,10.5,COD,3,0,822,Tier3,9,3.9,0
ORD102080,2592.53,Electronics,46.9,COD,1,1,36,Metro,6,4.7,0
ORD102081,2868.07,Beauty,24.0,Prepaid,3,1,931,Metro,9,3.8,1
ORD102082,807.77,Groceries,38.1,COD,7,0,441,Tier3,3,3.7,0
ORD102083,2196.35,Footwear,10.4,COD,3,1,350,Metro,3,2.9,0
ORD102084,624.66,Groceries,17.1,Prepaid,6,0,426,Tier3,8,3.1,0
ORD102085,1223.47,Apparel,15.0,COD,4,0,804,Tier3,7,4.2,0
ORD102086,3101.28,Books,40.7,COD,3,0,6,Metro,8,3.0,0
ORD102087,665.65,Home,20.6,Prepaid,7,0,806,Metro,3,3.4,0
ORD102088,951.78,Home,14.9,COD,7,0,171,Tier2,8,5.0,1
ORD102089,2300.73,Electronics,9.9,Prepaid,4,0,594,Metro,6,4.2,0
ORD102090,2197.37,Apparel,13.4,COD,3,1,260,Tier2,3,5.0,1
ORD102091,527.54,Books,15.7,COD,0,0,425,Metro,5,3.6,0
ORD102092,2429.15,Electronics,27.9,COD,6,2,6,Tier2,1,4.5,0
ORD102093,1096.82,Groceries,18.5,Prepaid,7,0,189,Tier2,9,3.6,0
ORD102094,1050.08,Home,4.7,COD,2,0,423,Tier3,5,4.9,1
ORD102095,939.65,Groceries,29.8,COD,3,1,250,Metro,3,3.7,0
ORD102096,1077.62,Groceries,13.7,Prepaid,3,0,155,Metro,8,4.3,0
ORD102097,47.63,Books,12.3,COD,4,2,282,Metro,9,3.4,1
ORD102098,2559.49,Groceries,43.1,COD,6,0,112,Tier3,4,4.1,0
ORD102099,475.56,Groceries,12.0,COD,1,0,30,Tier2,2,4.4,1
ORD102100,80.83,Home,5.6,COD,5,2,425,Metro,1,4.2,1
ORD102101,2291.66,Books,15.4,COD,5,0,312,Metro,5,3.9,0
ORD102102,1257.97,Apparel,39.1,Prepaid,5,0,119,Metro,5,4.2,1
ORD102103,1657.46,Home,20.8,Prepaid,4,0,540,Tier2,5,4.5,1
ORD102104,1496.12,Apparel,30.9,Prepaid,2,0,12,Tier2,5,4.2,0
ORD102105,1179.59,Electronics,18.4,Prepaid,4,0,215,Tier3,4,4.9,0
ORD102106,1152.21,Books,20.0,COD,3,0,1093,Tier3,9,3.7,1
ORD102107,2614.13,Beauty,13.4,Prepaid,4,0,281,Tier2,6,3.3,0
ORD102108,3526.58,Beauty,36.5,Prepaid,1,0,213,Metro,2,3.9,0
ORD102109,359.28,Groceries,39.3,Prepaid,7,2,83,Metro,4,3.5,1
ORD102110,486.48,Groceries,25.4,COD,5,0,375,Tier2,1,2.7,0
ORD102111,875.27,Books,33.5,Prepaid,4,0,1544,Metro,7,4.4,0
ORD102112,926.85,Books,8.3,Prepaid,5,0,347,Tier2,9,2.3,1
ORD102113,2163.47,Home,42.7,COD,4,1,216,Metro,5,4.4,1
ORD102114,1423.05,Groceries,10.2,Prepaid,2,1,450,Metro,6,4.3,0
ORD102115,3200.66,Apparel,25.2,COD,1,1,9,Metro,4,3.6,1
ORD102116,2019.42,Home,14.6,COD,4,0,61,Metro,2,5.0,1
ORD102117,1074.15,Electronics,14.9,Prepaid,2,2,78,Metro,1,4.1,1
ORD102118,811.83,Books,11.2,COD,2,2,299,Metro,3,3.7,0
ORD102119,543.9,Footwear,19.7,Prepaid,7,0,935,Metro,3,4.3,0
ORD102120,957.87,Footwear,5.1,COD,5,1,573,Metro,1,3.1,1
ORD102121,1882.95,Apparel,19.7,COD,6,1,643,Tier3,2,3.9,1
ORD102122,3153.68,Home,25.3,Prepaid,7,1,1100,Metro,9,4.2,0
ORD102123,1139.48,Groceries,11.5,COD,7,0,56,Metro,5,3.2,0
ORD102124,1949.98,Footwear,31.1,COD,5,0,160,Tier2,7,4.2,0
ORD102125,737.39,Beauty,11.4,Prepaid,4,0,100,Metro,9,3.5,0
ORD102126,1380.03,Electronics,26.6,COD,4,0,280,Metro,5,3.9,0
ORD102127,1333.22,Apparel,26.9,COD,5,1,911,Metro,1,3.8,1
ORD102128,942.98,Footwear,2.8,COD,6,1,79,Metro,5,3.9,1
ORD102129,973.08,Footwear,2.7,COD,4,1,227,Metro,6,3.7,0
ORD102130,1143.22,Apparel,19.2,COD,5,0,406,Metro,9,4.0,1
ORD102131,981.54,Home,20.4,Prepaid,7,0,210,Metro,1,4.0,0
ORD102132,1824.98,Home,5.6,COD,5,1,237,Tier2,8,3.7,1
ORD102133,1552.63,Books,26.1,Prepaid,3,1,85,Tier2,1,3.8,0
ORD102134,1876.19,Beauty,54.1,COD,5,0,146,Metro,3,3.2,0
ORD102135,3081.24,Apparel,21.1,Prepaid,5,0,141,Tier2,7,3.8,0
ORD102136,495.96,Footwear,9.6,Prepaid,1,1,652,Tier3,7,4.2,1
ORD102137,1714.25,Footwear,20.4,Prepaid,8,1,128,Metro,8,4.1,0
ORD102138,1042.06,Apparel,9.9,Prepaid,3,2,39,Tier3,7,4.6,0
ORD102139,3028.41,Apparel,46.4,Prepaid,3,0,325,Metro,3,4.8,0
ORD102140,89.03,Home,21.6,COD,5,0,773,Metro,6,4.3,0
ORD102141,1468.81,Home,42.1,Prepaid,6,0,62,Metro,8,4.6,0
ORD102142,3190.01,Home,5.2,Prepaid,5,1,96,Tier2,9,3.9,0
ORD102143,3738.64,Electronics,9.5,COD,3,0,799,Metro,1,4.4,0
ORD102144,3206.67,Apparel,5.1,COD,7,0,263,Tier2,6,4.9,1
ORD102145,2818.78,Books,12.6,COD,3,0,42,Metro,2,3.2,0
ORD102146,732.02,Beauty,28.6,COD,1,1,227,Tier3,3,3.4,1
ORD102147,302.96,Beauty,19.5,Prepaid,3,1,316,Metro,3,4.3,0
ORD102148,273.93,Beauty,16.0,Prepaid,4,0,144,Metro,7,4.1,0
ORD102149,2093.62,Books,23.4,Prepaid,2,0,36,Metro,8,4.3,1
ORD102150,1701.64,Electronics,15.4,COD,1,1,221,Tier2,1,3.9,1
ORD102151,402.73,Home,17.1,Prepaid,2,2,424,Metro,4,3.6,1
ORD102152,2651.51,Electronics,5.4,Prepaid,3,1,84,Tier2,8,4.1,0
ORD102153,2389.61,Apparel,9.0,Prepaid,4,1,222,Tier2,8,3.7,0
ORD102154,842.77,Footwear,21.4,Prepaid,6,0,41,Tier2,2,4.0,0
ORD102155,1754.16,Groceries,26.6,Prepaid,3,0,138,Tier3,4,4.0,0
ORD102156,932.16,Beauty,20.8,Prepaid,2,0,773,Metro,1,3.3,0
ORD102157,1060.08,Books,31.4,Prepaid,4,1,420,Tier2,3,4.6,0
ORD102158,1668.68,Beauty,4.4,COD,0,0,310,Metro,4,3.5,1
ORD102159,1132.87,Footwear,21.9,Prepaid,1,1,223,Metro,8,5.0,1
ORD102160,1493.48,Apparel,15.8,COD,5,0,56,Metro,7,3.3,1
ORD102161,2684.76,Beauty,10.3,Prepaid,6,2,234,Tier2,6,4.1,0
ORD102162,2602.0,Footwear,1.6,COD,4,0,354,Tier3,3,4.2,0
ORD102163,722.7,Electronics,20.7,Prepaid,5,1,178,Tier3,2,2.6,0
ORD102164,2156.04,Books,9.1,Prepaid,4,0,191,Metro,6,4.5,0
ORD102165,776.82,Apparel,25.9,COD,3,3,265,Metro,5,3.9,0
ORD102166,1842.77,Electronics,6.6,Prepaid,1,1,189,Metro,6,3.8,0
ORD102167,500.62,Apparel,28.8,COD,3,2,330,Metro,4,4.0,0
ORD102168,2909.75,Books,3.6,Prepaid,2,0,110,Metro,2,4.2,0
ORD102169,2152.53,Apparel,3.7,Prepaid,6,1,89,Tier2,5,4.9,0
ORD102170,492.11,Beauty,11.2,Prepaid,1,1,283,Tier3,3,4.1,0
ORD102171,949.02,Footwear,9.3,Prepaid,0,0,96,Metro,3,4.6,1
ORD102172,1553.51,Books,2.1,Prepaid,2,1,23,Tier2,6,4.5,0
ORD102173,1096.01,Beauty,32.8,COD,3,0,51,Metro,6,4.7,0
ORD102174,989.16,Beauty,14.3,Prepaid,7,0,271,Metro,1,3.7,0
ORD102175,1405.63,Electronics,16.3,COD,3,1,2,Metro,5,3.2,0
ORD102176,703.34,Apparel,16.7,Prepaid,3,1,414,Metro,2,5.0,1
ORD102177,697.16,Footwear,29.6,COD,10,0,1651,Tier2,4,3.2,1
ORD102178,2375.02,Beauty,6.7,COD,0,0,56,Tier2,7,3.3,1
ORD102179,653.09,Books,51.0,COD,5,2,145,Tier3,3,4.6,0
ORD102180,297.14,Home,22.1,Prepaid,2,0,345,Tier3,2,3.6,0
ORD102181,513.68,Books,16.0,Prepaid,4,0,119,Metro,8,4.2,1
ORD102182,1392.15,Books,12.2,COD,4,0,900,Tier2,7,4.5,0
ORD102183,813.86,Footwear,16.2,COD,2,0,172,Metro,4,5.0,0
ORD102184,1255.8,Books,9.1,COD,8,0,309,Metro,3,3.1,0
ORD102185,1619.89,Electronics,20.1,COD,6,0,235,Metro,9,4.0,0
ORD102186,239.0,Footwear,5.9,Prepaid,4,0,594,Metro,4,2.9,0
ORD102187,7256.12,Apparel,34.0,COD,3,0,941,Metro,5,4.1,0
ORD102188,793.84,Groceries,9.2,COD,4,0,7,Tier2,7,3.9,0
ORD102189,955.49,Books,14.6,Prepaid,6,0,93,Metro,2,4.7,0
ORD102190,3208.06,Electronics,16.9,Prepaid,5,0,125,Metro,5,4.1,0
ORD102191,4956.55,Footwear,40.0,COD,4,1,327,Metro,3,3.5,1
ORD102192,1969.5,Footwear,19.7,COD,6,0,35,Metro,1,5.0,0
ORD102193,1421.14,Apparel,20.9,COD,4,0,205,Tier3,8,4.5,1
ORD102194,3092.48,Apparel,34.6,COD,4,0,177,Tier2,3,4.2,1
ORD102195,3183.72,Home,23.0,COD,3,1,618,Metro,4,4.2,1
ORD102196,1697.12,Beauty,16.0,COD,2,0,29,Tier2,9,3.7,0
ORD102197,1007.8,Electronics,17.3,COD,3,0,6,Metro,2,4.6,0
ORD102198,1108.61,Groceries,11.9,Prepaid,3,2,600,Tier3,5,4.9,0
ORD102199,819.62,Home,12.3,COD,4,2,333,Tier2,7,3.5,0
ORD102200,1230.53,Footwear,8.5,COD,5,0,455,Tier2,6,3.7,1
ORD102201,1073.91,Electronics,29.5,COD,3,0,370,Tier2,6,3.4,0
ORD102202,2066.4,Beauty,15.9,Prepaid,7,3,117,Tier3,4,2.8,0
ORD102203,1240.79,Footwear,21.0,COD,2,0,86,Metro,2,4.1,0
ORD102204,749.84,Groceries,16.5,Prepaid,1,0,479,Metro,5,4.6,1
ORD102205,2693.79,Footwear,7.0,Prepaid,5,0,193,Tier3,8,4.4,1
ORD102206,2532.79,Books,8.1,Prepaid,11,2,73,Metro,2,3.3,0
ORD102207,1147.57,Apparel,22.0,COD,1,0,262,Metro,9,4.8,1
ORD102208,364.3,Footwear,7.4,Prepaid,3,1,319,Metro,3,4.3,1
ORD102209,604.15,Books,18.8,COD,5,0,71,Tier3,6,4.0,0
ORD102210,544.46,Groceries,15.5,Prepaid,4,1,570,Metro,3,4.5,0
ORD102211,2085.86,Beauty,17.9,Prepaid,7,3,545,Metro,2,3.6,1
ORD102212,2371.57,Home,21.0,Prepaid,6,1,164,Tier2,7,3.0,1
ORD102213,3294.5,Beauty,19.0,COD,6,1,999,Metro,3,4.3,0
ORD102214,1030.11,Apparel,7.8,Prepaid,6,0,140,Metro,8,3.7,0
ORD102215,1345.3,Home,3.8,Prepaid,4,2,130,Metro,8,3.0,0
ORD102216,1310.66,Groceries,27.0,Prepaid,4,1,21,Metro,6,3.3,0
ORD102217,232.0,Apparel,16.0,Prepaid,5,0,354,Tier3,8,4.4,0
ORD102218,1274.71,Home,40.3,Prepaid,4,1,145,Tier3,8,3.7,0
ORD102219,887.17,Apparel,1.2,Prepaid,2,0,333,Metro,6,4.3,0
ORD102220,2049.84,Groceries,13.4,COD,5,0,101,Tier2,7,3.4,0
ORD102221,1033.23,Beauty,21.0,Prepaid,3,0,502,Metro,4,4.7,0
ORD102222,2216.7,Groceries,7.0,COD,8,2,1684,Tier3,1,4.3,0
ORD102223,3800.63,Electronics,12.5,Prepaid,4,0,232,Metro,4,3.4,0
ORD102224,451.65,Books,7.3,Prepaid,4,1,83,Tier3,6,4.0,0
ORD102225,1286.0,Books,24.7,Prepaid,9,1,873,Tier3,3,3.4,0
ORD102226,915.01,Beauty,26.2,Prepaid,4,1,297,Tier2,9,4.1,0
ORD102227,1087.73,Footwear,21.7,Prepaid,3,0,462,Tier2,9,4.0,0
ORD102228,2969.76,Footwear,6.7,COD,6,2,164,Tier2,8,4.5,1
ORD102229,1425.07,Beauty,21.5,COD,5,1,69,Metro,3,4.8,1
ORD102230,1969.91,Footwear,22.9,Prepaid,5,0,93,Tier3,1,4.0,0
ORD102231,2009.46,Books,30.1,Prepaid,6,0,131,Tier2,9,3.9,0
ORD102232,2409.2,Footwear,13.4,Prepaid,2,0,223,Tier2,4,3.8,1
ORD102233,1076.79,Footwear,53.7,Prepaid,5,0,765,Tier2,1,4.5,0
ORD102234,805.02,Groceries,35.8,COD,1,0,766,Metro,4,4.1,0
ORD102235,141.08,Books,15.1,Prepaid,2,0,90,Tier3,4,4.2,0
ORD102236,1808.22,Electronics,1.1,Prepaid,1,0,653,Tier2,8,3.8,0
ORD102237,641.56,Books,4.1,COD,6,0,264,Tier2,4,4.3,0
ORD102238,908.57,Home,24.7,COD,5,2,146,Tier2,9,2.7,0
ORD102239,3993.83,Apparel,11.2,COD,3,0,48,Metro,3,4.6,1
ORD102240,542.82,Home,12.5,Prepaid,1,1,33,Tier3,1,4.0,1
ORD102241,1267.18,Books,15.3,COD,3,1,1250,Metro,1,3.9,0
ORD102242,2869.76,Books,31.0,Prepaid,3,0,17,Metro,5,3.5,0
ORD102243,2142.97,Books,9.1,COD,5,1,265,Tier3,8,4.8,1
ORD102244,1995.2,Electronics,24.3,COD,5,0,35,Metro,5,3.9,0
ORD102245,1684.6,Home,28.7,Prepaid,3,1,27,Metro,1,4.6,0
ORD102246,2017.16,Footwear,17.6,COD,3,1,83,Metro,4,4.6,0
ORD102247,5720.38,Footwear,30.1,COD,6,2,1039,Tier2,2,3.1,0
ORD102248,3068.78,Beauty,45.6,Prepaid,4,0,656,Tier3,4,4.3,0
ORD102249,793.9,Home,15.1,COD,3,1,76,Metro,7,3.2,1
ORD102250,1151.8,Groceries,19.0,COD,2,0,142,Metro,5,4.4,0
ORD102251,2498.85,Apparel,14.5,COD,10,1,527,Tier3,1,4.3,1
ORD102252,1896.16,Home,36.4,Prepaid,6,0,376,Tier3,9,3.3,1
ORD102253,2036.54,Footwear,7.0,COD,5,1,385,Tier3,2,4.0,1
ORD102254,78.23,Electronics,17.8,COD,4,0,304,Metro,8,4.7,0
ORD102255,972.05,Groceries,11.0,COD,6,1,163,Metro,6,4.4,1
ORD102256,575.48,Groceries,18.7,Prepaid,5,2,238,Metro,2,4.5,0
ORD102257,1258.74,Footwear,14.6,COD,8,1,28,Tier2,5,4.8,1
ORD102258,1774.85,Groceries,12.1,COD,9,1,118,Metro,8,3.3,0
ORD102259,853.12,Groceries,12.3,COD,1,1,27,Metro,3,4.1,1
ORD102260,2085.98,Groceries,6.2,COD,3,0,53,Tier2,7,3.4,0
ORD102261,2355.57,Home,7.6,COD,4,1,59,Tier2,1,2.4,0
ORD102262,682.63,Electronics,2.9,COD,2,0,272,Metro,3,4.1,0
ORD102263,693.95,Electronics,7.2,COD,3,0,131,Tier3,4,3.4,0
ORD102264,532.87,Apparel,38.7,COD,3,1,72,Tier2,6,5.0,0
ORD102265,2212.28,Electronics,7.3,Prepaid,3,2,299,Tier3,2,3.8,0
ORD102266,1536.2,Apparel,15.9,COD,3,0,289,Metro,4,3.7,1
ORD102267,1537.14,Beauty,21.7,Prepaid,4,0,169,Tier3,4,4.5,0
ORD102268,2989.17,Home,14.2,COD,3,0,1030,Metro,1,4.3,1
ORD102269,1383.13,Home,6.9,COD,7,1,80,Tier2,9,4.9,0
ORD102270,1719.08,Home,8.7,COD,6,1,201,Tier3,9,3.2,1
ORD102271,924.59,Groceries,6.4,Prepaid,0,0,315,Metro,6,3.7,0
ORD102272,6371.84,Footwear,22.5,COD,1,0,560,Metro,9,3.6,1
ORD102273,1394.04,Electronics,13.8,COD,3,0,102,Tier3,6,3.7,0
ORD102274,1477.28,Books,34.1,COD,4,0,341,Tier3,9,4.1,0
ORD102275,1952.82,Books,31.7,COD,3,0,101,Tier2,6,3.4,0
ORD102276,935.01,Apparel,29.5,Prepaid,6,0,102,Metro,7,4.3,1
ORD102277,4967.52,Electronics,7.4,Prepaid,6,0,668,Tier2,7,4.1,0
ORD102278,333.99,Electronics,20.3,COD,2,0,84,Tier2,5,3.4,0
ORD102279,2425.61,Home,12.0,Prepaid,3,0,100,Metro,6,4.1,0
ORD102280,2635.81,Home,8.7,Prepaid,3,0,150,Tier2,3,3.6,0
ORD102281,1658.24,Home,19.6,Prepaid,7,0,96,Tier2,4,4.2,0
ORD102282,731.5,Home,4.1,Prepaid,6,0,8,Metro,9,3.1,0
ORD102283,1562.54,Beauty,14.5,Prepaid,3,1,130,Metro,6,3.9,0
ORD102284,1884.55,Home,11.6,Prepaid,9,1,206,Tier2,5,4.4,0
ORD102285,3014.21,Footwear,6.7,COD,2,0,153,Metro,5,3.6,1
ORD102286,267.4,Books,29.6,Prepaid,4,2,24,Metro,7,2.7,0
ORD102287,2597.49,Beauty,9.4,Prepaid,5,0,38,Metro,6,4.7,0
ORD102288,321.22,Electronics,8.5,Prepaid,2,1,698,Metro,8,4.8,1
ORD102289,3052.91,Groceries,19.4,Prepaid,4,1,84,Metro,9,3.8,0
ORD102290,1343.35,Books,25.1,Prepaid,4,2,427,Metro,9,3.7,0
ORD102291,1066.96,Electronics,2.8,COD,4,0,92,Tier3,5,3.3,0
ORD102292,181.25,Electronics,21.3,Prepaid,3,0,665,Tier2,6,3.5,0
ORD102293,450.54,Beauty,27.3,Prepaid,5,0,194,Metro,4,4.8,0
ORD102294,2697.3,Books,26.7,Prepaid,3,0,118,Metro,4,5.0,0
ORD102295,1384.75,Apparel,38.1,Prepaid,5,0,34,Tier2,7,3.5,1
ORD102296,905.34,Books,18.4,Prepaid,1,1,378,Tier2,8,3.8,0
ORD102297,2849.09,Footwear,33.5,COD,7,0,192,Metro,1,4.6,0
ORD102298,1757.34,Electronics,19.2,COD,1,0,401,Metro,1,4.2,0
ORD102299,1748.52,Footwear,4.7,COD,5,1,799,Metro,4,4.7,0
ORD102300,308.24,Beauty,18.0,COD,4,0,215,Tier2,2,3.6,0
ORD102301,461.07,Electronics,4.0,Prepaid,1,0,1060,Tier3,8,3.8,1
ORD102302,200.16,Groceries,11.5,Prepaid,2,0,442,Tier2,7,4.4,0
ORD102303,441.14,Books,25.8,Prepaid,7,4,53,Tier3,8,4.3,0
ORD102304,2870.98,Apparel,6.6,COD,3,0,652,Tier2,1,4.2,1
ORD102305,1204.89,Apparel,28.5,Prepaid,2,2,366,Tier2,2,3.5,1
ORD102306,699.34,Home,30.1,COD,5,0,42,Metro,1,4.8,0
ORD102307,737.03,Books,46.5,COD,4,0,88,Metro,8,4.0,0
ORD102308,952.43,Beauty,30.2,Prepaid,0,0,213,Tier2,6,4.5,0
ORD102309,1650.04,Footwear,6.8,COD,4,0,780,Tier2,8,4.0,1
ORD102310,602.37,Home,39.1,Prepaid,2,2,23,Tier2,5,4.1,0
ORD102311,1340.25,Electronics,18.4,Prepaid,5,0,1026,Tier3,2,4.8,0
ORD102312,878.8,Books,29.8,Prepaid,5,1,484,Tier2,9,3.8,0
ORD102313,1810.88,Beauty,33.8,Prepaid,4,1,380,Metro,7,2.6,1
ORD102314,955.5,Home,29.1,COD,3,0,850,Metro,9,4.9,0
ORD102315,551.69,Groceries,15.9,Prepaid,4,0,151,Metro,8,3.7,0
ORD102316,1771.21,Apparel,24.5,COD,4,0,133,Metro,7,4.1,1
ORD102317,1174.78,Home,2.5,COD,5,2,822,Tier2,9,2.8,1
ORD102318,1876.12,Home,48.9,COD,2,1,425,Tier2,5,4.1,0
ORD102319,3522.78,Books,16.5,COD,1,0,201,Metro,1,4.1,1
ORD102320,660.11,Books,13.8,Prepaid,6,1,129,Metro,6,4.1,0
ORD102321,118.89,Electronics,33.6,Prepaid,2,0,325,Metro,9,4.9,1
ORD102322,284.2,Electronics,5.9,Prepaid,3,0,216,Tier3,8,4.3,0
ORD102323,2589.38,Groceries,35.8,COD,2,0,120,Metro,9,4.2,0
ORD102324,928.39,Electronics,33.5,Prepaid,2,1,664,Tier2,8,3.3,0
ORD102325,2403.77,Books,12.2,COD,3,0,316,Tier2,7,4.3,0
ORD102326,2142.99,Apparel,16.6,Prepaid,6,1,84,Metro,6,3.7,1
ORD102327,1224.73,Electronics,21.5,COD,3,0,1207,Metro,6,3.5,1
ORD102328,813.25,Electronics,17.0,Prepaid,3,0,307,Metro,3,4.2,0
ORD102329,1137.05,Home,36.1,COD,2,0,0,Tier3,4,4.5,1
ORD102330,723.59,Footwear,31.6,Prepaid,1,0,90,Metro,8,4.2,0
ORD102331,661.23,Groceries,37.5,Prepaid,4,2,26,Metro,7,4.2,0
ORD102332,2416.82,Footwear,27.9,Prepaid,6,0,190,Metro,6,4.1,0
ORD102333,764.27,Electronics,33.2,Prepaid,4,1,1183,Tier2,9,4.0,0
ORD102334,1782.25,Electronics,13.2,COD,9,1,39,Metro,3,2.8,0
ORD102335,1234.45,Home,29.1,Prepaid,3,0,269,Metro,3,3.5,0
ORD102336,2800.61,Footwear,19.7,COD,4,0,28,Tier3,9,4.5,0
ORD102337,1787.12,Books,19.7,COD,7,0,143,Tier2,8,3.7,0
ORD102338,3165.73,Electronics,26.4,COD,2,1,450,Metro,6,4.3,1
ORD102339,1114.4,Apparel,5.0,COD,4,1,501,Metro,4,3.3,0
ORD102340,3389.37,Beauty,15.6,COD,5,0,135,Metro,5,2.9,1
ORD102341,870.89,Apparel,11.1,COD,3,0,231,Tier2,3,3.8,0
ORD102342,1085.55,Beauty,16.4,COD,2,1,591,Tier2,6,3.8,0
ORD102343,4025.12,Apparel,25.6,COD,6,2,82,Metro,5,3.8,0
ORD102344,2121.13,Apparel,7.7,Prepaid,4,0,434,Tier3,1,4.0,0
ORD102345,738.3,Electronics,31.9,COD,3,1,60,Metro,9,4.5,1
ORD102346,1004.89,Home,44.9,Prepaid,4,0,189,Metro,5,4.1,1
ORD102347,2804.68,Electronics,20.4,COD,2,0,267,Metro,5,4.4,0
ORD102348,1829.08,Books,32.1,Prepaid,4,1,231,Tier3,6,3.6,0
ORD102349,998.99,Apparel,11.2,Prepaid,3,1,57,Metro,8,4.0,1
ORD102350,2593.74,Beauty,31.5,Prepaid,3,1,207,Tier3,7,3.9,0
ORD102351,1775.43,Home,20.5,Prepaid,3,3,0,Metro,5,4.5,0
ORD102352,610.04,Books,27.8,COD,2,0,59,Metro,6,3.6,1
ORD102353,2185.99,Apparel,14.4,COD,7,1,714,Metro,5,4.3,0
ORD102354,1012.52,Electronics,10.4,Prepaid,9,1,84,Tier3,6,4.7,1
ORD102355,3872.47,Apparel,41.0,COD,6,0,655,Tier3,7,3.8,1
ORD102356,246.75,Home,17.2,COD,7,2,554,Metro,1,4.2,1
ORD102357,1157.75,Groceries,7.1,Prepaid,3,1,591,Metro,2,3.9,0
ORD102358,632.99,Apparel,32.3,Prepaid,9,0,86,Tier2,2,3.6,1
ORD102359,1341.53,Groceries,23.2,Prepaid,7,1,391,Tier2,2,4.0,0
ORD102360,1234.36,Groceries,14.9,COD,2,1,327,Tier2,7,3.4,1
ORD102361,635.94,Footwear,2.8,COD,8,0,1269,Metro,1,3.2,0
ORD102362,878.4,Groceries,32.5,Prepaid,1,0,101,Metro,3,4.7,0
ORD102363,782.62,Electronics,27.0,COD,2,0,678,Metro,3,4.5,1
ORD102364,717.35,Home,6.2,COD,2,1,496,Tier3,4,3.6,0
ORD102365,828.63,Beauty,49.4,COD,7,0,542,Tier2,9,3.7,0
ORD102366,483.8,Apparel,15.8,Prepaid,1,1,309,Tier2,8,3.0,1
ORD102367,381.4,Footwear,16.1,COD,7,0,82,Metro,7,4.1,1
ORD102368,1434.42,Footwear,28.4,Prepaid,5,0,187,Tier2,7,3.5,0
ORD102369,1466.86,Footwear,11.6,Prepaid,4,0,76,Metro,8,4.8,0
ORD102370,1018.76,Apparel,12.6,COD,1,1,114,Tier3,4,3.8,1
ORD102371,3552.44,Groceries,27.0,Prepaid,5,0,40,Metro,6,3.7,0
ORD102372,1745.13,Beauty,27.1,Prepaid,2,0,2568,Tier3,5,4.2,0
ORD102373,1116.82,Beauty,39.3,COD,2,0,364,Metro,4,4.3,0
ORD102374,553.15,Footwear,22.7,COD,4,3,281,Metro,7,5.0,1
ORD102375,716.7,Beauty,20.4,COD,6,2,125,Tier3,3,4.1,1
ORD102376,720.9,Books,6.0,Prepaid,6,1,113,Tier3,3,3.7,1
ORD102377,1502.14,Footwear,31.8,Prepaid,3,1,149,Metro,7,4.3,1
ORD102378,2570.72,Apparel,23.1,Prepaid,0,0,72,Tier2,8,4.5,1
ORD102379,920.77,Books,43.5,COD,7,1,331,Tier2,5,4.9,0
ORD102380,3613.92,Beauty,24.9,COD,8,0,345,Tier2,9,3.5,1
ORD102381,4574.61,Beauty,21.5,COD,2,0,93,Metro,5,2.8,0
ORD102382,1738.23,Footwear,30.5,COD,1,0,56,Metro,6,4.0,0
ORD102383,3115.58,Groceries,35.2,Prepaid,3,0,345,Tier2,9,4.4,0
ORD102384,1003.06,Footwear,19.3,COD,8,0,164,Metro,9,2.2,1
ORD102385,764.65,Groceries,26.3,COD,2,2,711,Metro,9,4.1,0
ORD102386,297.73,Apparel,20.7,Prepaid,3,2,467,Tier3,2,3.8,1
ORD102387,2238.63,Footwear,33.6,COD,3,1,259,Tier3,5,2.9,1
ORD102388,1378.37,Beauty,14.2,Prepaid,5,0,356,Metro,9,5.0,1
ORD102389,3358.11,Beauty,16.9,COD,4,0,541,Tier3,8,3.5,1
ORD102390,905.3,Footwear,24.8,Prepaid,3,0,237,Tier2,1,3.8,0
ORD102391,1815.82,Home,16.9,COD,5,0,419,Tier2,2,3.5,0
ORD102392,932.77,Home,9.2,COD,2,0,401,Metro,4,3.1,0
ORD102393,1310.12,Footwear,36.5,COD,3,0,109,Metro,7,4.1,1
ORD102394,1163.14,Electronics,22.7,COD,6,0,37,Metro,5,4.0,1
ORD102395,1655.73,Apparel,7.0,COD,4,0,10,Metro,7,4.2,0
ORD102396,463.74,Books,7.2,COD,2,0,64,Tier2,8,3.4,0
ORD102397,778.76,Beauty,7.3,Prepaid,3,2,29,Tier3,1,4.2,0
ORD102398,2502.43,Apparel,13.7,COD,7,0,727,Tier3,6,3.4,1
ORD102399,1241.7,Home,22.7,Prepaid,4,0,181,Tier2,4,4.8,0
ORD102400,1719.07,Home,12.5,Prepaid,6,0,14,Tier2,8,3.3,1
ORD102401,899.09,Beauty,21.1,COD,2,0,541,Metro,4,4.4,0
ORD102402,1891.93,Groceries,12.0,Prepaid,1,0,126,Metro,7,4.2,0
ORD102403,3811.52,Footwear,20.4,COD,6,1,14,Metro,5,4.8,0
ORD102404,1993.21,Footwear,9.1,Prepaid,7,0,2,Tier3,6,4.9,0
ORD102405,1037.14,Apparel,39.5,Prepaid,4,0,222,Tier2,6,2.9,1
ORD102406,265.32,Beauty,6.3,Prepaid,5,0,326,Tier3,4,4.2,0
ORD102407,258.3,Home,21.5,Prepaid,3,0,174,Metro,5,4.5,0
ORD102408,1075.8,Groceries,23.8,Prepaid,3,0,450,Metro,6,3.5,0
ORD102409,196.17,Electronics,15.4,COD,5,1,413,Metro,1,4.5,0
ORD102410,2840.27,Electronics,4.9,COD,3,0,425,Metro,8,4.5,0
ORD102411,1333.17,Footwear,7.7,COD,2,0,384,Metro,9,4.2,0
ORD102412,5275.94,Footwear,2.1,Prepaid,1,1,20,Metro,6,3.6,1
ORD102413,3597.74,Groceries,27.9,Prepaid,5,0,127,Tier3,6,3.9,0
ORD102414,1405.47,Electronics,23.0,COD,3,0,101,Tier3,7,5.0,0
ORD102415,1259.18,Books,11.5,COD,6,1,142,Tier3,2,3.0,1
ORD102416,2052.49,Books,28.1,Prepaid,3,0,77,Metro,1,3.6,0
ORD102417,1281.26,Groceries,32.0,COD,3,0,55,Metro,5,4.7,1
ORD102418,1552.88,Electronics,25.6,Prepaid,4,0,634,Tier2,8,4.8,0
ORD102419,1668.19,Footwear,9.5,Prepaid,7,2,328,Tier2,5,2.8,0
ORD102420,4730.87,Books,13.4,Prepaid,4,1,88,Tier3,6,5.0,0
ORD102421,762.07,Beauty,25.1,Prepaid,4,0,102,Tier2,3,3.8,0
ORD102422,1088.64,Apparel,24.5,Prepaid,3,2,180,Metro,9,5.0,1
ORD102423,1641.68,Home,10.9,COD,5,0,342,Metro,2,4.3,0
ORD102424,1770.55,Footwear,17.5,COD,2,0,36,Tier2,6,4.6,0
ORD102425,1163.66,Home,11.6,Prepaid,8,0,271,Metro,6,3.8,0
ORD102426,2818.25,Books,12.2,COD,3,0,102,Metro,2,3.4,0
ORD102427,1882.66,Electronics,8.6,Prepaid,3,0,129,Metro,2,4.6,0
ORD102428,362.91,Groceries,6.7,COD,5,0,40,Tier2,6,3.7,0
ORD102429,1779.86,Beauty,15.5,Prepaid,2,2,324,Tier2,7,3.4,0
ORD102430,672.85,Footwear,29.8,COD,6,0,125,Tier2,6,3.7,0
ORD102431,2150.52,Footwear,14.4,COD,6,0,126,Tier2,3,3.6,0
ORD102432,2366.66,Beauty,3.3,Prepaid,4,1,13,Metro,7,4.5,0
ORD102433,2143.07,Footwear,8.4,COD,6,1,59,Tier3,9,3.3,0
ORD102434,3909.54,Footwear,19.5,COD,2,1,78,Metro,8,3.6,1
ORD102435,4494.64,Groceries,22.6,Prepaid,5,1,71,Tier3,4,3.0,0
ORD102436,2692.26,Apparel,3.4,Prepaid,5,0,20,Metro,7,4.5,1
ORD102437,1229.51,Home,50.6,Prepaid,8,1,307,Metro,8,4.3,0
ORD102438,4118.86,Electronics,8.8,COD,2,1,610,Metro,7,4.6,0
ORD102439,1674.87,Beauty,18.7,Prepaid,4,2,252,Tier2,3,5.0,0
ORD102440,4331.06,Books,4.8,Prepaid,5,0,153,Tier2,5,3.6,0
ORD102441,1065.3,Apparel,23.8,COD,6,1,231,Tier2,2,3.7,0
ORD102442,589.89,Apparel,33.6,COD,8,1,455,Tier3,4,3.9,0
ORD102443,4302.65,Groceries,7.5,Prepaid,7,0,117,Metro,6,3.3,0
ORD102444,1572.96,Apparel,11.7,COD,4,0,34,Tier2,4,3.9,1
ORD102445,1216.89,Groceries,10.2,Prepaid,1,1,870,Metro,6,3.3,0
ORD102446,667.31,Apparel,28.1,Prepaid,2,0,192,Metro,2,4.5,1
ORD102447,1072.48,Groceries,9.3,Prepaid,5,0,422,Tier3,7,4.2,0
ORD102448,502.51,Home,12.2,COD,3,2,226,Metro,6,4.7,1
ORD102449,1779.31,Groceries,9.8,COD,5,0,270,Tier3,2,4.8,0
ORD102450,3001.93,Electronics,4.4,COD,6,0,47,Tier2,9,3.9,0
ORD102451,2236.11,Apparel,6.4,COD,3,0,77,Tier2,9,3.2,1
ORD102452,300.06,Books,10.8,COD,6,1,24,Tier3,5,3.6,0
ORD102453,698.97,Electronics,7.4,COD,1,0,1044,Metro,1,3.9,1
ORD102454,613.96,Home,25.0,COD,4,1,194,Metro,7,3.8,0
ORD102455,1592.61,Footwear,11.4,Prepaid,3,0,227,Tier3,8,4.0,1
ORD102456,5046.43,Electronics,4.5,Prepaid,3,1,264,Tier2,9,4.0,0
ORD102457,3782.45,Home,31.1,Prepaid,4,0,232,Tier3,1,4.3,0
ORD102458,407.42,Books,21.9,COD,4,0,59,Tier2,8,4.4,0
ORD102459,1954.97,Apparel,39.6,COD,7,0,64,Metro,6,4.6,1
ORD102460,2697.91,Books,26.7,Prepaid,2,1,823,Tier2,1,4.0,0
ORD102461,402.88,Books,28.1,Prepaid,4,0,126,Tier3,2,4.4,1
ORD102462,1212.54,Groceries,25.1,Prepaid,4,1,172,Metro,7,4.2,0
ORD102463,3100.68,Home,39.1,COD,4,0,356,Tier2,7,3.4,0
ORD102464,867.21,Apparel,7.2,COD,2,0,476,Metro,5,3.9,0
ORD102465,1872.25,Home,6.3,Prepaid,2,0,85,Tier3,6,4.2,0
ORD102466,644.6,Electronics,6.3,COD,1,0,228,Tier2,8,3.4,0
ORD102467,853.91,Apparel,7.7,COD,6,0,276,Tier3,3,4.0,1
ORD102468,466.2,Footwear,11.5,COD,6,0,65,Tier2,1,2.8,0
ORD102469,350.8,Home,21.3,Prepaid,4,0,132,Metro,6,3.6,0
ORD102470,1451.13,Apparel,13.5,COD,6,1,230,Metro,7,3.7,1
ORD102471,3733.12,Home,16.4,Prepaid,7,1,12,Tier3,7,3.4,0
ORD102472,2578.91,Footwear,7.3,COD,1,0,278,Metro,4,4.8,1
ORD102473,486.87,Electronics,15.8,COD,3,0,50,Tier3,2,3.1,1
ORD102474,1617.25,Books,0.8,Prepaid,0,0,22,Tier3,6,4.7,0
ORD102475,350.65,Beauty,24.6,Prepaid,6,0,714,Metro,5,3.6,0
ORD102476,1714.22,Beauty,25.9,COD,3,0,333,Metro,4,2.4,0
ORD102477,2260.26,Apparel,3.3,COD,2,1,170,Tier2,1,4.6,1
ORD102478,2951.97,Beauty,17.2,Prepaid,0,0,28,Metro,1,3.4,0
ORD102479,2352.24,Beauty,6.6,COD,2,2,550,Tier2,2,4.1,0
ORD102480,1899.44,Books,24.7,Prepaid,6,0,151,Metro,8,5.0,0
ORD102481,626.28,Groceries,20.0,Prepaid,4,0,197,Tier2,5,3.1,0
ORD102482,2260.13,Electronics,38.4,Prepaid,4,0,72,Metro,5,4.6,0
ORD102483,286.39,Electronics,15.3,COD,1,1,126,Tier2,5,3.4,1
ORD102484,2235.01,Footwear,18.8,Prepaid,3,0,160,Metro,1,4.0,0
ORD102485,943.61,Apparel,7.8,COD,8,1,13,Metro,8,4.7,0
ORD102486,1735.18,Beauty,35.9,Prepaid,1,0,166,Metro,3,3.6,0
ORD102487,1723.12,Apparel,20.6,COD,6,0,212,Tier2,8,4.0,0
ORD102488,3001.77,Apparel,21.4,COD,2,1,112,Metro,4,3.5,1
ORD102489,460.23,Apparel,31.3,COD,3,0,2,Tier2,8,4.9,0
ORD102490,510.35,Apparel,6.5,COD,2,0,950,Tier2,1,4.1,0
ORD102491,1189.67,Apparel,10.2,Prepaid,3,1,32,Metro,1,4.5,0
ORD102492,724.59,Books,26.3,COD,9,1,254,Metro,7,4.8,1
ORD102493,1135.53,Footwear,13.1,COD,3,1,92,Metro,9,4.7,1
ORD102494,3093.92,Footwear,45.4,COD,1,0,344,Metro,5,5.0,0
ORD102495,2679.99,Home,20.6,COD,5,2,438,Tier2,5,2.7,1
ORD102496,1200.1,Apparel,28.0,Prepaid,3,2,399,Metro,4,4.2,0
ORD102497,829.44,Electronics,26.6,Prepaid,1,0,301,Tier2,2,3.6,0
ORD102498,390.58,Electronics,14.0,Prepaid,5,1,270,Tier3,1,3.9,0
ORD102499,1579.15,Electronics,14.9,Prepaid,6,1,234,Tier3,4,3.8,0
ORD102500,926.67,Books,23.1,Prepaid,4,0,313,Metro,4,3.6,0
ORD102501,596.69,Electronics,34.0,Prepaid,6,0,6,Metro,6,4.1,0
ORD102502,1195.88,Home,19.1,Prepaid,4,1,52,Metro,2,4.5,1
ORD102503,997.8,Footwear,2.6,Prepaid,6,1,7,Metro,7,3.5,0
ORD102504,1187.98,Beauty,15.4,Prepaid,6,2,94,Metro,1,3.3,0
ORD102505,1912.79,Electronics,13.1,COD,4,0,32,Tier2,9,4.3,1
ORD102506,3423.85,Electronics,20.1,COD,5,0,1320,Tier3,4,3.2,0
ORD102507,4098.03,Apparel,15.9,COD,3,0,300,Tier3,1,3.6,1
ORD102508,1889.13,Books,14.0,COD,4,1,705,Tier2,4,3.3,0
ORD102509,1069.05,Footwear,16.4,COD,4,1,171,Metro,6,3.5,0
ORD102510,293.39,Home,27.2,COD,3,0,787,Tier3,3,5.0,0
ORD102511,2077.3,Books,13.8,COD,2,1,92,Tier2,6,5.0,1
ORD102512,317.38,Footwear,7.7,COD,8,1,111,Metro,9,3.8,1
ORD102513,3183.52,Beauty,9.5,Prepaid,5,0,1499,Tier2,8,4.1,0
ORD102514,1142.45,Groceries,17.8,COD,4,0,360,Metro,8,3.7,1
ORD102515,889.53,Footwear,40.3,COD,6,0,691,Metro,5,3.7,0
ORD102516,892.66,Apparel,20.2,Prepaid,2,1,186,Tier3,5,4.4,0
ORD102517,827.81,Groceries,23.0,COD,2,1,723,Tier2,1,4.0,0
ORD102518,1556.19,Books,11.8,Prepaid,5,1,88,Metro,5,3.7,0
ORD102519,2089.3,Home,28.6,COD,5,0,9,Tier3,4,3.9,1
ORD102520,474.57,Apparel,25.2,Prepaid,10,1,174,Metro,6,2.9,0
ORD102521,672.26,Books,27.7,COD,2,0,58,Tier3,6,3.7,0
ORD102522,436.89,Electronics,47.0,Prepaid,6,1,207,Tier3,1,3.4,0
ORD102523,176.74,Home,14.8,COD,5,1,369,Metro,1,3.9,0
ORD102524,1153.3,Apparel,25.6,COD,4,3,212,Tier2,3,3.7,1
ORD102525,1893.7,Beauty,25.8,Prepaid,9,0,238,Tier2,9,4.5,0
ORD102526,1844.96,Electronics,16.7,Prepaid,3,2,471,Tier2,6,3.8,0
ORD102527,2074.1,Beauty,11.2,COD,3,0,25,Metro,6,4.5,1
ORD102528,2502.78,Electronics,35.8,Prepaid,2,2,477,Tier2,3,4.5,0
ORD102529,392.8,Beauty,37.6,Prepaid,3,3,73,Tier2,3,4.3,1
ORD102530,1124.58,Home,22.7,COD,0,0,988,Tier2,1,4.5,0
ORD102531,2430.01,Apparel,22.5,Prepaid,4,1,117,Tier3,8,4.4,0
ORD102532,156.12,Beauty,29.4,Prepaid,5,0,351,Metro,1,3.8,0
ORD102533,798.46,Footwear,22.1,Prepaid,3,1,370,Tier2,9,4.1,0
ORD102534,1738.93,Apparel,20.9,Prepaid,5,1,546,Tier2,1,3.5,0
ORD102535,2790.09,Footwear,4.5,COD,3,0,143,Tier3,7,4.5,1
ORD102536,1051.84,Groceries,8.3,Prepaid,2,1,222,Tier2,6,4.7,1
ORD102537,1462.14,Books,29.8,Prepaid,3,0,220,Tier2,4,3.8,0
ORD102538,2741.89,Footwear,18.4,Prepaid,7,0,353,Tier3,8,5.0,1
ORD102539,2303.5,Books,21.7,COD,3,0,38,Tier2,2,4.1,0
ORD102540,1871.06,Apparel,13.9,Prepaid,2,0,133,Tier2,8,3.5,1
ORD102541,2855.92,Groceries,9.1,COD,5,0,519,Tier2,6,4.3,1
ORD102542,1299.12,Beauty,31.1,Prepaid,5,1,71,Tier2,4,4.6,0
ORD102543,3552.66,Apparel,13.7,Prepaid,4,0,164,Tier3,4,4.1,0
ORD102544,2154.06,Groceries,22.1,COD,5,0,68,Metro,7,4.4,0
ORD102545,1553.65,Books,10.9,Prepaid,6,1,0,Metro,1,4.4,0
ORD102546,3041.09,Books,24.7,Prepaid,5,2,19,Metro,7,4.1,0
ORD102547,246.18,Electronics,8.4,COD,5,1,259,Tier2,4,4.5,1
ORD102548,851.23,Beauty,3.9,COD,1,1,60,Metro,5,3.8,1
ORD102549,3428.6,Beauty,26.9,Prepaid,2,1,191,Metro,2,4.7,0
ORD102550,1380.06,Electronics,27.0,COD,6,0,205,Metro,2,4.5,1
ORD102551,2288.14,Footwear,33.4,Prepaid,2,1,313,Tier3,7,3.9,0
ORD102552,651.73,Books,33.1,Prepaid,4,0,243,Metro,1,4.3,0
ORD102553,363.79,Footwear,48.9,Prepaid,5,1,226,Tier2,3,3.5,1
ORD102554,2234.34,Groceries,34.4,COD,5,0,17,Metro,8,5.0,0
ORD102555,1969.15,Footwear,9.9,COD,3,1,34,Tier2,2,3.5,1
ORD102556,1231.44,Apparel,11.3,Prepaid,4,0,256,Metro,9,4.0,0
ORD102557,867.08,Groceries,11.8,COD,5,4,416,Metro,3,3.3,1
ORD102558,1990.61,Books,16.0,Prepaid,7,0,204,Tier2,7,3.4,0
ORD102559,181.6,Footwear,13.1,Prepaid,0,0,164,Metro,2,4.8,0
ORD102560,1576.71,Groceries,31.2,Prepaid,4,0,249,Metro,2,4.1,0
ORD102561,1706.64,Home,16.2,Prepaid,5,0,583,Metro,1,3.5,0
ORD102562,1586.06,Footwear,12.0,Prepaid,7,1,660,Tier3,2,4.5,1
ORD102563,1171.28,Electronics,35.1,Prepaid,7,0,1,Metro,6,4.2,0
ORD102564,985.06,Beauty,3.4,COD,2,0,381,Tier3,4,5.0,0
ORD102565,341.17,Apparel,39.6,Prepaid,2,2,17,Metro,2,3.3,1
ORD102566,2304.68,Footwear,37.1,COD,4,0,141,Tier3,2,4.0,1
ORD102567,1449.66,Apparel,27.2,COD,1,1,713,Metro,8,5.0,1
ORD102568,1465.5,Footwear,6.1,COD,4,1,212,Metro,6,2.9,1
ORD102569,1878.15,Apparel,24.6,Prepaid,9,1,103,Metro,6,4.1,1
ORD102570,899.9,Groceries,30.7,COD,4,0,143,Metro,3,3.0,0
ORD102571,606.62,Beauty,2.2,COD,7,0,218,Tier2,9,3.2,0
ORD102572,1228.86,Beauty,28.0,Prepaid,6,1,109,Metro,3,3.0,0
ORD102573,1133.13,Books,7.4,COD,3,0,218,Metro,2,4.3,0
ORD102574,2040.66,Groceries,44.4,COD,3,1,515,Metro,6,3.5,1
ORD102575,368.33,Home,17.6,COD,3,0,59,Metro,2,3.6,0
ORD102576,463.78,Beauty,30.2,Prepaid,4,0,44,Tier3,4,4.7,0
ORD102577,2265.63,Groceries,15.3,Prepaid,3,0,439,Tier2,4,3.3,0
ORD102578,455.94,Groceries,7.3,Prepaid,4,1,183,Metro,1,3.1,0
ORD102579,2104.03,Beauty,17.8,Prepaid,6,0,115,Tier2,5,3.7,1
ORD102580,1281.04,Beauty,5.7,COD,2,0,78,Metro,8,5.0,0
ORD102581,1365.2,Books,36.6,COD,5,3,67,Metro,9,4.3,1
ORD102582,1611.86,Groceries,4.2,Prepaid,3,0,419,Metro,2,4.4,0
ORD102583,2151.78,Books,15.9,Prepaid,6,0,232,Tier2,7,3.2,0
ORD102584,1103.57,Apparel,13.6,Prepaid,3,1,102,Metro,1,4.2,0
ORD102585,651.41,Electronics,17.4,Prepaid,3,0,442,Metro,8,4.0,0
ORD102586,1695.64,Apparel,5.4,Prepaid,5,1,317,Tier3,2,2.5,0
ORD102587,1018.6,Beauty,14.8,Prepaid,5,2,510,Metro,3,3.4,0
ORD102588,2610.61,Apparel,32.3,COD,2,2,293,Tier2,5,4.6,1
ORD102589,1733.02,Apparel,12.8,Prepaid,2,0,236,Metro,7,3.9,0
ORD102590,3131.22,Footwear,19.7,Prepaid,6,0,8,Metro,3,2.8,0
ORD102591,1717.49,Home,2.3,Prepaid,5,0,221,Tier3,2,3.9,0
ORD102592,1303.08,Beauty,18.0,COD,6,2,1449,Tier2,7,3.4,1
ORD102593,1965.71,Footwear,11.2,COD,3,0,297,Metro,5,3.5,0
ORD102594,527.16,Beauty,29.5,COD,5,0,846,Metro,8,3.3,0
ORD102595,1075.13,Home,25.8,Prepaid,3,0,49,Metro,5,4.3,0
ORD102596,662.57,Electronics,21.2,Prepaid,5,0,24,Metro,7,5.0,1
ORD102597,2225.79,Electronics,26.2,COD,6,0,628,Metro,5,4.0,0
ORD102598,563.45,Apparel,30.1,Prepaid,6,0,163,Tier3,9,3.2,0
ORD102599,468.31,Footwear,3.0,COD,6,2,384,Metro,5,4.3,0
ORD102600,503.65,Beauty,50.7,COD,5,2,108,Metro,9,3.9,1
ORD102601,651.65,Books,7.1,Prepaid,3,0,293,Tier3,7,4.5,0
ORD102602,977.43,Apparel,10.1,COD,3,1,113,Metro,6,5.0,0
ORD102603,1239.43,Apparel,3.3,Prepaid,4,0,635,Metro,8,3.2,0
ORD102604,587.43,Apparel,33.9,Prepaid,0,0,808,Metro,3,3.9,0
ORD102605,923.27,Apparel,6.8,Prepaid,3,1,20,Tier2,6,4.9,0
ORD102606,986.01,Home,7.4,Prepaid,1,1,168,Tier2,9,4.2,0
ORD102607,1931.35,Apparel,25.3,COD,3,0,779,Metro,8,5.0,0
ORD102608,2009.38,Footwear,24.5,Prepaid,3,0,151,Tier3,2,5.0,0
ORD102609,542.6,Beauty,14.6,COD,3,0,356,Tier2,5,4.0,0
ORD102610,3166.36,Home,38.1,Prepaid,4,0,326,Tier3,2,3.6,0
ORD102611,2585.88,Home,23.9,Prepaid,7,1,184,Metro,8,3.9,0
ORD102612,694.52,Beauty,26.6,Prepaid,3,3,80,Tier2,4,4.5,0
ORD102613,3853.29,Footwear,27.0,Prepaid,4,0,207,Metro,9,3.7,0
ORD102614,845.6,Footwear,30.4,COD,0,0,654,Metro,9,3.1,1
ORD102615,1109.07,Home,9.3,Prepaid,2,0,161,Tier2,6,4.1,0
ORD102616,2002.69,Beauty,54.6,Prepaid,5,0,526,Metro,5,4.2,1
ORD102617,315.06,Electronics,16.1,Prepaid,7,0,161,Tier3,4,3.5,0
ORD102618,1768.82,Beauty,32.5,Prepaid,4,1,63,Metro,2,4.7,0
ORD102619,1268.91,Footwear,6.4,COD,4,0,297,Tier3,9,4.5,0
ORD102620,2319.44,Apparel,15.8,Prepaid,5,2,143,Tier2,1,4.2,1
ORD102621,263.13,Footwear,14.9,COD,2,1,329,Metro,1,4.5,0
ORD102622,1640.72,Books,19.6,COD,2,0,43,Metro,4,4.3,0
ORD102623,3057.74,Beauty,21.3,Prepaid,9,1,0,Tier2,7,3.4,0
ORD102624,1427.3,Footwear,11.6,Prepaid,4,1,34,Tier2,7,2.9,1
ORD102625,1003.61,Books,20.9,Prepaid,5,1,98,Tier2,8,3.0,0
ORD102626,883.48,Apparel,26.0,COD,9,0,443,Tier2,7,4.4,1
ORD102627,920.19,Groceries,6.3,COD,2,1,400,Metro,8,4.0,0
ORD102628,1241.21,Groceries,25.6,Prepaid,3,1,28,Tier2,4,4.3,0
ORD102629,635.67,Footwear,28.8,Prepaid,4,2,57,Metro,3,3.4,1
ORD102630,2253.9,Footwear,39.1,COD,2,0,367,Tier3,4,4.2,1
ORD102631,1149.76,Groceries,37.0,COD,7,1,95,Metro,4,4.0,0
ORD102632,967.4,Apparel,7.1,Prepaid,6,0,316,Tier2,5,3.1,0
ORD102633,3382.7,Footwear,11.2,COD,6,2,213,Tier2,3,3.6,1
ORD102634,1812.84,Apparel,4.0,Prepaid,2,0,210,Tier3,1,3.8,0
ORD102635,1690.04,Beauty,32.7,Prepaid,1,1,361,Tier3,2,5.0,1
ORD102636,1755.17,Beauty,4.5,Prepaid,10,1,650,Metro,4,5.0,0
ORD102637,1480.82,Footwear,7.1,COD,6,0,293,Metro,8,3.6,0
ORD102638,1560.14,Electronics,24.1,COD,3,1,316,Tier2,4,4.2,1
ORD102639,2407.46,Apparel,18.4,Prepaid,3,0,669,Tier2,4,3.3,0
ORD102640,3238.4,Footwear,44.8,Prepaid,2,0,715,Tier2,1,4.6,1
ORD102641,2874.07,Home,7.9,Prepaid,6,0,970,Tier3,8,3.5,0
ORD102642,546.95,Home,40.8,Prepaid,4,0,155,Metro,6,4.0,0
ORD102643,2668.23,Apparel,13.9,COD,2,0,67,Metro,4,4.3,1
ORD102644,968.21,Beauty,5.5,Prepaid,4,0,37,Tier2,3,4.2,0
ORD102645,5028.28,Beauty,29.4,COD,4,0,155,Metro,1,4.8,1
ORD102646,3502.44,Apparel,20.2,COD,5,1,295,Metro,1,4.0,0
ORD102647,1546.07,Books,6.3,Prepaid,1,0,484,Metro,7,3.6,0
ORD102648,1262.22,Footwear,8.5,Prepaid,5,1,404,Tier2,2,3.9,1
ORD102649,34.92,Electronics,2.8,Prepaid,5,1,448,Tier3,8,4.3,0
ORD102650,566.19,Books,29.9,COD,3,2,540,Tier2,7,3.6,0
ORD102651,2272.11,Books,53.6,Prepaid,3,2,374,Metro,4,4.2,0
ORD102652,1347.45,Beauty,23.2,Prepaid,3,1,134,Metro,4,3.2,0
ORD102653,1710.42,Groceries,8.3,Prepaid,3,0,86,Tier2,5,3.8,0
ORD102654,370.15,Home,35.3,COD,5,0,199,Tier2,4,3.4,0
ORD102655,2044.77,Books,10.9,COD,8,1,633,Metro,4,4.7,0
ORD102656,2124.29,Home,43.0,COD,10,0,583,Metro,9,3.9,1
ORD102657,2363.47,Home,25.8,COD,2,0,89,Metro,6,3.5,0
ORD102658,3534.73,Beauty,13.0,Prepaid,3,0,501,Metro,6,3.5,0
ORD102659,2313.32,Footwear,4.8,Prepaid,5,0,1038,Metro,8,4.0,0
ORD102660,3167.3,Books,20.2,COD,4,0,69,Metro,6,2.9,0
ORD102661,1391.56,Apparel,3.8,COD,2,0,10,Metro,3,5.0,0
ORD102662,307.44,Beauty,18.2,COD,7,1,524,Tier2,8,3.6,0
ORD102663,1371.74,Books,5.9,Prepaid,1,1,113,Metro,5,4.2,0
ORD102664,874.63,Home,16.7,COD,6,0,49,Tier2,6,4.1,1
ORD102665,1457.35,Electronics,12.9,Prepaid,7,1,227,Metro,5,4.4,0
ORD102666,743.39,Beauty,13.2,Prepaid,7,0,290,Tier2,7,4.3,0
ORD102667,1212.76,Books,5.0,COD,2,0,201,Metro,6,4.3,0
ORD102668,1797.97,Apparel,31.7,COD,0,0,619,Metro,5,4.7,1
ORD102669,656.25,Books,18.8,COD,6,1,92,Tier3,1,4.4,0
ORD102670,2501.35,Books,14.4,Prepaid,3,1,180,Tier2,1,3.9,0
ORD102671,2423.59,Groceries,6.1,Prepaid,2,0,85,Tier2,8,3.1,0
ORD102672,341.52,Electronics,31.2,Prepaid,6,0,420,Tier2,9,3.5,0
ORD102673,606.64,Groceries,23.8,Prepaid,6,2,574,Metro,6,4.1,0
ORD102674,2405.46,Home,11.4,Prepaid,5,2,383,Metro,1,4.4,1
ORD102675,336.02,Footwear,27.8,COD,5,0,680,Metro,6,4.8,1
ORD102676,802.99,Electronics,5.3,Prepaid,6,0,325,Tier2,4,3.5,0
ORD102677,619.41,Footwear,24.7,Prepaid,7,2,775,Tier3,9,3.6,1
ORD102678,1917.77,Groceries,1.9,COD,5,1,183,Metro,2,4.5,1
ORD102679,549.9,Apparel,25.1,Prepaid,3,0,254,Tier3,2,3.4,1
ORD102680,646.87,Groceries,14.6,Prepaid,3,0,72,Tier2,2,3.6,0
ORD102681,3937.81,Books,14.0,Prepaid,4,2,378,Tier2,6,4.7,0
ORD102682,1733.53,Home,17.4,COD,1,1,277,Tier2,2,4.2,1
ORD102683,2077.92,Groceries,36.0,Prepaid,5,1,590,Metro,1,3.2,1
ORD102684,2024.58,Footwear,26.6,COD,3,0,565,Metro,7,3.9,0
ORD102685,190.36,Books,12.8,Prepaid,6,0,491,Tier2,4,3.9,0
ORD102686,1035.62,Electronics,7.8,Prepaid,5,1,112,Tier3,3,4.8,0
ORD102687,2288.66,Electronics,10.6,COD,5,1,189,Metro,8,4.2,0
ORD102688,508.57,Beauty,19.8,COD,5,0,969,Metro,2,3.8,1
ORD102689,950.09,Groceries,25.5,Prepaid,3,1,952,Tier2,1,4.6,0
ORD102690,2072.02,Electronics,20.4,COD,5,0,591,Tier2,5,4.8,0
ORD102691,901.3,Footwear,38.7,Prepaid,2,1,131,Metro,2,2.7,1
ORD102692,1603.28,Apparel,34.0,COD,3,1,756,Metro,1,3.3,0
ORD102693,3927.5,Apparel,10.7,COD,6,0,723,Tier3,9,4.2,1
ORD102694,2423.43,Apparel,19.9,Prepaid,9,0,639,Metro,5,3.6,1
ORD102695,1230.87,Groceries,7.7,Prepaid,4,1,528,Metro,3,4.5,0
ORD102696,2008.58,Footwear,25.5,Prepaid,4,1,589,Tier2,9,4.3,1
ORD102697,1959.15,Electronics,18.2,Prepaid,3,0,223,Metro,1,4.5,0
ORD102698,565.5,Apparel,7.4,COD,5,0,120,Metro,7,4.7,0
ORD102699,4336.32,Footwear,25.1,COD,8,2,1052,Metro,6,4.1,0
ORD102700,2043.53,Home,9.0,COD,0,0,0,Metro,1,4.4,0
ORD102701,878.92,Groceries,11.9,COD,0,0,224,Tier2,7,3.9,1
ORD102702,1508.19,Beauty,33.7,Prepaid,7,0,192,Tier3,9,4.7,0
ORD102703,1259.83,Apparel,16.9,COD,1,1,239,Metro,1,4.0,1
ORD102704,1694.57,Beauty,24.2,Prepaid,3,0,598,Metro,1,3.9,0
ORD102705,1116.06,Books,21.9,Prepaid,5,0,31,Metro,2,3.7,0
ORD102706,1308.8,Groceries,12.6,Prepaid,0,0,249,Metro,9,4.4,0
ORD102707,1784.97,Home,47.5,Prepaid,4,0,414,Tier3,4,3.2,0
ORD102708,2370.5,Groceries,28.0,Prepaid,2,0,187,Tier3,3,3.3,0
ORD102709,2464.84,Apparel,27.3,COD,4,0,488,Tier2,1,3.9,0
ORD102710,544.88,Books,16.5,Prepaid,3,0,1083,Metro,4,4.5,0
ORD102711,1124.17,Home,11.6,COD,5,1,1557,Tier2,7,4.4,0
ORD102712,1444.58,Footwear,19.4,Prepaid,3,1,23,Tier2,8,2.6,1
ORD102713,1295.71,Footwear,7.0,COD,6,2,194,Metro,8,4.1,1
ORD102714,1453.55,Books,12.1,Prepaid,9,0,310,Tier2,9,4.7,0
ORD102715,2559.22,Electronics,7.9,COD,4,1,204,Tier3,3,4.7,1
ORD102716,2007.66,Books,6.3,COD,3,0,447,Tier2,3,3.4,0
ORD102717,5640.51,Home,24.3,Prepaid,8,2,460,Metro,4,4.5,0
ORD102718,1850.0,Apparel,24.4,Prepaid,6,0,373,Tier2,3,2.6,0
ORD102719,1056.08,Beauty,35.2,COD,4,0,0,Metro,1,4.5,1
ORD102720,559.3,Groceries,17.7,COD,7,0,350,Metro,2,4.1,1
ORD102721,1132.67,Beauty,11.5,COD,6,0,379,Metro,3,4.4,1
ORD102722,1104.68,Groceries,15.5,Prepaid,2,1,41,Tier3,1,5.0,1
ORD102723,1281.81,Footwear,14.5,COD,4,0,33,Metro,6,4.1,1
ORD102724,1751.15,Groceries,9.3,Prepaid,5,0,233,Metro,8,3.3,0
ORD102725,960.12,Books,14.6,Prepaid,8,0,171,Tier2,2,3.9,0
ORD102726,3164.23,Apparel,54.0,COD,2,1,100,Metro,6,3.5,1
ORD102727,1349.82,Home,25.1,COD,4,1,128,Tier2,7,5.0,0
ORD102728,6073.54,Books,11.9,COD,4,3,846,Tier3,8,4.1,0
ORD102729,1060.86,Beauty,31.2,COD,4,2,515,Metro,3,4.1,0
ORD102730,1401.54,Beauty,25.8,Prepaid,4,0,119,Metro,9,3.8,1
ORD102731,1361.38,Groceries,5.5,Prepaid,7,1,474,Metro,3,4.1,0
ORD102732,474.26,Books,26.1,Prepaid,2,1,310,Tier3,1,3.6,0
ORD102733,340.99,Groceries,15.8,COD,1,1,1060,Metro,6,5.0,1
ORD102734,811.49,Beauty,16.7,Prepaid,2,0,1,Tier2,2,3.3,1
ORD102735,1954.1,Beauty,18.7,COD,3,1,11,Metro,8,4.3,1
ORD102736,405.31,Books,28.4,COD,4,0,642,Metro,7,4.4,1
ORD102737,938.61,Electronics,10.8,COD,3,1,373,Metro,7,3.1,0
ORD102738,231.57,Apparel,12.1,COD,4,0,643,Tier2,7,4.6,0
ORD102739,352.74,Home,8.2,COD,5,1,518,Tier3,9,3.7,0
ORD102740,309.71,Groceries,29.4,Prepaid,5,2,659,Tier3,2,3.3,0
ORD102741,497.49,Electronics,9.1,Prepaid,5,1,125,Tier3,5,3.9,1
ORD102742,216.56,Electronics,19.6,Prepaid,5,2,657,Metro,9,5.0,0
ORD102743,872.15,Books,5.3,COD,3,1,111,Metro,6,4.8,0
ORD102744,1377.7,Electronics,11.2,COD,6,1,375,Metro,5,3.6,1
ORD102745,2612.8,Beauty,44.7,COD,4,0,688,Tier3,9,4.0,0
ORD102746,1982.54,Electronics,28.0,Prepaid,4,2,149,Metro,6,3.8,0
ORD102747,687.19,Home,18.5,COD,6,0,360,Metro,4,3.7,1
ORD102748,792.61,Home,29.7,Prepaid,2,0,375,Metro,9,3.6,1
ORD102749,911.67,Beauty,25.7,COD,5,0,397,Metro,9,3.7,1
ORD102750,865.07,Beauty,31.4,Prepaid,1,0,24,Metro,3,3.8,0
ORD102751,2190.39,Electronics,17.9,Prepaid,3,0,144,Tier2,7,3.9,0
ORD102752,147.68,Apparel,24.5,COD,5,0,90,Tier3,2,3.4,0
ORD102753,812.72,Home,12.5,Prepaid,5,1,0,Metro,9,3.4,1
ORD102754,486.18,Books,21.8,Prepaid,3,1,150,Tier2,5,3.9,1
ORD102755,1173.56,Home,14.3,COD,2,0,240,Tier3,1,3.3,0
ORD102756,665.23,Electronics,27.6,COD,3,1,86,Tier3,5,3.1,0
ORD102757,4333.34,Footwear,15.4,Prepaid,6,1,196,Metro,1,4.1,0
ORD102758,1956.1,Beauty,5.8,Prepaid,5,1,216,Metro,9,3.6,0
ORD102759,1425.88,Footwear,26.2,Prepaid,4,1,60,Tier2,6,3.2,0
ORD102760,350.38,Books,4.3,Prepaid,3,1,1253,Tier2,5,4.1,0
ORD102761,285.35,Beauty,2.6,COD,3,0,154,Tier2,6,3.2,0
ORD102762,1538.84,Apparel,2.8,COD,5,0,2,Tier2,9,4.7,0
ORD102763,5178.58,Groceries,23.9,Prepaid,7,2,61,Tier2,2,5.0,0
ORD102764,1691.71,Electronics,4.7,COD,4,1,46,Tier2,2,2.6,0
ORD102765,310.21,Footwear,3.6,COD,3,1,46,Tier2,6,4.1,1
ORD102766,4447.44,Home,28.3,COD,2,0,269,Tier2,3,4.1,0
ORD102767,1855.09,Books,10.2,COD,5,1,93,Metro,9,3.3,0
ORD102768,434.23,Groceries,16.3,Prepaid,1,0,183,Tier2,5,3.2,0
ORD102769,1567.77,Home,29.2,Prepaid,6,1,70,Tier2,2,4.4,0
ORD102770,1964.68,Electronics,14.4,COD,5,0,498,Metro,1,3.6,0
ORD102771,2667.2,Books,27.5,COD,4,1,1118,Tier3,2,4.4,1
ORD102772,199.45,Groceries,24.0,Prepaid,4,1,365,Metro,1,4.9,0
ORD102773,1683.77,Footwear,30.2,COD,7,2,374,Metro,3,2.9,1
ORD102774,1250.05,Groceries,7.1,Prepaid,4,0,445,Metro,9,3.8,0
ORD102775,386.12,Beauty,24.4,COD,4,2,6,Tier2,7,3.1,1
ORD102776,801.16,Books,9.2,Prepaid,6,1,84,Metro,6,4.3,0
ORD102777,1260.92,Home,9.0,COD,4,0,201,Metro,6,2.9,0
ORD102778,1062.49,Apparel,38.7,COD,5,0,100,Tier3,8,3.1,1
ORD102779,1890.17,Groceries,18.0,COD,1,1,182,Tier2,5,4.1,0
ORD102780,1055.6,Beauty,14.6,Prepaid,6,0,176,Tier3,3,4.2,0
ORD102781,458.37,Electronics,33.0,Prepaid,1,1,38,Tier3,5,5.0,1
ORD102782,1102.58,Apparel,27.9,Prepaid,1,0,24,Tier2,7,3.5,0
ORD102783,859.86,Footwear,37.3,Prepaid,1,1,395,Tier3,3,2.9,1
ORD102784,1320.31,Beauty,5.1,COD,4,1,291,Metro,2,4.5,1
ORD102785,3006.84,Electronics,11.9,Prepaid,4,0,600,Metro,1,3.7,0
ORD102786,4314.68,Groceries,32.6,COD,4,0,905,Tier3,4,3.6,1
ORD102787,1557.9,Electronics,34.1,Prepaid,2,0,89,Tier2,4,4.0,1
ORD102788,365.36,Footwear,34.5,COD,7,0,168,Tier2,6,4.8,1
ORD102789,2334.9,Home,11.9,COD,2,0,674,Metro,7,4.4,1
ORD102790,1054.64,Home,27.7,COD,3,0,23,Tier2,6,4.6,0
ORD102791,3128.57,Home,7.7,Prepaid,1,0,268,Tier3,7,4.2,0
ORD102792,2381.19,Beauty,33.4,Prepaid,5,0,51,Metro,5,4.6,0
ORD102793,2991.71,Electronics,17.7,COD,4,0,110,Tier2,1,3.4,1
ORD102794,2132.36,Footwear,24.8,COD,4,0,1385,Tier2,8,3.4,1
ORD102795,1065.74,Home,25.2,COD,7,0,435,Tier3,3,4.5,0
ORD102796,1716.51,Apparel,28.8,Prepaid,4,0,405,Metro,6,4.8,0
ORD102797,84.6,Books,34.1,COD,2,0,319,Tier3,6,3.8,0
ORD102798,3767.66,Home,24.2,Prepaid,3,1,323,Tier2,3,3.7,1
ORD102799,2411.6,Electronics,6.0,Prepaid,3,1,229,Metro,2,4.6,1
ORD102800,3080.27,Footwear,4.8,COD,7,0,172,Tier2,8,4.1,1
ORD102801,1037.62,Apparel,44.5,COD,5,1,253,Tier2,2,4.6,1
ORD102802,1369.98,Beauty,9.5,COD,3,0,283,Tier3,2,3.4,0
ORD102803,1942.35,Books,24.7,Prepaid,11,1,109,Tier3,1,4.4,0
ORD102804,242.65,Electronics,10.0,COD,6,1,560,Metro,4,4.3,0
ORD102805,1497.79,Home,17.1,COD,1,0,182,Metro,8,3.7,1
ORD102806,633.95,Groceries,47.6,Prepaid,6,0,74,Tier3,2,4.9,0
ORD102807,1346.08,Books,21.0,COD,3,1,14,Metro,1,3.8,0
ORD102808,1452.2,Apparel,22.6,COD,2,0,363,Tier2,4,2.7,1
ORD102809,503.21,Groceries,11.0,Prepaid,5,0,186,Tier3,4,4.1,0
ORD102810,445.54,Groceries,24.1,Prepaid,5,0,180,Tier3,4,3.9,0
ORD102811,2059.49,Electronics,33.0,COD,0,0,383,Metro,2,4.7,1
ORD102812,1306.6,Books,20.9,Prepaid,1,0,390,Tier2,4,4.3,0
ORD102813,2199.46,Groceries,27.8,COD,7,1,493,Metro,6,3.7,0
ORD102814,4183.11,Footwear,10.9,COD,5,0,240,Metro,1,4.2,1
ORD102815,123.65,Groceries,19.1,COD,4,1,31,Tier2,1,4.2,0
ORD102816,185.86,Groceries,37.5,Prepaid,4,1,359,Tier2,8,4.0,0
ORD102817,2292.31,Books,11.7,Prepaid,6,1,117,Metro,8,3.9,0
ORD102818,1022.42,Home,27.5,Prepaid,2,1,314,Metro,6,2.6,0
ORD102819,2188.38,Footwear,17.6,Prepaid,4,0,73,Tier2,8,3.9,0
ORD102820,554.85,Electronics,21.9,Prepaid,4,0,51,Tier2,3,3.7,0
ORD102821,1720.43,Footwear,36.1,COD,4,1,177,Metro,9,3.7,1
ORD102822,1358.56,Groceries,19.8,Prepaid,4,2,257,Tier3,4,4.1,0
ORD102823,210.88,Footwear,18.6,COD,3,1,324,Metro,3,4.5,0
ORD102824,408.89,Books,11.1,Prepaid,5,1,37,Metro,4,4.0,0
ORD102825,696.49,Beauty,21.3,COD,5,0,828,Tier2,7,4.1,0
ORD102826,2028.65,Apparel,18.4,Prepaid,4,1,70,Metro,1,3.8,0
ORD102827,2796.53,Footwear,34.2,Prepaid,5,0,423,Tier2,1,3.5,1
ORD102828,1985.18,Home,26.3,COD,4,1,267,Metro,4,4.2,1
ORD102829,603.16,Groceries,21.2,COD,6,0,3,Tier2,5,3.8,0
ORD102830,1885.62,Groceries,22.3,Prepaid,3,0,56,Tier3,9,4.7,0
ORD102831,445.48,Groceries,29.3,COD,4,0,149,Tier3,5,3.0,0
ORD102832,1711.06,Books,18.4,COD,9,1,53,Tier2,9,3.4,1
ORD102833,263.78,Footwear,35.0,Prepaid,4,0,1664,Metro,6,4.0,0
ORD102834,1288.34,Footwear,26.5,Prepaid,6,1,529,Metro,6,4.8,0
ORD102835,668.58,Electronics,12.5,Prepaid,10,0,540,Tier3,5,4.4,0
ORD102836,2901.52,Books,12.1,COD,7,2,89,Metro,9,5.0,1
ORD102837,4581.32,Books,13.0,COD,2,0,211,Tier3,4,3.1,0
ORD102838,1985.0,Electronics,34.8,Prepaid,5,1,991,Metro,9,4.0,0
ORD102839,501.11,Groceries,33.8,COD,2,2,321,Metro,8,3.4,1
ORD102840,3935.95,Groceries,34.7,Prepaid,6,1,186,Metro,9,3.7,0
ORD102841,2964.7,Books,13.5,COD,2,1,371,Tier2,2,4.6,1
ORD102842,1012.97,Groceries,25.0,COD,2,2,207,Tier3,5,4.4,1
ORD102843,1960.86,Beauty,11.2,Prepaid,8,1,939,Metro,5,3.0,0
ORD102844,3585.14,Beauty,24.7,Prepaid,6,0,24,Tier2,9,3.1,0
ORD102845,3521.55,Books,6.5,COD,8,0,651,Metro,4,3.6,1
ORD102846,563.77,Beauty,10.8,COD,2,0,204,Tier2,8,4.6,1
ORD102847,2807.95,Electronics,9.1,COD,5,0,243,Metro,9,3.6,0
ORD102848,1908.34,Home,11.7,Prepaid,5,2,732,Metro,7,1.9,1
ORD102849,205.92,Electronics,14.9,Prepaid,5,1,342,Tier2,8,4.2,1
ORD102850,1222.33,Apparel,13.3,Prepaid,2,0,1,Metro,9,2.9,0
ORD102851,924.35,Footwear,5.9,COD,3,0,865,Metro,3,2.9,1
ORD102852,1112.87,Home,2.2,COD,4,1,217,Tier2,2,4.4,0
ORD102853,3529.09,Electronics,6.9,Prepaid,1,0,29,Tier3,6,4.9,0
ORD102854,1142.42,Electronics,15.7,Prepaid,2,1,952,Tier3,6,3.7,0
ORD102855,1501.22,Apparel,2.3,COD,4,1,1554,Tier3,4,3.5,0
ORD102856,89.88,Footwear,13.4,Prepaid,5,0,161,Tier2,2,3.0,0
ORD102857,3700.81,Home,27.1,COD,4,0,250,Tier3,2,4.0,0
ORD102858,957.47,Footwear,9.8,Prepaid,3,0,251,Metro,2,4.1,0
ORD102859,561.84,Beauty,21.0,Prepaid,1,1,33,Metro,9,3.7,0
ORD102860,1728.64,Beauty,43.6,COD,4,0,115,Tier2,9,4.3,0
ORD102861,1418.41,Beauty,27.1,COD,8,1,300,Metro,8,4.6,1
ORD102862,3435.36,Electronics,10.5,COD,2,1,255,Tier3,3,4.2,0
ORD102863,2656.67,Apparel,11.1,Prepaid,5,1,72,Tier3,7,4.6,0
ORD102864,1525.87,Apparel,37.4,Prepaid,1,1,90,Tier3,2,4.7,1
ORD102865,2197.0,Electronics,12.4,Prepaid,4,0,14,Tier2,2,3.8,0
ORD102866,1303.34,Footwear,17.1,COD,5,0,520,Metro,6,4.1,1
ORD102867,1061.96,Footwear,14.3,COD,1,0,579,Tier2,8,4.4,0
ORD102868,1053.1,Books,27.3,Prepaid,4,1,237,Metro,1,4.2,0
ORD102869,664.54,Groceries,28.7,COD,5,0,113,Tier3,6,4.3,1
ORD102870,1404.9,Footwear,28.6,Prepaid,3,0,130,Metro,8,3.4,1
ORD102871,1495.43,Apparel,35.2,Prepaid,5,0,676,Metro,5,3.4,1
ORD102872,1818.7,Books,21.4,Prepaid,4,0,312,Metro,2,4.0,0
ORD102873,1128.2,Beauty,26.7,Prepaid,6,1,160,Metro,2,3.7,0
ORD102874,3072.65,Home,16.8,COD,2,0,167,Tier3,7,3.7,1
ORD102875,1977.95,Apparel,11.7,Prepaid,3,1,264,Tier3,6,4.8,1
ORD102876,2727.44,Beauty,30.4,COD,4,3,316,Metro,5,3.7,1
ORD102877,1773.4,Books,14.0,Prepaid,10,0,36,Metro,5,3.3,0
ORD102878,331.21,Electronics,25.1,Prepaid,4,0,456,Metro,6,4.6,0
ORD102879,2527.43,Home,8.7,Prepaid,6,0,58,Metro,5,2.9,0
ORD102880,1046.99,Books,34.3,Prepaid,5,0,271,Tier2,2,4.2,0
ORD102881,5262.24,Groceries,32.7,Prepaid,3,0,404,Metro,1,3.7,0
ORD102882,336.12,Beauty,20.2,COD,4,0,102,Metro,4,3.8,1
ORD102883,831.89,Home,39.6,COD,3,1,131,Tier2,6,3.8,1
ORD102884,1484.29,Beauty,39.0,Prepaid,1,0,11,Metro,6,3.6,0
ORD102885,1253.6,Books,14.2,COD,4,0,450,Metro,7,3.6,1
ORD102886,1943.37,Groceries,21.3,COD,4,0,95,Tier2,6,4.1,0
ORD102887,1559.64,Home,43.2,Prepaid,3,1,417,Tier3,6,4.1,1
ORD102888,2952.2,Apparel,19.9,Prepaid,6,1,17,Tier2,7,4.5,0
ORD102889,1167.63,Footwear,7.6,Prepaid,7,1,51,Metro,5,4.0,0
ORD102890,1895.63,Groceries,13.2,Prepaid,7,1,14,Metro,3,4.1,0
ORD102891,3621.45,Beauty,7.9,Prepaid,5,1,542,Metro,5,3.6,0
ORD102892,3103.36,Beauty,13.2,Prepaid,5,2,124,Metro,4,3.9,1
ORD102893,629.67,Home,31.0,Prepaid,1,1,602,Metro,2,3.3,0
ORD102894,589.94,Footwear,16.1,Prepaid,2,0,469,Tier2,3,3.8,1
ORD102895,2963.64,Footwear,22.4,COD,4,1,304,Metro,4,4.6,1
ORD102896,6536.98,Footwear,11.7,Prepaid,6,1,263,Tier2,3,4.5,0
ORD102897,2684.42,Footwear,21.3,Prepaid,5,0,149,Tier3,2,4.2,0
ORD102898,2753.58,Groceries,19.4,COD,7,0,759,Metro,5,3.8,0
ORD102899,1096.38,Books,35.7,Prepaid,6,0,255,Tier2,3,4.1,0
ORD102900,3146.72,Apparel,32.9,Prepaid,6,0,199,Metro,7,3.7,0
ORD102901,781.1,Books,27.3,Prepaid,2,0,155,Tier3,1,4.8,0
ORD102902,773.41,Electronics,36.9,Prepaid,8,0,54,Metro,8,4.1,0
ORD102903,938.02,Books,23.2,Prepaid,4,1,101,Metro,7,4.0,0
ORD102904,947.52,Footwear,29.7,Prepaid,2,2,213,Metro,2,3.9,0
ORD102905,796.02,Apparel,35.1,Prepaid,4,0,400,Metro,5,3.1,0
ORD102906,4953.98,Electronics,19.0,Prepaid,3,1,133,Tier3,8,3.8,0
ORD102907,2042.77,Groceries,8.1,COD,5,2,499,Metro,2,4.1,0
ORD102908,1064.43,Apparel,10.6,Prepaid,5,0,484,Tier2,4,3.7,0
ORD102909,222.09,Beauty,18.1,Prepaid,7,1,26,Tier2,4,4.3,0
ORD102910,1013.92,Groceries,7.2,Prepaid,2,0,131,Metro,2,3.8,0
ORD102911,916.51,Footwear,5.6,COD,4,1,121,Tier3,2,3.5,0
ORD102912,1514.07,Books,21.2,COD,5,4,391,Metro,7,4.0,0
ORD102913,1739.78,Electronics,42.6,Prepaid,4,0,80,Tier2,2,3.9,0
ORD102914,2867.26,Home,4.5,Prepaid,3,0,248,Metro,8,3.2,1
ORD102915,341.33,Footwear,16.8,COD,2,2,280,Tier3,6,4.6,1
ORD102916,1061.63,Footwear,14.4,Prepaid,4,0,196,Tier3,9,2.9,0
ORD102917,825.84,Footwear,8.6,Prepaid,6,0,812,Tier2,4,4.1,1
ORD102918,1590.0,Electronics,20.1,Prepaid,4,1,564,Metro,7,4.7,0
ORD102919,3295.68,Home,5.2,Prepaid,4,0,60,Metro,8,5.0,0
ORD102920,2783.12,Apparel,17.2,Prepaid,6,0,295,Metro,6,5.0,0
ORD102921,4735.71,Electronics,24.6,Prepaid,1,0,22,Tier2,6,4.6,0
ORD102922,1235.87,Groceries,3.7,COD,2,1,379,Metro,6,4.9,1
ORD102923,406.04,Groceries,5.5,COD,3,1,414,Metro,9,4.0,0
ORD102924,978.67,Books,35.7,Prepaid,2,0,47,Tier2,5,4.7,0
ORD102925,582.46,Groceries,21.0,COD,2,0,70,Tier3,5,3.1,0
ORD102926,512.0,Electronics,7.4,COD,4,0,17,Metro,6,3.8,0
ORD102927,2251.41,Footwear,13.7,COD,4,2,239,Tier2,4,3.7,1
ORD102928,2040.35,Home,10.8,COD,3,0,104,Tier3,6,3.9,0
ORD102929,571.25,Books,12.9,Prepaid,3,0,368,Metro,2,4.6,0
ORD102930,1314.36,Home,3.1,COD,3,0,79,Metro,6,3.8,0
ORD102931,1048.63,Electronics,22.7,COD,5,1,20,Tier2,1,5.0,0
ORD102932,2170.26,Books,20.5,Prepaid,0,0,229,Tier2,1,4.6,0
ORD102933,595.79,Apparel,8.3,Prepaid,1,1,553,Metro,6,5.0,1
ORD102934,350.45,Books,28.5,COD,4,0,28,Metro,5,4.7,0
ORD102935,272.94,Beauty,28.9,COD,6,0,86,Tier2,9,3.8,1
ORD102936,2704.13,Home,8.6,COD,6,1,479,Metro,7,4.4,0
ORD102937,1299.84,Electronics,31.4,COD,6,1,62,Metro,4,4.0,0
ORD102938,5090.38,Beauty,4.8,COD,6,1,291,Metro,2,4.7,0
ORD102939,1277.87,Groceries,18.9,Prepaid,2,2,216,Tier3,1,3.6,1
ORD102940,1242.84,Beauty,23.8,COD,3,1,148,Metro,1,4.3,0
ORD102941,848.91,Home,19.8,COD,2,0,104,Metro,9,5.0,0
ORD102942,606.69,Books,20.4,Prepaid,3,0,62,Tier2,7,4.0,0
ORD102943,763.64,Beauty,21.3,Prepaid,10,0,907,Tier3,4,4.6,1
ORD102944,685.17,Home,39.5,Prepaid,1,1,23,Metro,9,5.0,1
ORD102945,1924.69,Beauty,24.2,Prepaid,5,0,25,Tier2,9,3.5,0
ORD102946,2501.32,Footwear,40.5,COD,7,1,69,Metro,1,3.9,1
ORD102947,3138.11,Books,7.1,COD,2,0,1137,Tier3,7,4.8,0
ORD102948,921.83,Footwear,36.3,COD,1,0,674,Metro,9,3.9,0
ORD102949,879.82,Beauty,39.8,COD,9,0,92,Metro,4,4.4,0
ORD102950,3105.79,Groceries,21.0,Prepaid,6,0,582,Tier2,2,3.2,0
ORD102951,2162.4,Footwear,15.9,COD,7,0,79,Tier2,8,4.9,0
ORD102952,1741.31,Beauty,14.2,Prepaid,2,0,15,Metro,8,4.2,0
ORD102953,1429.01,Beauty,29.2,COD,6,1,169,Metro,2,4.4,1
ORD102954,3334.78,Books,39.0,COD,6,0,1519,Metro,6,4.3,0
ORD102955,2245.93,Beauty,27.9,COD,4,1,23,Tier2,6,3.6,1
ORD102956,2604.23,Groceries,32.8,Prepaid,2,0,198,Metro,8,3.3,0
ORD102957,1505.29,Beauty,19.3,COD,3,1,390,Metro,3,3.6,0
ORD102958,1790.13,Beauty,28.2,Prepaid,3,1,589,Tier3,6,4.8,0
ORD102959,1589.83,Home,19.2,Prepaid,3,0,291,Tier2,3,4.7,0
ORD102960,118.36,Home,26.1,Prepaid,5,0,335,Tier3,4,3.4,0
ORD102961,3669.28,Apparel,7.2,COD,5,0,32,Metro,6,2.8,1
ORD102962,909.95,Footwear,23.2,COD,2,1,19,Metro,6,4.6,0
ORD102963,1631.83,Home,35.7,COD,2,0,140,Tier2,6,4.6,0
ORD102964,3495.3,Beauty,19.7,COD,3,1,876,Metro,3,4.2,0
ORD102965,1284.77,Apparel,10.8,COD,3,0,740,Metro,8,4.4,0
ORD102966,517.46,Footwear,16.7,COD,4,1,133,Metro,3,3.8,1
ORD102967,2234.67,Groceries,12.9,Prepaid,2,1,351,Tier2,9,3.9,1
ORD102968,1090.77,Electronics,26.6,Prepaid,2,0,693,Metro,4,3.7,0
ORD102969,1368.95,Footwear,9.9,COD,2,1,620,Tier3,8,4.7,0
ORD102970,352.42,Footwear,9.0,Prepaid,3,1,1297,Tier2,4,2.8,0
ORD102971,949.04,Groceries,16.8,Prepaid,5,1,266,Metro,9,5.0,0
ORD102972,718.45,Groceries,11.3,Prepaid,4,0,532,Metro,2,4.0,0
ORD102973,3048.04,Beauty,19.1,COD,4,0,498,Tier2,9,4.2,0
ORD102974,2270.86,Footwear,25.7,Prepaid,3,2,85,Metro,6,4.8,1
ORD102975,1444.98,Beauty,24.2,Prepaid,4,0,713,Tier3,5,3.6,0
ORD102976,2847.16,Home,37.2,COD,4,1,176,Tier2,2,2.5,0
ORD102977,535.26,Beauty,28.8,Prepaid,3,0,62,Metro,2,4.4,0
ORD102978,1849.29,Groceries,23.8,Prepaid,4,2,6,Metro,2,3.6,0
ORD102979,1940.97,Groceries,31.4,Prepaid,5,1,341,Metro,3,3.3,0
ORD102980,1248.27,Footwear,44.8,Prepaid,5,0,1016,Tier2,8,4.6,0
ORD102981,4948.35,Home,13.2,COD,4,0,191,Metro,2,3.2,0
ORD102982,6661.43,Footwear,13.1,COD,5,0,144,Tier2,8,3.4,1
ORD102983,263.18,Home,8.4,COD,9,0,472,Metro,6,4.1,0
ORD102984,3618.95,Apparel,19.8,COD,6,2,272,Tier2,7,4.5,0
ORD102985,1979.42,Books,12.9,Prepaid,2,0,203,Tier3,2,4.2,0
ORD102986,3527.31,Footwear,20.4,COD,9,0,82,Tier2,7,4.2,1
ORD102987,1395.08,Books,37.2,COD,3,2,115,Tier3,4,4.8,0
ORD102988,501.86,Footwear,5.0,Prepaid,2,1,484,Metro,8,4.3,0
ORD102989,449.79,Books,11.5,Prepaid,3,1,174,Tier2,3,4.6,0
ORD102990,573.2,Books,16.9,COD,3,1,136,Metro,4,3.3,0
ORD102991,2850.85,Books,29.4,COD,7,0,38,Tier2,2,2.8,0
ORD102992,303.6,Apparel,10.9,Prepaid,6,0,105,Tier2,1,3.4,1
ORD102993,4649.12,Groceries,18.8,Prepaid,2,1,525,Tier3,6,3.6,0
ORD102994,2412.15,Books,27.2,Prepaid,6,1,380,Tier3,5,5.0,0
ORD102995,3346.48,Footwear,20.0,Prepaid,4,1,164,Tier3,7,3.7,0
ORD102996,796.08,Home,9.3,Prepaid,4,1,390,Metro,1,4.8,0
ORD102997,1221.09,Books,12.2,Prepaid,7,1,44,Tier2,4,4.9,0
ORD102998,724.7,Groceries,30.5,Prepaid,4,0,170,Tier2,8,3.9,0
ORD102999,80.36,Apparel,8.5,COD,5,1,57,Metro,2,5.0,1
ORD103000,2580.82,Beauty,29.9,Prepaid,8,2,246,Metro,7,3.5,0
ORD103001,1126.74,Electronics,16.2,COD,3,0,52,Metro,6,3.8,0
ORD103002,4096.39,Home,18.7,COD,6,0,43,Metro,6,4.4,1
ORD103003,599.26,Books,18.8,COD,4,0,42,Tier3,6,3.5,0
ORD103004,1017.94,Home,24.7,COD,1,0,59,Tier2,9,3.4,0
ORD103005,1002.89,Groceries,24.9,COD,4,2,45,Metro,5,4.7,0
ORD103006,1247.66,Footwear,35.9,Prepaid,4,1,431,Metro,6,3.5,0
ORD103007,176.52,Apparel,22.7,Prepaid,3,0,113,Metro,4,4.8,1
ORD103008,212.47,Groceries,5.8,COD,6,0,402,Metro,1,3.3,0
ORD103009,405.41,Footwear,29.8,COD,4,0,71,Metro,7,4.7,1
ORD103010,4033.89,Electronics,18.3,COD,3,0,100,Metro,1,3.8,0
ORD103011,269.0,Apparel,16.8,COD,4,0,24,Metro,9,3.9,0
ORD103012,3673.27,Electronics,45.0,COD,0,0,52,Metro,2,5.0,1
ORD103013,1193.81,Beauty,24.1,Prepaid,2,0,1785,Metro,1,4.3,0
ORD103014,2565.28,Footwear,16.2,Prepaid,7,1,690,Tier3,5,4.5,1
ORD103015,875.46,Electronics,10.5,Prepaid,5,0,38,Metro,7,4.3,1
ORD103016,3906.54,Books,21.6,COD,8,1,530,Metro,6,3.8,0
ORD103017,462.84,Books,13.8,Prepaid,2,0,271,Metro,5,4.3,0
ORD103018,971.21,Beauty,27.0,Prepaid,3,0,336,Tier2,8,3.4,0
ORD103019,1765.17,Apparel,14.7,COD,4,0,17,Metro,2,3.9,1
ORD103020,680.49,Electronics,14.3,Prepaid,5,1,299,Tier3,2,3.1,0
ORD103021,1623.32,Groceries,16.8,Prepaid,9,0,634,Tier2,3,4.1,0
ORD103022,2614.26,Electronics,8.0,Prepaid,2,0,466,Tier2,6,3.8,0
ORD103023,504.97,Electronics,44.8,COD,6,0,347,Metro,7,4.5,0
ORD103024,1538.61,Books,24.4,Prepaid,6,2,1,Metro,9,3.2,0
ORD103025,594.85,Groceries,18.9,Prepaid,3,0,584,Metro,3,4.0,0
ORD103026,532.75,Apparel,27.5,COD,3,1,259,Tier2,9,4.0,0
ORD103027,771.47,Home,12.2,Prepaid,3,0,394,Metro,3,4.4,0
ORD103028,1081.66,Footwear,3.2,COD,4,1,258,Metro,1,3.1,0
ORD103029,158.21,Footwear,5.5,COD,0,0,785,Tier3,9,4.3,0
ORD103030,754.71,Groceries,17.7,COD,6,0,133,Metro,3,4.2,0
ORD103031,462.98,Electronics,10.9,Prepaid,2,0,291,Metro,1,3.4,0
ORD103032,2588.38,Apparel,13.6,Prepaid,4,0,26,Metro,7,4.0,1
ORD103033,2484.72,Groceries,25.8,Prepaid,4,0,386,Tier2,1,4.0,0
ORD103034,1380.28,Footwear,25.1,COD,2,0,188,Tier3,3,3.9,0
ORD103035,1145.4,Apparel,39.9,COD,2,1,345,Tier2,8,4.1,1
ORD103036,1697.6,Home,12.7,COD,3,0,337,Tier2,8,3.5,1
ORD103037,1072.86,Footwear,13.9,Prepaid,5,0,513,Metro,3,4.1,1
ORD103038,1234.41,Apparel,26.2,COD,6,0,200,Metro,1,4.2,1
ORD103039,1169.9,Beauty,17.6,Prepaid,3,0,475,Metro,2,4.7,0
ORD103040,3215.51,Apparel,14.8,COD,2,0,108,Metro,5,3.0,1
ORD103041,1231.75,Books,10.7,Prepaid,6,1,46,Tier2,4,3.6,0
ORD103042,1033.08,Electronics,22.6,Prepaid,4,0,414,Tier3,7,4.0,0
ORD103043,2010.09,Home,15.2,COD,5,0,216,Metro,4,4.4,0
ORD103044,1462.61,Groceries,7.1,Prepaid,3,1,38,Tier3,4,3.2,0
ORD103045,1053.41,Apparel,10.4,Prepaid,4,2,63,Metro,9,4.6,0
ORD103046,2556.25,Groceries,37.3,Prepaid,6,1,575,Metro,8,4.7,0
ORD103047,1672.07,Electronics,23.2,COD,4,0,404,Tier2,9,3.8,1
ORD103048,1954.56,Groceries,24.2,Prepaid,2,1,308,Tier3,4,3.7,0
ORD103049,606.37,Home,35.6,COD,3,0,271,Metro,6,4.3,0
ORD103050,1213.2,Books,43.0,COD,1,0,113,Metro,7,4.1,0
ORD103051,1370.6,Books,39.9,COD,6,3,85,Tier2,7,4.6,1
ORD103052,911.31,Books,37.8,COD,4,0,586,Metro,2,4.8,0
ORD103053,450.02,Groceries,37.5,Prepaid,6,0,107,Tier2,5,4.4,0
ORD103054,2064.2,Groceries,13.9,COD,5,1,96,Tier3,9,3.9,1
ORD103055,4492.28,Home,6.6,Prepaid,6,0,1286,Tier2,9,4.0,0
ORD103056,2178.6,Apparel,11.9,Prepaid,2,0,55,Tier2,3,4.1,1
ORD103057,1148.14,Beauty,18.2,Prepaid,5,0,110,Tier3,1,4.3,0
ORD103058,1260.59,Footwear,18.7,Prepaid,6,1,292,Metro,6,3.0,0
ORD103059,1494.95,Groceries,30.0,Prepaid,2,1,273,Tier3,9,3.9,0
ORD103060,693.77,Home,21.2,COD,5,0,22,Tier2,6,5.0,0
ORD103061,1283.15,Footwear,5.2,COD,4,0,178,Tier2,5,3.4,0
ORD103062,395.17,Beauty,34.9,Prepaid,3,0,169,Tier2,7,2.9,0
ORD103063,1751.09,Electronics,4.9,Prepaid,5,0,308,Tier2,3,3.1,0
ORD103064,4978.04,Beauty,19.1,Prepaid,3,0,181,Tier2,2,2.2,0
ORD103065,4798.77,Home,22.4,Prepaid,7,0,210,Tier2,9,3.8,0
ORD103066,2267.17,Apparel,30.6,COD,1,1,161,Tier3,8,4.4,0
ORD103067,2176.1,Home,9.3,Prepaid,4,1,297,Tier2,8,4.2,0
ORD103068,1561.13,Books,7.1,Prepaid,4,0,36,Tier3,1,3.6,0
ORD103069,745.94,Home,13.2,Prepaid,1,0,745,Metro,5,4.0,0
ORD103070,1642.01,Home,13.4,Prepaid,6,0,233,Metro,6,4.1,0
ORD103071,1969.5,Electronics,31.3,Prepaid,1,0,63,Metro,4,4.2,0
ORD103072,686.12,Electronics,28.1,Prepaid,2,0,18,Tier2,1,4.9,0
ORD103073,535.44,Home,28.4,Prepaid,5,0,919,Metro,2,4.1,0
ORD103074,1589.73,Books,12.7,Prepaid,4,0,356,Tier2,5,3.7,0
ORD103075,711.57,Electronics,8.6,COD,3,2,504,Metro,1,3.5,0
ORD103076,2140.05,Electronics,9.7,Prepaid,7,2,408,Metro,9,4.0,0
ORD103077,840.98,Apparel,4.5,Prepaid,9,1,73,Metro,9,4.6,1
ORD103078,682.04,Books,11.9,Prepaid,2,0,269,Tier3,1,4.2,1
ORD103079,2832.53,Beauty,15.7,Prepaid,3,0,194,Metro,4,4.0,0
ORD103080,1058.85,Books,6.2,COD,9,1,500,Metro,3,3.6,0
ORD103081,1601.16,Electronics,2.6,Prepaid,8,0,1172,Tier2,8,4.1,0
ORD103082,573.9,Apparel,14.8,COD,1,1,169,Tier2,4,4.5,0
ORD103083,1610.94,Groceries,9.1,COD,7,1,10,Tier2,3,3.9,0
ORD103084,374.25,Electronics,21.8,COD,6,0,9,Tier2,9,3.1,0
ORD103085,1303.95,Electronics,26.3,Prepaid,2,0,315,Metro,9,4.1,0
ORD103086,1808.52,Footwear,17.2,Prepaid,5,0,767,Metro,1,3.7,0
ORD103087,2771.07,Books,22.1,Prepaid,2,0,105,Metro,6,3.4,0
ORD103088,3542.92,Apparel,18.8,Prepaid,3,0,367,Tier2,5,3.0,0
ORD103089,3759.14,Apparel,10.8,COD,4,1,206,Tier3,3,4.1,1
ORD103090,1044.83,Books,45.8,Prepaid,2,1,12,Metro,9,3.7,1
ORD103091,733.37,Electronics,14.2,Prepaid,5,1,1387,Tier2,8,4.6,0
ORD103092,4663.52,Apparel,31.4,COD,3,0,583,Tier3,8,3.8,0
ORD103093,616.89,Home,28.0,COD,3,0,235,Metro,9,3.2,1
ORD103094,651.32,Footwear,13.3,Prepaid,9,0,187,Tier2,9,4.5,0
ORD103095,1008.2,Footwear,18.5,COD,3,0,245,Tier2,8,3.9,1
ORD103096,3041.81,Beauty,24.8,Prepaid,4,1,14,Tier3,2,3.8,0
ORD103097,284.95,Beauty,13.5,Prepaid,6,1,741,Metro,3,4.6,0
ORD103098,630.68,Footwear,17.3,Prepaid,2,0,105,Metro,7,3.9,0
ORD103099,1132.77,Footwear,16.8,COD,6,1,48,Tier2,3,3.9,1
ORD103100,3192.15,Beauty,1.5,Prepaid,1,1,757,Metro,2,3.7,0
ORD103101,150.5,Groceries,15.1,Prepaid,4,0,890,Tier3,9,3.6,0
ORD103102,700.36,Home,15.3,Prepaid,4,1,216,Metro,6,4.9,0
ORD103103,2483.64,Footwear,11.2,Prepaid,2,0,286,Metro,4,3.3,0
ORD103104,4036.36,Footwear,7.4,COD,2,0,952,Tier2,1,4.6,0
ORD103105,1266.27,Apparel,25.5,COD,4,1,124,Metro,7,4.5,1
ORD103106,1589.91,Electronics,29.8,Prepaid,2,0,35,Metro,7,4.2,0
ORD103107,1974.96,Groceries,11.0,Prepaid,5,0,339,Metro,8,3.8,0
ORD103108,2005.63,Apparel,11.0,Prepaid,6,0,270,Metro,7,4.4,1
ORD103109,385.06,Home,40.1,COD,5,0,132,Metro,1,4.0,1
ORD103110,1837.06,Electronics,8.5,Prepaid,4,1,212,Tier2,7,5.0,0
ORD103111,2449.95,Groceries,31.3,Prepaid,7,1,77,Tier3,5,5.0,1
ORD103112,3867.44,Electronics,31.3,COD,6,2,297,Metro,3,4.2,0
ORD103113,1321.43,Apparel,25.4,Prepaid,6,0,611,Tier2,5,3.6,0
ORD103114,621.41,Books,34.7,COD,1,1,88,Tier2,9,2.9,1
ORD103115,2583.02,Footwear,30.8,COD,2,0,888,Metro,4,4.6,0
ORD103116,1797.57,Home,18.2,COD,4,2,502,Metro,4,2.7,0
ORD103117,33.82,Home,44.4,COD,6,0,18,Tier2,7,4.4,1
ORD103118,555.73,Home,15.9,Prepaid,3,1,296,Metro,9,3.6,0
ORD103119,81.34,Electronics,12.7,Prepaid,5,0,12,Metro,9,4.1,0
ORD103120,658.84,Beauty,32.8,Prepaid,6,1,461,Metro,1,3.6,1
ORD103121,1740.97,Home,9.5,COD,3,3,43,Tier2,9,3.8,0
ORD103122,3389.12,Books,24.0,COD,3,0,147,Metro,3,4.0,0
ORD103123,1516.73,Home,8.6,Prepaid,6,1,278,Metro,1,3.0,1
ORD103124,337.75,Electronics,16.7,Prepaid,4,1,517,Metro,3,4.5,0
ORD103125,2310.77,Apparel,15.5,Prepaid,7,1,326,Metro,4,3.8,0
ORD103126,3696.15,Groceries,29.6,Prepaid,6,0,416,Metro,7,3.5,0
ORD103127,2479.84,Beauty,8.7,COD,8,0,433,Metro,7,4.7,1
ORD103128,414.92,Home,18.6,COD,5,0,206,Tier2,6,3.7,1
ORD103129,1229.64,Footwear,19.5,Prepaid,8,0,455,Metro,1,3.5,0
ORD103130,598.18,Groceries,8.5,Prepaid,5,1,76,Tier3,3,3.3,0
ORD103131,1025.0,Home,26.2,COD,3,1,163,Metro,5,4.0,0
ORD103132,676.37,Apparel,23.2,Prepaid,7,0,72,Metro,6,3.7,0
ORD103133,472.81,Books,42.9,COD,4,1,92,Tier3,3,4.2,0
ORD103134,1245.23,Home,26.6,Prepaid,4,0,99,Tier2,9,4.1,0
ORD103135,1974.73,Home,20.4,COD,7,0,222,Metro,5,4.5,0
ORD103136,1188.35,Beauty,21.9,COD,2,0,21,Tier2,2,4.5,1
ORD103137,1242.91,Books,13.9,Prepaid,3,0,27,Tier2,4,2.0,0
ORD103138,1082.29,Beauty,23.3,COD,3,0,52,Metro,4,3.6,0
ORD103139,2191.2,Apparel,13.0,Prepaid,2,0,678,Tier3,6,3.7,0
ORD103140,107.0,Home,32.6,Prepaid,3,0,200,Tier3,8,4.7,0
ORD103141,5997.57,Apparel,16.2,Prepaid,1,0,24,Tier3,7,4.9,0
ORD103142,2459.37,Apparel,9.5,COD,8,0,83,Tier2,5,5.0,1
ORD103143,1820.78,Beauty,12.9,Prepaid,3,1,179,Tier2,1,4.1,0
ORD103144,2110.51,Home,23.2,COD,3,1,133,Metro,6,3.5,0
ORD103145,2679.04,Beauty,22.3,Prepaid,3,0,356,Tier2,8,3.6,0
ORD103146,259.07,Apparel,9.1,COD,2,2,79,Metro,1,3.0,1
ORD103147,140.73,Apparel,26.4,Prepaid,2,2,52,Tier3,2,3.6,0
ORD103148,802.4,Electronics,10.3,Prepaid,7,3,91,Metro,5,2.8,1
ORD103149,1241.9,Electronics,18.8,COD,4,0,190,Metro,3,3.9,0
ORD103150,1000.14,Groceries,27.1,COD,6,1,452,Tier3,4,4.1,1
ORD103151,1632.21,Books,33.2,COD,3,1,59,Tier2,4,3.7,0
ORD103152,676.7,Apparel,35.3,Prepaid,2,0,630,Metro,8,4.7,1
ORD103153,1756.13,Beauty,19.4,COD,2,0,16,Metro,7,3.9,0
ORD103154,736.87,Home,38.0,Prepaid,3,0,338,Metro,1,4.6,0
ORD103155,234.52,Footwear,19.3,Prepaid,4,1,1034,Tier2,9,3.2,0
ORD103156,1505.68,Footwear,13.3,COD,5,0,46,Metro,3,3.9,1
ORD103157,4348.26,Home,1.6,Prepaid,3,0,79,Metro,3,2.9,0
ORD103158,497.91,Books,29.1,COD,5,0,5,Tier2,6,3.7,0
ORD103159,1440.09,Home,2.2,Prepaid,5,2,164,Tier3,1,4.4,1
ORD103160,1737.64,Electronics,15.1,COD,3,0,399,Metro,2,4.3,1
ORD103161,897.81,Electronics,32.1,Prepaid,2,2,16,Tier2,4,3.9,0
ORD103162,1184.19,Apparel,18.6,COD,5,0,4,Metro,2,4.9,0
ORD103163,1223.13,Apparel,26.1,Prepaid,6,0,62,Metro,7,4.5,1
ORD103164,961.88,Footwear,14.7,COD,3,1,59,Tier2,9,4.3,0
ORD103165,1444.04,Books,29.7,COD,2,1,63,Tier2,6,3.6,1
ORD103166,221.49,Books,32.7,Prepaid,4,1,244,Metro,5,4.4,1
ORD103167,882.86,Footwear,43.8,Prepaid,3,0,556,Tier2,8,4.6,0
ORD103168,1817.48,Beauty,8.9,Prepaid,4,1,1220,Tier2,8,3.7,0
ORD103169,1667.0,Groceries,28.1,Prepaid,4,1,66,Tier2,4,4.3,1
ORD103170,2531.79,Footwear,10.5,Prepaid,3,0,424,Metro,1,3.6,1
ORD103171,1024.88,Home,21.8,Prepaid,1,1,930,Tier2,2,4.3,1
ORD103172,1957.65,Books,15.2,COD,4,0,272,Metro,6,3.2,0
ORD103173,597.03,Footwear,14.2,Prepaid,6,0,49,Tier2,1,3.4,0
ORD103174,227.62,Apparel,35.1,Prepaid,5,0,390,Tier2,1,3.2,1
ORD103175,1142.33,Books,6.7,Prepaid,7,0,85,Tier3,6,3.2,0
ORD103176,998.86,Books,15.3,Prepaid,0,0,612,Tier3,7,4.5,0
ORD103177,2323.47,Home,6.8,COD,4,0,121,Tier3,6,3.5,0
ORD103178,1781.05,Home,7.5,Prepaid,6,0,18,Tier2,9,4.1,1
ORD103179,1825.98,Groceries,24.9,Prepaid,2,0,283,Metro,8,4.1,0
ORD103180,1374.62,Home,9.0,COD,1,1,758,Tier2,4,4.1,0
ORD103181,1717.29,Footwear,30.9,COD,3,1,151,Metro,4,4.3,0
ORD103182,1050.43,Groceries,8.8,Prepaid,3,2,10,Metro,2,5.0,0
ORD103183,497.07,Beauty,28.7,Prepaid,6,0,496,Metro,6,4.1,0
ORD103184,1528.84,Footwear,22.1,COD,5,0,227,Metro,6,4.2,0
ORD103185,1802.5,Apparel,32.3,COD,4,0,252,Tier3,6,5.0,0
ORD103186,1007.31,Groceries,49.4,Prepaid,8,2,372,Metro,7,4.4,0
ORD103187,1136.39,Beauty,31.3,Prepaid,3,0,179,Metro,1,5.0,0
ORD103188,5903.84,Footwear,5.1,Prepaid,4,1,582,Metro,8,3.8,0
ORD103189,1051.79,Electronics,10.7,COD,4,1,356,Tier2,5,4.0,1
ORD103190,946.78,Electronics,10.5,Prepaid,8,1,47,Tier2,6,4.6,0
ORD103191,973.09,Electronics,29.9,COD,4,0,30,Tier2,7,4.5,0
ORD103192,1819.39,Books,18.4,COD,4,0,180,Metro,9,4.8,0
ORD103193,1248.59,Footwear,11.1,COD,7,2,93,Metro,4,3.6,0
ORD103194,5356.35,Groceries,25.6,COD,3,1,150,Tier2,9,3.2,0
ORD103195,3350.45,Apparel,28.6,Prepaid,3,0,125,Tier2,7,3.5,0
ORD103196,860.83,Footwear,8.0,COD,4,1,207,Metro,1,4.4,0
ORD103197,833.89,Beauty,22.9,Prepaid,7,0,998,Metro,6,3.9,0
ORD103198,498.81,Beauty,22.7,Prepaid,4,1,119,Metro,8,3.8,0
ORD103199,568.51,Electronics,17.6,Prepaid,5,0,313,Metro,1,4.8,0
ORD103200,2503.82,Groceries,9.2,COD,3,0,55,Metro,2,4.5,0
ORD103201,2148.04,Books,7.3,COD,1,1,376,Tier2,9,3.1,1
ORD103202,718.46,Books,1.2,Prepaid,1,0,180,Metro,4,3.4,0
ORD103203,2544.82,Groceries,9.4,Prepaid,6,1,113,Metro,5,4.2,0
ORD103204,1581.83,Beauty,14.5,COD,4,2,169,Metro,6,3.2,0
ORD103205,1280.75,Apparel,24.3,Prepaid,6,2,1092,Tier3,3,3.3,0
ORD103206,206.3,Apparel,27.0,Prepaid,5,0,366,Tier3,7,4.7,0
ORD103207,5693.05,Home,6.0,COD,2,0,28,Metro,6,2.7,0
ORD103208,888.9,Beauty,10.5,COD,4,1,31,Tier2,9,3.5,1
ORD103209,3519.59,Beauty,9.7,Prepaid,4,0,69,Tier2,4,5.0,0
ORD103210,763.49,Books,22.1,COD,3,0,199,Metro,7,4.9,0
ORD103211,668.37,Footwear,41.9,Prepaid,5,2,176,Tier3,9,4.6,1
ORD103212,2795.59,Home,28.0,COD,9,0,41,Tier3,5,5.0,0
ORD103213,1244.42,Books,17.4,Prepaid,4,0,453,Tier3,4,3.5,0
ORD103214,1303.64,Groceries,22.9,Prepaid,4,2,364,Tier3,5,3.7,0
ORD103215,1172.88,Footwear,16.3,COD,5,1,65,Tier3,8,4.0,1
ORD103216,1702.05,Footwear,18.8,COD,4,0,125,Metro,7,3.7,0
ORD103217,303.8,Books,12.8,COD,3,0,383,Metro,8,4.3,0
ORD103218,2366.58,Beauty,33.6,Prepaid,6,0,234,Tier2,1,3.9,0
ORD103219,1634.16,Home,5.9,Prepaid,4,1,501,Tier2,5,4.4,0
ORD103220,2111.81,Electronics,33.0,COD,3,0,448,Tier3,5,3.1,0
ORD103221,374.51,Beauty,10.7,Prepaid,4,0,27,Tier3,7,5.0,0
ORD103222,807.54,Electronics,10.1,Prepaid,4,1,83,Tier2,8,4.4,0
ORD103223,1749.4,Apparel,19.5,COD,5,0,395,Metro,5,4.7,1
ORD103224,2588.3,Groceries,24.7,COD,5,1,241,Metro,1,3.8,0
ORD103225,1266.76,Electronics,7.1,COD,3,1,72,Metro,1,3.5,0
ORD103226,2071.0,Apparel,34.1,COD,6,2,448,Tier2,5,4.2,1
ORD103227,2029.65,Footwear,12.9,Prepaid,5,1,2,Metro,3,3.0,1
ORD103228,5090.95,Groceries,18.1,Prepaid,3,1,197,Tier2,2,3.1,1
ORD103229,1596.55,Books,27.6,COD,4,0,293,Metro,1,4.3,0
ORD103230,2520.63,Footwear,30.3,COD,1,1,181,Metro,9,4.0,0
ORD103231,1994.22,Beauty,44.4,COD,3,0,102,Tier3,3,3.9,0
ORD103232,1621.96,Groceries,33.3,COD,6,1,1579,Tier3,6,2.8,0
ORD103233,627.25,Books,13.4,COD,2,1,276,Tier2,5,3.5,0
ORD103234,2920.27,Apparel,11.2,Prepaid,3,0,144,Metro,7,3.8,0
ORD103235,598.68,Beauty,27.0,COD,6,1,110,Tier3,3,4.9,1
ORD103236,3354.78,Electronics,20.0,COD,4,0,532,Metro,2,5.0,0
ORD103237,482.55,Books,12.6,Prepaid,7,0,69,Tier3,3,4.3,0
ORD103238,2354.38,Footwear,12.5,COD,5,0,471,Metro,2,4.3,0
ORD103239,1098.62,Footwear,11.1,Prepaid,2,0,235,Metro,7,2.9,1
ORD103240,2675.81,Apparel,2.4,COD,4,0,163,Tier3,3,3.4,1
ORD103241,1601.57,Groceries,15.2,Prepaid,4,0,282,Tier3,7,4.1,0
ORD103242,1950.98,Beauty,24.0,COD,4,1,31,Tier3,7,3.4,0
ORD103243,1112.57,Beauty,38.7,COD,3,0,222,Metro,6,2.7,0
ORD103244,1165.98,Books,7.3,Prepaid,3,0,341,Metro,8,4.0,0
ORD103245,2227.68,Footwear,19.1,Prepaid,3,0,176,Metro,8,4.2,0
ORD103246,3850.38,Electronics,20.0,Prepaid,3,0,604,Tier2,9,4.0,1
ORD103247,479.49,Groceries,10.6,Prepaid,3,1,322,Metro,5,4.5,0
ORD103248,1041.43,Home,3.5,Prepaid,6,0,389,Tier2,9,4.0,1
ORD103249,524.38,Electronics,16.6,Prepaid,5,1,232,Metro,2,4.7,0
ORD103250,1383.63,Books,49.4,Prepaid,4,0,595,Metro,4,3.8,0
ORD103251,2121.75,Footwear,21.4,COD,4,0,21,Metro,6,3.6,1
ORD103252,1860.46,Apparel,25.8,Prepaid,0,0,104,Tier2,9,3.8,0
ORD103253,1305.42,Electronics,34.7,COD,2,0,100,Metro,6,3.4,0
ORD103254,2676.9,Home,32.4,COD,2,0,53,Tier3,8,4.8,0
ORD103255,2431.3,Electronics,8.4,COD,4,0,418,Metro,6,5.0,0
ORD103256,3376.93,Apparel,9.3,Prepaid,2,0,120,Tier2,3,3.4,0
ORD103257,879.81,Home,11.9,COD,6,0,124,Metro,1,3.7,0
ORD103258,2685.08,Electronics,17.3,COD,3,1,76,Metro,1,3.9,0
ORD103259,1704.72,Electronics,12.3,COD,4,1,390,Tier2,7,5.0,1
ORD103260,474.03,Groceries,24.4,Prepaid,6,2,64,Metro,1,4.7,0
ORD103261,1613.62,Apparel,14.4,Prepaid,2,1,589,Metro,6,3.4,0
ORD103262,4078.56,Electronics,38.2,Prepaid,4,1,293,Tier3,5,3.6,0
ORD103263,1136.35,Home,22.2,Prepaid,2,1,24,Tier3,6,4.7,0
ORD103264,1998.87,Books,17.6,Prepaid,2,1,1,Tier2,3,4.5,0
ORD103265,1875.26,Footwear,8.9,Prepaid,5,2,407,Tier2,6,4.3,1
ORD103266,844.14,Beauty,25.6,COD,6,1,54,Tier3,7,2.0,1
ORD103267,1386.67,Books,8.4,Prepaid,2,0,42,Metro,7,3.3,0
ORD103268,1158.23,Footwear,47.5,COD,4,1,303,Metro,9,4.2,1
ORD103269,1366.13,Electronics,5.2,COD,6,2,325,Metro,1,3.6,0
ORD103270,1321.65,Books,36.4,Prepaid,5,0,90,Metro,5,3.8,0
ORD103271,1100.41,Books,10.5,COD,8,0,62,Metro,6,3.7,0
ORD103272,929.01,Electronics,36.3,Prepaid,3,0,333,Metro,5,3.9,0
ORD103273,780.11,Beauty,28.5,COD,8,0,10,Tier2,9,4.3,0
ORD103274,1217.79,Electronics,11.2,COD,4,1,490,Metro,5,4.2,0
ORD103275,768.03,Electronics,16.0,COD,7,1,700,Tier3,5,4.0,1
ORD103276,3302.7,Electronics,13.7,Prepaid,3,0,365,Metro,8,2.7,1
ORD103277,2206.83,Footwear,49.9,Prepaid,8,0,177,Metro,6,4.6,1
ORD103278,1736.6,Books,34.9,Prepaid,2,0,31,Metro,6,3.4,0
ORD103279,1417.57,Electronics,26.7,Prepaid,1,0,50,Tier3,1,4.3,1
ORD103280,1233.54,Apparel,9.4,COD,4,0,505,Tier3,1,4.1,0
ORD103281,348.43,Home,28.9,COD,2,0,445,Tier3,6,4.2,0
ORD103282,2779.34,Books,18.5,COD,4,0,43,Metro,9,2.6,0
ORD103283,3147.37,Books,19.2,Prepaid,7,0,106,Tier2,7,3.8,1
ORD103284,1556.41,Groceries,23.1,Prepaid,8,1,220,Metro,2,4.9,0
ORD103285,970.38,Footwear,25.9,Prepaid,4,2,157,Metro,6,4.3,1
ORD103286,2007.23,Home,5.7,Prepaid,3,1,224,Metro,9,3.7,1
ORD103287,789.68,Books,37.4,Prepaid,9,0,91,Tier2,7,4.5,0
ORD103288,1589.13,Books,12.7,Prepaid,2,1,1455,Metro,9,3.8,0
ORD103289,1584.62,Apparel,12.3,Prepaid,2,1,191,Metro,4,4.2,1
ORD103290,1992.22,Apparel,33.6,Prepaid,1,1,83,Tier2,1,4.1,0
ORD103291,1875.38,Home,31.7,COD,5,1,133,Tier3,9,3.8,0
ORD103292,2410.37,Electronics,4.2,Prepaid,4,0,156,Metro,8,3.5,0
ORD103293,660.5,Apparel,23.8,COD,2,0,257,Metro,3,4.1,0
ORD103294,1980.15,Apparel,14.1,COD,9,0,396,Metro,6,3.9,1
ORD103295,1414.02,Electronics,13.5,Prepaid,7,1,50,Tier3,3,2.3,0
ORD103296,1510.52,Home,4.3,Prepaid,4,0,24,Tier3,8,3.9,0
ORD103297,2814.65,Footwear,43.3,Prepaid,4,0,1056,Metro,9,3.4,0
ORD103298,1669.07,Electronics,7.7,COD,3,0,619,Metro,5,4.0,0
ORD103299,2777.21,Beauty,42.3,Prepaid,3,1,1,Metro,5,4.5,0
ORD103300,710.05,Apparel,12.5,Prepaid,2,0,197,Metro,3,5.0,0
ORD103301,743.51,Apparel,5.7,COD,3,0,210,Tier2,6,3.9,0
ORD103302,4539.6,Books,12.2,Prepaid,3,0,152,Tier3,7,4.3,0
ORD103303,4125.67,Beauty,7.4,Prepaid,4,1,591,Tier3,2,3.9,0
ORD103304,1188.41,Groceries,23.8,Prepaid,4,0,241,Metro,4,3.6,0
ORD103305,280.13,Groceries,2.6,Prepaid,1,0,526,Metro,7,4.2,0
ORD103306,573.17,Footwear,11.2,COD,5,0,1448,Tier3,2,3.6,1
ORD103307,2030.26,Apparel,7.2,Prepaid,2,2,429,Metro,6,3.6,1
ORD103308,876.49,Footwear,19.5,Prepaid,4,1,334,Metro,3,3.9,0
ORD103309,3320.25,Books,26.1,Prepaid,4,1,103,Tier2,1,4.6,0
ORD103310,445.04,Footwear,13.6,Prepaid,6,0,75,Tier2,9,4.7,1
ORD103311,3155.21,Electronics,19.0,Prepaid,2,0,101,Metro,3,2.9,1
ORD103312,2794.08,Home,16.8,Prepaid,1,0,759,Metro,6,4.7,0
ORD103313,909.99,Electronics,9.8,COD,2,0,267,Tier2,8,4.6,1
ORD103314,424.47,Groceries,18.2,COD,6,1,342,Metro,2,3.2,0
ORD103315,1354.0,Home,23.0,COD,5,0,134,Metro,6,3.7,1
ORD103316,1927.91,Home,32.9,Prepaid,2,1,2,Tier2,7,4.6,1
ORD103317,1491.52,Apparel,18.9,COD,2,0,330,Metro,2,4.5,1
ORD103318,1450.28,Beauty,21.3,COD,5,0,107,Tier2,8,3.0,1
ORD103319,3228.66,Groceries,28.4,Prepaid,3,1,326,Tier3,1,3.9,0
ORD103320,2466.05,Beauty,43.3,COD,5,2,161,Tier3,5,4.2,1
ORD103321,1470.59,Electronics,13.6,Prepaid,8,0,93,Metro,6,5.0,0
ORD103322,4350.13,Groceries,17.9,COD,4,0,146,Metro,8,3.9,1
ORD103323,1504.2,Footwear,11.9,COD,2,2,11,Metro,7,4.0,1
ORD103324,1854.08,Apparel,22.5,Prepaid,3,1,1094,Tier3,1,3.4,0
ORD103325,1270.98,Beauty,6.8,Prepaid,3,0,32,Metro,1,3.5,0
ORD103326,1581.72,Footwear,4.9,Prepaid,3,1,176,Tier3,6,3.7,0
ORD103327,2034.49,Electronics,29.5,Prepaid,4,0,159,Tier3,3,3.9,0
ORD103328,4992.46,Apparel,24.8,Prepaid,2,1,198,Tier3,8,2.9,0
ORD103329,1123.29,Home,43.2,COD,4,1,181,Metro,1,4.1,1
ORD103330,2293.2,Apparel,5.1,COD,0,0,1013,Metro,1,3.8,1
ORD103331,735.11,Electronics,41.6,Prepaid,2,0,37,Tier2,1,3.4,0
ORD103332,168.3,Electronics,3.1,Prepaid,7,1,879,Tier3,9,4.0,0
ORD103333,1028.36,Footwear,15.5,Prepaid,2,0,77,Tier3,9,4.4,0
ORD103334,1599.36,Electronics,26.2,Prepaid,6,0,298,Metro,4,4.4,0
ORD103335,773.32,Books,12.8,Prepaid,4,1,239,Metro,4,4.8,0
ORD103336,349.99,Footwear,13.8,Prepaid,3,0,556,Tier2,9,3.0,0
ORD103337,2340.16,Footwear,27.8,Prepaid,4,0,470,Tier3,5,4.2,0
ORD103338,1729.9,Electronics,11.9,Prepaid,2,1,224,Tier2,3,4.5,0
ORD103339,2260.33,Groceries,30.3,COD,4,2,429,Tier2,9,4.2,1
ORD103340,2136.46,Home,35.3,Prepaid,4,0,118,Tier3,8,3.4,1
ORD103341,2507.75,Beauty,14.3,Prepaid,4,1,183,Metro,7,4.8,0
ORD103342,978.14,Home,36.9,Prepaid,5,0,19,Tier2,1,4.4,0
ORD103343,1368.18,Apparel,6.4,COD,6,0,124,Tier2,9,3.2,1
ORD103344,2097.38,Home,21.4,COD,4,0,1,Tier3,9,5.0,1
ORD103345,846.04,Apparel,32.1,COD,3,1,0,Tier2,6,3.5,0
ORD103346,1808.7,Home,5.1,COD,1,1,165,Metro,3,3.9,1
ORD103347,237.96,Beauty,26.2,Prepaid,4,1,441,Tier3,8,4.2,1
ORD103348,1910.37,Electronics,24.8,COD,2,0,310,Tier3,3,2.9,0
ORD103349,1927.31,Beauty,8.1,Prepaid,0,0,152,Tier2,8,3.2,0
ORD103350,2254.97,Electronics,19.7,COD,4,0,233,Metro,5,3.3,0
ORD103351,237.02,Groceries,5.3,Prepaid,8,0,4,Metro,3,4.0,0
ORD103352,4103.2,Electronics,8.8,COD,3,2,859,Metro,6,4.8,0
ORD103353,1378.34,Apparel,20.5,Prepaid,6,0,332,Tier3,5,4.6,0
ORD103354,1279.62,Footwear,8.5,Prepaid,2,0,606,Tier2,3,4.2,1
ORD103355,613.32,Beauty,34.1,Prepaid,6,1,14,Metro,1,4.1,0
ORD103356,3957.93,Beauty,8.6,Prepaid,3,0,36,Tier3,7,4.3,1
ORD103357,2735.21,Apparel,19.4,COD,5,0,507,Metro,8,4.3,0
ORD103358,908.64,Beauty,0.4,Prepaid,6,0,69,Tier3,6,4.0,0
ORD103359,2078.62,Groceries,10.5,COD,5,1,435,Tier2,3,3.4,0
ORD103360,893.27,Books,5.5,Prepaid,2,1,84,Tier2,5,4.7,0
ORD103361,902.08,Apparel,29.8,COD,4,1,517,Metro,2,4.9,1
ORD103362,562.67,Footwear,4.5,Prepaid,3,1,453,Metro,9,4.4,0
ORD103363,852.81,Apparel,19.2,COD,2,0,608,Tier2,9,4.4,1
ORD103364,1448.82,Beauty,30.4,Prepaid,3,2,291,Tier2,4,4.2,0
ORD103365,1478.2,Electronics,21.2,Prepaid,3,1,121,Tier2,1,4.5,1
ORD103366,226.17,Beauty,14.9,COD,3,0,61,Metro,3,4.4,0
ORD103367,3684.96,Apparel,29.1,Prepaid,7,0,59,Metro,1,2.9,0
ORD103368,2768.27,Electronics,33.9,COD,1,1,197,Tier2,7,3.7,0
ORD103369,1973.53,Home,10.4,COD,3,1,539,Metro,6,3.1,1
ORD103370,3318.23,Books,37.8,Prepaid,2,2,118,Metro,4,4.1,0
ORD103371,446.45,Footwear,15.9,Prepaid,1,1,105,Metro,9,3.7,1
ORD103372,682.55,Apparel,16.4,Prepaid,3,2,32,Tier3,2,3.1,1
ORD103373,1004.29,Groceries,7.3,Prepaid,3,3,418,Tier2,6,3.6,0
ORD103374,1138.43,Home,15.5,COD,2,0,227,Tier2,2,3.3,1
ORD103375,1787.0,Electronics,5.6,Prepaid,3,0,50,Metro,6,3.1,1
ORD103376,2864.66,Groceries,24.6,Prepaid,4,1,342,Tier3,8,3.7,0
ORD103377,262.4,Home,13.7,Prepaid,4,3,128,Metro,6,3.9,0
ORD103378,1557.99,Beauty,8.4,COD,2,1,1064,Metro,8,5.0,0
ORD103379,1541.92,Electronics,17.4,COD,3,0,483,Metro,3,3.9,0
ORD103380,1624.97,Home,23.0,Prepaid,6,1,17,Tier2,1,4.3,0
ORD103381,2891.48,Home,10.8,Prepaid,2,1,44,Metro,8,3.8,1
ORD103382,934.33,Books,17.0,COD,1,0,112,Tier3,3,3.1,0
ORD103383,485.37,Footwear,3.5,Prepaid,6,0,62,Tier2,4,5.0,0
ORD103384,871.36,Groceries,20.3,Prepaid,3,1,254,Tier2,1,4.1,1
ORD103385,1739.51,Books,21.4,Prepaid,3,3,230,Metro,2,4.0,1
ORD103386,1392.55,Electronics,27.7,Prepaid,4,0,14,Tier2,2,3.9,0
ORD103387,3556.75,Home,35.9,Prepaid,4,0,107,Metro,8,4.2,0
ORD103388,1604.04,Books,15.0,Prepaid,3,0,147,Tier2,5,2.4,1
ORD103389,3222.79,Footwear,11.3,COD,2,0,384,Metro,1,3.5,1
ORD103390,204.28,Beauty,20.4,Prepaid,2,1,1232,Metro,6,3.9,0
ORD103391,244.02,Footwear,18.0,Prepaid,6,2,132,Tier3,7,4.1,0
ORD103392,921.15,Groceries,44.4,Prepaid,4,1,203,Tier2,9,4.8,0
ORD103393,2607.47,Electronics,5.8,COD,4,2,495,Metro,2,3.9,1
ORD103394,1883.77,Books,30.1,Prepaid,5,0,224,Metro,1,4.2,0
ORD103395,3068.97,Books,15.2,Prepaid,2,1,3,Metro,3,4.0,0
ORD103396,2411.03,Beauty,21.6,COD,1,1,1279,Metro,3,3.1,0
ORD103397,1711.66,Groceries,34.2,Prepaid,2,0,48,Metro,1,3.1,0
ORD103398,6430.87,Groceries,20.7,Prepaid,4,2,46,Tier2,7,4.5,0
ORD103399,554.71,Groceries,6.9,COD,6,1,394,Tier3,7,4.8,0
ORD103400,835.91,Groceries,22.1,Prepaid,4,1,332,Tier2,2,3.8,1
ORD103401,1636.35,Electronics,14.7,Prepaid,7,1,569,Metro,2,4.5,0
ORD103402,1749.5,Books,26.7,Prepaid,3,0,26,Metro,6,5.0,0
ORD103403,1168.45,Home,12.3,Prepaid,2,2,483,Tier2,5,3.6,0
ORD103404,1052.21,Home,13.8,COD,3,1,155,Tier2,5,3.5,0
ORD103405,197.24,Books,25.6,COD,2,0,2,Metro,7,4.4,0
ORD103406,1846.32,Home,18.4,COD,6,1,26,Tier2,2,3.4,1
ORD103407,631.42,Groceries,17.6,Prepaid,8,0,31,Metro,5,3.8,0
ORD103408,265.13,Apparel,19.5,Prepaid,6,0,970,Tier2,4,4.8,1
ORD103409,1626.07,Footwear,26.8,COD,6,3,231,Metro,7,4.5,0
ORD103410,572.8,Beauty,24.2,Prepaid,3,0,424,Metro,3,4.2,0
ORD103411,1751.0,Home,21.1,COD,6,1,293,Metro,4,4.1,0
ORD103412,1452.43,Footwear,44.4,COD,2,0,34,Tier3,3,3.3,1
ORD103413,1551.15,Beauty,17.1,COD,1,1,114,Metro,8,4.0,0
ORD103414,525.61,Home,4.5,COD,0,0,293,Metro,3,3.9,0
ORD103415,2934.64,Books,30.1,Prepaid,3,1,81,Metro,4,3.8,1
ORD103416,2431.44,Home,41.1,COD,4,0,95,Tier2,3,4.2,1
ORD103417,273.44,Apparel,19.8,COD,2,2,232,Metro,3,4.7,1
ORD103418,1131.66,Beauty,52.0,COD,3,0,506,Tier2,3,4.9,0
ORD103419,1075.27,Apparel,10.5,Prepaid,2,2,212,Tier2,6,4.5,1
ORD103420,2526.39,Beauty,15.7,COD,3,0,29,Tier2,1,4.2,0
ORD103421,1177.38,Electronics,38.2,Prepaid,4,0,298,Tier3,6,5.0,0
ORD103422,2330.3,Books,29.7,Prepaid,0,0,183,Metro,3,4.3,0
ORD103423,659.01,Electronics,22.7,Prepaid,4,1,547,Metro,4,4.3,0
ORD103424,709.51,Apparel,9.2,COD,4,4,27,Tier2,4,3.7,1
ORD103425,4707.06,Home,15.8,Prepaid,6,0,131,Metro,4,4.5,1
ORD103426,422.81,Books,39.8,COD,6,2,1158,Metro,1,3.5,0
ORD103427,1838.12,Books,29.1,COD,4,3,39,Tier2,2,2.6,0
ORD103428,1073.29,Electronics,30.9,Prepaid,2,1,549,Metro,9,4.3,0
ORD103429,191.63,Footwear,16.8,Prepaid,7,1,167,Tier3,8,4.2,1
ORD103430,2332.98,Home,18.8,Prepaid,5,3,39,Metro,2,4.2,1
ORD103431,1630.04,Books,31.5,COD,5,0,28,Metro,7,4.3,1
ORD103432,909.52,Footwear,23.1,COD,3,0,127,Metro,5,4.1,1
ORD103433,2413.77,Electronics,19.6,Prepaid,9,1,68,Metro,3,3.8,0
ORD103434,3384.8,Footwear,23.4,COD,4,0,227,Tier2,4,4.2,1
ORD103435,2484.31,Apparel,14.8,COD,8,2,235,Tier2,6,4.4,1
ORD103436,2438.84,Electronics,39.6,Prepaid,3,0,131,Tier2,7,3.4,0
ORD103437,1009.91,Beauty,11.3,COD,3,2,149,Tier2,5,4.5,0
ORD103438,768.89,Groceries,34.2,COD,3,0,344,Tier3,2,4.4,0
ORD103439,2084.28,Apparel,11.9,COD,4,1,234,Tier2,8,3.5,1
ORD103440,2011.92,Footwear,19.7,COD,0,0,465,Metro,7,3.5,0
ORD103441,108.4,Electronics,54.4,COD,9,1,995,Tier2,5,3.7,0
ORD103442,2176.77,Footwear,13.6,COD,3,0,0,Tier3,4,4.1,0
ORD103443,174.68,Electronics,31.1,COD,7,0,313,Metro,2,4.8,1
ORD103444,1306.91,Groceries,21.4,Prepaid,3,1,619,Tier3,8,3.8,1
ORD103445,1619.29,Footwear,9.3,Prepaid,3,1,9,Metro,4,4.8,1
ORD103446,4063.59,Footwear,5.7,COD,2,0,9,Metro,2,3.7,0
ORD103447,655.59,Apparel,5.8,COD,3,0,1026,Metro,3,4.6,0
ORD103448,894.79,Groceries,24.8,COD,3,1,767,Tier2,5,5.0,0
ORD103449,316.46,Home,19.6,COD,4,0,15,Tier3,7,3.4,1
ORD103450,1445.09,Groceries,13.5,Prepaid,6,0,12,Tier2,1,4.3,0
ORD103451,2182.22,Groceries,48.2,Prepaid,3,0,97,Tier2,4,3.9,0
ORD103452,1467.27,Footwear,4.9,COD,2,0,528,Metro,8,3.4,0
ORD103453,703.28,Groceries,8.9,Prepaid,3,0,99,Tier2,3,3.7,0
ORD103454,991.89,Footwear,21.8,COD,4,1,4,Tier3,4,3.7,1
ORD103455,1419.79,Apparel,31.1,Prepaid,5,0,267,Metro,7,4.2,1
ORD103456,1874.6,Groceries,29.4,Prepaid,1,1,323,Metro,1,3.9,1
ORD103457,372.95,Home,36.8,COD,2,0,243,Metro,5,3.9,1
ORD103458,1304.11,Electronics,44.4,Prepaid,8,0,67,Metro,6,3.8,0
ORD103459,683.8,Books,30.7,COD,3,0,44,Tier3,2,5.0,0
ORD103460,948.96,Books,7.3,COD,2,0,538,Tier2,1,4.3,0
ORD103461,2236.35,Footwear,15.0,Prepaid,2,2,684,Tier2,6,4.2,1
ORD103462,4650.46,Apparel,31.5,COD,4,1,0,Metro,3,3.4,0
ORD103463,3043.47,Footwear,15.9,COD,2,1,844,Tier3,1,3.9,1
ORD103464,1339.97,Apparel,25.3,Prepaid,5,0,6,Tier3,7,3.4,0
ORD103465,864.84,Books,9.8,Prepaid,2,2,82,Tier3,5,3.7,0
ORD103466,2135.47,Home,22.4,COD,5,1,510,Tier2,6,5.0,0
ORD103467,602.08,Home,18.8,Prepaid,8,1,743,Metro,3,4.0,1
ORD103468,683.94,Beauty,10.8,COD,4,0,218,Tier3,5,4.1,0
ORD103469,1081.7,Home,29.0,COD,3,0,159,Tier2,7,3.9,0
ORD103470,535.43,Apparel,3.9,Prepaid,3,1,71,Tier2,1,5.0,1
ORD103471,71.55,Footwear,42.8,Prepaid,5,0,283,Tier2,1,4.9,1
ORD103472,2919.77,Beauty,6.5,Prepaid,3,0,200,Tier2,4,4.2,0
ORD103473,1026.34,Home,22.7,Prepaid,1,0,356,Tier3,1,3.8,0
ORD103474,2071.7,Books,14.0,Prepaid,5,0,127,Metro,6,4.1,0
ORD103475,124.75,Beauty,10.2,Prepaid,9,2,325,Metro,3,3.7,0
ORD103476,3683.21,Home,36.4,COD,2,0,80,Tier3,1,3.8,0
ORD103477,1748.51,Home,10.6,COD,5,0,268,Tier2,9,4.2,1
ORD103478,3471.01,Home,7.3,COD,1,0,47,Metro,4,3.8,0
ORD103479,5086.38,Electronics,3.9,Prepaid,7,0,50,Metro,3,5.0,0
ORD103480,2190.75,Groceries,34.4,Prepaid,4,0,28,Metro,3,3.4,0
ORD103481,2081.54,Electronics,22.6,Prepaid,3,0,44,Tier2,5,4.5,0
ORD103482,677.82,Apparel,4.7,COD,6,1,336,Metro,3,3.9,0
ORD103483,2231.73,Electronics,10.7,COD,4,1,763,Tier2,1,3.8,0
ORD103484,1788.6,Apparel,2.6,Prepaid,7,4,156,Metro,3,4.2,0
ORD103485,584.34,Home,31.5,Prepaid,6,0,39,Metro,9,4.5,0
ORD103486,1518.74,Books,28.0,Prepaid,3,0,212,Tier2,2,5.0,0
ORD103487,2519.48,Groceries,13.0,Prepaid,5,1,163,Metro,1,4.6,0
ORD103488,2938.05,Electronics,40.2,Prepaid,5,0,469,Tier2,7,3.3,0
ORD103489,2190.76,Groceries,18.6,Prepaid,3,0,384,Tier2,9,3.4,0
ORD103490,1164.49,Electronics,25.1,COD,6,0,651,Tier3,9,3.1,0
ORD103491,750.56,Electronics,7.9,COD,3,1,149,Metro,5,4.4,1
ORD103492,1513.76,Footwear,16.7,COD,4,0,350,Metro,1,4.3,1
ORD103493,1359.86,Apparel,40.1,Prepaid,5,2,70,Tier2,6,3.9,1
ORD103494,2106.01,Home,27.0,Prepaid,5,0,68,Tier2,3,3.2,0
ORD103495,2833.9,Home,35.5,COD,3,0,517,Metro,8,4.1,1
ORD103496,1972.36,Apparel,26.6,Prepaid,2,1,15,Metro,3,4.2,1
ORD103497,200.15,Groceries,16.0,COD,1,1,160,Metro,2,3.1,1
ORD103498,3753.04,Footwear,16.6,Prepaid,7,0,171,Metro,7,4.4,0
ORD103499,1394.7,Apparel,2.7,Prepaid,7,0,158,Metro,9,3.6,1
ORD103500,846.82,Groceries,35.8,Prepaid,3,2,128,Tier2,3,2.3,0
ORD103501,622.94,Groceries,20.8,COD,3,1,257,Metro,2,3.6,0
ORD103502,278.44,Apparel,17.0,Prepaid,3,0,209,Metro,1,4.0,0
ORD103503,1198.13,Apparel,6.3,Prepaid,4,1,98,Metro,9,3.3,1
ORD103504,1802.01,Books,19.6,COD,4,0,23,Tier2,4,3.7,0
ORD103505,4875.88,Electronics,24.1,COD,7,1,11,Tier2,2,4.8,1
ORD103506,777.29,Electronics,13.2,COD,3,0,22,Metro,6,3.9,1
ORD103507,2696.22,Groceries,7.0,Prepaid,10,1,224,Tier2,4,3.5,0
ORD103508,1734.34,Electronics,21.9,COD,5,1,15,Tier3,4,4.2,0
ORD103509,5541.53,Groceries,2.2,Prepaid,2,0,33,Tier2,8,3.2,0
ORD103510,757.99,Footwear,33.7,COD,1,1,179,Tier3,6,3.6,1
ORD103511,1243.99,Beauty,22.1,COD,4,0,55,Tier2,3,4.1,1
ORD103512,577.76,Books,11.5,Prepaid,4,0,230,Metro,4,4.0,0
ORD103513,365.75,Electronics,9.8,Prepaid,5,1,119,Metro,5,4.4,0
ORD103514,1302.35,Footwear,13.0,COD,3,2,246,Tier2,5,4.6,1
ORD103515,2822.0,Books,1.7,COD,6,0,63,Metro,2,4.3,0
ORD103516,1607.44,Beauty,38.7,COD,1,0,27,Tier3,9,3.5,0
ORD103517,3070.37,Electronics,17.4,COD,4,0,184,Tier2,8,3.6,1
ORD103518,4804.58,Apparel,13.5,COD,3,0,476,Tier3,8,4.1,1
ORD103519,2239.18,Electronics,4.0,COD,3,2,650,Metro,9,3.8,0
ORD103520,2976.43,Home,9.1,COD,4,0,170,Tier3,6,4.8,0
ORD103521,280.16,Books,25.5,COD,4,0,134,Tier2,4,3.3,0
ORD103522,477.34,Electronics,14.1,COD,5,0,180,Metro,9,4.7,0
ORD103523,718.95,Groceries,19.2,Prepaid,2,1,340,Metro,4,3.6,0
ORD103524,3124.53,Groceries,7.8,Prepaid,2,0,1063,Tier3,8,4.3,1
ORD103525,2580.28,Groceries,16.4,COD,5,0,109,Tier3,7,4.1,0
ORD103526,2337.13,Home,43.6,COD,8,0,639,Metro,5,5.0,0
ORD103527,918.71,Home,22.0,Prepaid,6,0,70,Metro,7,3.6,0
ORD103528,1490.76,Footwear,15.3,COD,2,2,234,Tier3,7,3.7,1
ORD103529,1649.73,Apparel,31.8,Prepaid,5,1,244,Tier3,8,4.0,1
ORD103530,1163.22,Groceries,7.4,Prepaid,1,1,15,Tier2,4,3.7,1
ORD103531,974.24,Apparel,10.1,Prepaid,4,1,226,Tier2,8,4.7,0
ORD103532,1540.17,Beauty,12.7,COD,0,0,386,Metro,5,4.1,0
ORD103533,115.6,Books,13.7,Prepaid,3,0,630,Metro,2,4.6,0
ORD103534,1327.88,Apparel,15.8,COD,5,0,494,Metro,5,3.1,1
ORD103535,135.73,Books,18.3,Prepaid,6,0,219,Tier3,4,3.9,0
ORD103536,697.38,Home,8.9,Prepaid,6,0,182,Metro,1,3.9,0
ORD103537,1241.95,Beauty,19.3,Prepaid,6,1,13,Tier2,4,3.6,1
ORD103538,635.54,Apparel,17.9,COD,2,1,371,Metro,1,4.2,1
ORD103539,499.88,Electronics,28.9,Prepaid,3,0,765,Metro,2,4.5,0
ORD103540,1040.1,Beauty,17.2,Prepaid,7,0,37,Metro,1,4.2,0
ORD103541,2793.72,Beauty,35.4,COD,3,0,725,Tier2,1,2.8,1
ORD103542,1401.98,Beauty,33.2,Prepaid,3,0,411,Metro,9,3.6,1
ORD103543,2423.18,Home,6.9,Prepaid,5,1,135,Tier3,5,3.1,0
ORD103544,1142.8,Books,40.4,Prepaid,4,0,33,Tier2,7,3.8,0
ORD103545,2502.48,Groceries,10.1,COD,3,2,88,Metro,2,4.3,1
ORD103546,462.61,Apparel,7.8,COD,5,0,197,Metro,3,3.9,1
ORD103547,561.48,Footwear,20.8,Prepaid,7,1,189,Metro,6,4.1,0
ORD103548,461.94,Footwear,28.8,Prepaid,2,1,0,Tier2,3,3.5,1
ORD103549,2206.12,Books,16.3,COD,5,1,38,Metro,8,3.9,1
ORD103550,746.79,Electronics,18.1,Prepaid,4,1,799,Metro,2,4.0,0
ORD103551,1115.85,Apparel,8.0,Prepaid,1,0,100,Metro,6,4.2,1
ORD103552,1745.84,Footwear,19.6,Prepaid,3,1,49,Tier3,5,3.9,1
ORD103553,192.67,Electronics,35.9,COD,4,1,35,Tier3,1,4.5,1
ORD103554,752.06,Beauty,26.9,Prepaid,5,2,540,Metro,2,3.2,0
ORD103555,745.38,Groceries,20.1,Prepaid,2,0,103,Tier2,3,4.5,0
ORD103556,645.16,Home,11.7,Prepaid,1,1,760,Metro,3,3.0,0
ORD103557,2151.29,Footwear,6.1,COD,6,1,148,Metro,7,4.0,1
ORD103558,2640.03,Groceries,28.7,COD,2,0,361,Metro,5,4.2,0
ORD103559,2245.89,Groceries,18.5,Prepaid,8,2,576,Metro,4,4.0,0
ORD103560,1020.08,Home,34.7,Prepaid,3,1,234,Metro,8,4.1,0
ORD103561,3433.41,Beauty,55.1,Prepaid,4,0,133,Metro,1,4.4,1
ORD103562,1362.75,Home,17.0,COD,4,0,1976,Metro,9,4.5,0
ORD103563,1538.99,Beauty,15.4,Prepaid,1,0,127,Metro,7,3.6,0
ORD103564,2798.94,Beauty,48.3,COD,5,0,388,Metro,8,4.2,1
ORD103565,1600.31,Footwear,11.6,COD,3,2,242,Tier3,4,3.5,0
ORD103566,2003.26,Electronics,12.5,Prepaid,7,0,302,Metro,5,3.9,0
ORD103567,1622.7,Groceries,5.8,Prepaid,3,0,96,Metro,2,4.0,0
ORD103568,525.25,Beauty,32.2,COD,2,0,8,Metro,9,4.0,0
ORD103569,936.73,Footwear,38.4,Prepaid,1,1,279,Metro,3,5.0,1
ORD103570,730.63,Apparel,19.0,COD,3,1,218,Tier3,2,3.4,0
ORD103571,2930.12,Electronics,23.3,COD,7,0,78,Tier3,4,3.8,0
ORD103572,2490.91,Home,7.1,Prepaid,2,1,204,Tier2,3,4.5,1
ORD103573,2580.99,Apparel,4.8,Prepaid,7,0,386,Tier2,9,5.0,0
ORD103574,960.22,Footwear,22.7,Prepaid,13,1,228,Tier2,7,3.5,1
ORD103575,710.0,Home,31.1,Prepaid,4,1,481,Tier2,4,3.4,0
ORD103576,702.1,Apparel,34.0,Prepaid,6,0,173,Tier2,6,4.7,0
ORD103577,5010.23,Books,20.5,Prepaid,7,0,67,Tier2,8,4.2,0
ORD103578,1351.4,Apparel,12.0,Prepaid,4,0,107,Tier2,8,3.5,0
ORD103579,3026.14,Home,22.4,Prepaid,1,1,635,Metro,4,4.7,0
ORD103580,1405.94,Groceries,18.8,COD,8,0,616,Tier3,4,4.4,0
ORD103581,810.55,Apparel,24.4,COD,3,0,199,Metro,6,5.0,0
ORD103582,2130.13,Home,29.2,Prepaid,3,2,64,Tier3,1,3.7,0
ORD103583,1962.92,Beauty,9.0,Prepaid,1,1,604,Tier3,7,3.9,0
ORD103584,377.77,Electronics,35.8,Prepaid,5,2,390,Metro,5,3.1,0
ORD103585,3139.27,Groceries,14.3,COD,3,1,134,Metro,7,4.3,0
ORD103586,3018.87,Groceries,18.5,Prepaid,2,1,191,Metro,2,3.1,0
ORD103587,170.63,Beauty,12.2,Prepaid,0,0,667,Metro,8,4.2,0
ORD103588,506.83,Books,8.1,Prepaid,6,1,517,Tier2,5,3.7,0
ORD103589,2530.88,Beauty,35.0,COD,4,1,169,Metro,5,3.9,0
ORD103590,1410.28,Home,24.3,Prepaid,3,0,298,Tier2,5,4.3,1
ORD103591,2153.06,Footwear,4.7,COD,1,0,152,Metro,6,3.5,1
ORD103592,1131.89,Electronics,11.4,COD,2,1,277,Metro,9,3.6,1
ORD103593,3109.93,Books,10.5,COD,3,0,272,Metro,2,4.0,0
ORD103594,1136.08,Footwear,14.8,Prepaid,4,0,600,Metro,7,4.1,0
ORD103595,1736.27,Home,26.5,COD,7,0,298,Metro,3,4.0,1
ORD103596,1471.1,Footwear,32.0,Prepaid,3,2,507,Tier2,7,4.1,1
ORD103597,3964.13,Beauty,27.8,Prepaid,4,1,137,Metro,4,2.7,1
ORD103598,1829.95,Groceries,32.6,Prepaid,6,0,369,Tier2,7,4.4,0
ORD103599,1349.64,Apparel,36.2,COD,2,2,131,Tier2,5,3.6,1
ORD103600,1409.81,Footwear,31.2,COD,3,0,91,Metro,9,4.7,1
ORD103601,584.36,Apparel,15.9,Prepaid,4,0,277,Tier3,8,3.3,1
ORD103602,1516.18,Home,19.9,Prepaid,4,1,388,Metro,3,4.3,1
ORD103603,839.3,Groceries,17.4,Prepaid,4,0,87,Metro,4,3.3,0
ORD103604,509.04,Home,11.1,COD,1,0,109,Metro,3,4.5,0
ORD103605,3145.35,Home,31.9,COD,3,1,447,Tier3,4,3.7,1
ORD103606,1161.08,Footwear,4.3,COD,2,0,317,Metro,6,4.4,0
ORD103607,1500.62,Apparel,24.3,Prepaid,5,0,610,Metro,8,4.5,1
ORD103608,1646.8,Apparel,14.3,Prepaid,4,0,424,Metro,3,3.4,1
ORD103609,944.8,Books,6.3,Prepaid,3,1,105,Tier2,3,4.7,0
ORD103610,1499.74,Beauty,50.2,COD,3,0,995,Tier2,8,4.6,1
ORD103611,687.3,Beauty,25.3,Prepaid,1,1,229,Tier3,4,3.8,0
ORD103612,514.34,Books,25.3,Prepaid,5,3,191,Tier2,2,4.1,1
ORD103613,2360.8,Beauty,2.4,COD,7,1,65,Tier2,2,4.0,1
ORD103614,653.02,Beauty,41.8,Prepaid,6,0,806,Metro,8,4.5,0
ORD103615,881.29,Electronics,40.9,Prepaid,10,2,341,Metro,1,3.6,0
ORD103616,343.91,Apparel,10.2,COD,3,1,210,Metro,3,5.0,1
ORD103617,1162.33,Groceries,5.9,COD,6,1,302,Metro,2,4.5,0
ORD103618,2183.05,Books,21.6,Prepaid,3,2,505,Tier2,5,4.2,1
ORD103619,2343.0,Electronics,13.5,Prepaid,3,0,162,Tier2,3,3.5,0
ORD103620,1296.66,Electronics,31.9,COD,1,1,36,Tier2,7,4.4,1
ORD103621,1159.49,Electronics,17.8,COD,2,1,29,Tier3,7,5.0,1
ORD103622,1486.63,Home,18.3,Prepaid,7,0,1185,Metro,6,4.1,0
ORD103623,888.49,Home,12.2,COD,2,0,177,Tier3,2,3.5,1
ORD103624,266.31,Apparel,32.8,COD,4,1,259,Tier3,1,4.1,1
ORD103625,1467.55,Groceries,24.4,Prepaid,10,0,89,Tier3,9,3.8,0
ORD103626,798.24,Beauty,12.1,COD,5,1,227,Metro,6,3.6,0
ORD103627,3397.85,Apparel,5.8,Prepaid,3,0,575,Metro,5,4.3,1
ORD103628,486.31,Groceries,14.2,COD,5,0,252,Metro,9,4.2,0
ORD103629,1587.7,Home,11.0,Prepaid,3,0,294,Metro,2,4.4,1
ORD103630,1685.74,Beauty,24.7,Prepaid,3,0,145,Tier3,8,4.3,0
ORD103631,1011.36,Home,15.6,Prepaid,7,0,481,Tier3,2,3.5,0
ORD103632,881.51,Home,13.7,COD,4,1,121,Tier3,9,4.5,1
ORD103633,1260.02,Groceries,8.8,COD,3,0,93,Metro,5,4.5,0
ORD103634,1370.85,Apparel,11.3,COD,3,0,157,Metro,9,4.4,0
ORD103635,3047.24,Electronics,39.1,Prepaid,6,0,197,Tier2,1,4.4,0
ORD103636,2686.1,Electronics,22.1,Prepaid,1,0,22,Tier3,6,2.9,0
ORD103637,2185.36,Apparel,1.0,COD,1,0,329,Tier3,4,3.3,1
ORD103638,39.18,Groceries,8.8,COD,4,0,192,Metro,7,4.1,0
ORD103639,1423.78,Apparel,18.9,COD,2,0,220,Metro,5,4.7,0
ORD103640,1286.44,Books,3.0,COD,6,1,43,Tier2,2,4.3,0
ORD103641,689.91,Electronics,30.7,Prepaid,2,2,427,Metro,7,4.6,1
ORD103642,830.85,Beauty,35.5,Prepaid,4,0,519,Tier2,4,3.8,1
ORD103643,2949.0,Apparel,23.8,Prepaid,5,0,248,Metro,1,4.1,0
ORD103644,990.34,Books,33.0,Prepaid,6,0,227,Tier2,6,4.0,0
ORD103645,349.95,Books,19.7,Prepaid,1,0,1226,Tier2,2,3.9,0
ORD103646,3029.85,Groceries,39.3,COD,5,1,187,Tier2,2,3.9,0
ORD103647,1712.03,Books,30.5,Prepaid,4,1,71,Metro,7,4.2,0
ORD103648,2463.55,Books,13.4,COD,4,1,386,Tier2,2,4.0,0
ORD103649,1825.83,Footwear,24.5,COD,4,0,177,Metro,4,4.3,0
ORD103650,2072.23,Beauty,16.5,Prepaid,2,1,827,Tier3,1,3.7,0
ORD103651,4118.48,Home,19.5,Prepaid,3,0,405,Metro,1,4.4,1
ORD103652,1154.58,Home,46.6,Prepaid,2,1,335,Metro,2,4.5,1
ORD103653,894.49,Electronics,16.6,Prepaid,1,0,929,Tier2,5,3.4,0
ORD103654,1468.73,Home,26.8,Prepaid,5,0,240,Tier3,2,3.5,1
ORD103655,1341.74,Apparel,38.4,Prepaid,2,0,246,Metro,7,4.1,1
ORD103656,1665.01,Footwear,41.8,COD,5,1,382,Metro,7,5.0,1
ORD103657,1045.12,Footwear,25.9,COD,7,0,631,Metro,9,3.1,1
ORD103658,2124.42,Books,13.4,Prepaid,2,1,331,Metro,5,2.1,0
ORD103659,1241.16,Apparel,7.0,Prepaid,5,0,231,Tier2,6,5.0,1
ORD103660,1613.9,Footwear,26.4,Prepaid,7,0,45,Tier2,3,4.2,1
ORD103661,2137.08,Groceries,9.4,Prepaid,3,1,362,Metro,7,3.4,0
ORD103662,813.64,Footwear,26.1,Prepaid,6,1,46,Metro,1,4.4,1
ORD103663,998.32,Beauty,25.6,COD,4,0,111,Tier2,4,2.8,1
ORD103664,1678.04,Books,30.2,Prepaid,3,0,40,Metro,6,4.3,0
ORD103665,774.65,Apparel,29.7,COD,5,1,185,Metro,1,4.3,1
ORD103666,93.23,Groceries,8.9,COD,3,0,164,Tier2,6,5.0,1
ORD103667,358.05,Footwear,30.3,Prepaid,2,0,345,Tier2,6,3.1,0
ORD103668,2957.27,Apparel,6.5,Prepaid,5,0,130,Metro,9,4.6,0
ORD103669,932.12,Footwear,25.2,Prepaid,3,0,193,Metro,1,4.3,0
ORD103670,1202.8,Footwear,47.9,COD,8,0,262,Tier3,4,2.9,0
ORD103671,3297.61,Home,17.9,COD,4,0,87,Tier2,5,3.0,1
ORD103672,3635.11,Books,13.3,Prepaid,7,1,166,Metro,6,4.5,0
ORD103673,848.72,Beauty,42.8,COD,1,0,33,Metro,7,3.7,1
ORD103674,64.89,Groceries,25.6,Prepaid,5,1,515,Metro,1,3.9,0
ORD103675,556.12,Books,7.3,Prepaid,6,0,42,Tier2,8,4.0,0
ORD103676,983.39,Groceries,24.7,Prepaid,1,1,27,Tier2,4,3.9,0
ORD103677,3282.81,Home,7.5,COD,4,1,241,Tier3,7,4.2,0
ORD103678,358.19,Home,24.7,COD,3,0,293,Tier2,2,3.1,1
ORD103679,613.49,Footwear,34.0,Prepaid,5,2,369,Metro,5,3.9,1
ORD103680,346.24,Beauty,21.5,Prepaid,6,0,126,Metro,7,4.0,0
ORD103681,2365.81,Beauty,25.8,Prepaid,3,3,176,Metro,8,4.0,0
ORD103682,3040.58,Books,43.8,COD,4,1,65,Tier2,7,3.3,0
ORD103683,483.65,Books,20.9,Prepaid,3,0,153,Metro,4,3.8,0
ORD103684,1101.53,Home,38.5,Prepaid,6,1,611,Tier3,1,4.7,1
ORD103685,2640.93,Books,29.3,Prepaid,2,1,44,Metro,8,3.9,0
ORD103686,574.24,Books,32.4,Prepaid,5,1,459,Tier2,9,4.7,0
ORD103687,4331.02,Footwear,2.7,Prepaid,7,1,428,Tier2,2,4.9,1
ORD103688,507.69,Groceries,21.3,Prepaid,5,1,615,Tier2,5,3.5,1
ORD103689,2149.24,Electronics,14.0,COD,6,0,152,Metro,4,3.4,0
ORD103690,2177.1,Electronics,6.4,Prepaid,6,2,54,Metro,7,3.8,0
ORD103691,1165.7,Electronics,40.8,COD,4,0,295,Metro,4,2.7,1
ORD103692,154.06,Books,33.7,Prepaid,4,0,294,Tier2,4,3.9,0
ORD103693,2130.75,Footwear,19.9,COD,2,0,29,Metro,2,3.4,1
ORD103694,3294.75,Books,23.2,COD,4,0,581,Tier2,5,4.5,1
ORD103695,866.36,Groceries,18.5,COD,4,1,379,Tier2,7,4.9,0
ORD103696,1684.08,Footwear,8.9,COD,10,0,288,Metro,7,3.5,0
ORD103697,3556.08,Beauty,14.4,Prepaid,5,0,80,Tier3,9,2.2,0
ORD103698,2269.81,Groceries,7.0,COD,4,2,87,Metro,1,4.0,0
ORD103699,765.37,Home,28.0,COD,1,1,337,Tier3,7,3.9,0
ORD103700,1134.14,Groceries,6.8,Prepaid,3,0,644,Tier2,2,5.0,0
ORD103701,1702.94,Footwear,16.6,COD,2,0,405,Metro,4,4.2,0
ORD103702,1162.37,Apparel,20.2,COD,3,0,265,Tier3,3,2.8,1
ORD103703,2038.96,Beauty,21.8,Prepaid,3,0,191,Metro,2,4.1,0
ORD103704,1091.41,Electronics,9.6,COD,1,0,755,Metro,9,4.0,0
ORD103705,3964.08,Apparel,15.8,Prepaid,3,0,34,Metro,6,3.2,0
ORD103706,2271.71,Footwear,21.5,Prepaid,4,1,150,Metro,5,4.0,1
ORD103707,1410.41,Apparel,17.4,Prepaid,5,1,217,Tier3,4,3.6,1
ORD103708,248.61,Electronics,10.4,COD,5,0,137,Tier3,6,4.0,0
ORD103709,453.09,Books,2.0,Prepaid,2,1,185,Tier3,5,4.2,0
ORD103710,3839.7,Footwear,25.9,Prepaid,4,0,333,Metro,8,5.0,0
ORD103711,1975.33,Groceries,10.6,Prepaid,2,1,51,Tier2,6,3.2,0
ORD103712,2236.55,Groceries,6.0,Prepaid,5,0,545,Metro,1,4.5,0
ORD103713,990.98,Beauty,15.2,Prepaid,7,0,147,Metro,9,3.1,1
ORD103714,1465.62,Beauty,17.7,Prepaid,5,0,303,Tier3,1,4.7,0
ORD103715,1577.75,Apparel,16.3,COD,3,1,576,Metro,6,4.5,0
ORD103716,4405.63,Home,1.5,COD,6,1,281,Tier2,3,4.1,0
ORD103717,4778.0,Groceries,25.4,COD,2,0,188,Tier3,5,4.1,1
ORD103718,803.43,Home,10.3,COD,4,1,144,Metro,9,4.8,1
ORD103719,2934.78,Books,23.4,COD,5,0,182,Tier2,6,4.3,0
ORD103720,475.17,Electronics,17.6,COD,2,0,53,Metro,9,4.7,0
ORD103721,1449.68,Beauty,17.4,COD,2,0,748,Tier3,9,4.9,0
ORD103722,619.81,Home,20.6,COD,4,2,426,Metro,7,3.5,1
ORD103723,2370.99,Home,27.8,Prepaid,9,0,113,Tier2,7,3.9,0
ORD103724,475.64,Groceries,22.5,Prepaid,3,0,207,Tier2,7,3.9,1
ORD103725,801.61,Groceries,15.3,COD,4,0,133,Metro,1,2.8,0
ORD103726,2919.44,Footwear,6.6,COD,6,2,93,Tier3,6,3.6,1
ORD103727,3252.83,Books,15.5,Prepaid,4,0,714,Tier2,2,4.2,0
ORD103728,1821.96,Electronics,11.2,Prepaid,4,1,47,Metro,2,4.1,0
ORD103729,2837.86,Electronics,14.5,COD,3,1,4,Tier2,7,3.8,0
ORD103730,2218.93,Groceries,12.7,COD,7,0,404,Metro,1,3.7,1
ORD103731,2551.6,Apparel,28.2,COD,1,1,1152,Tier3,2,3.5,1
ORD103732,505.43,Beauty,16.9,Prepaid,2,0,952,Metro,9,4.7,1
ORD103733,400.74,Home,10.9,COD,4,1,101,Metro,1,3.6,0
ORD103734,524.03,Beauty,7.7,Prepaid,1,0,381,Metro,6,4.4,1
ORD103735,2810.12,Electronics,12.1,COD,9,2,322,Tier3,9,5.0,1
ORD103736,2881.38,Books,24.9,Prepaid,3,0,340,Tier3,5,3.9,0
ORD103737,676.83,Beauty,29.1,Prepaid,2,1,695,Metro,8,4.1,1
ORD103738,2729.97,Groceries,40.3,Prepaid,2,0,81,Tier2,7,3.6,0
ORD103739,381.27,Apparel,25.6,Prepaid,7,0,63,Metro,9,3.3,0
ORD103740,1044.72,Books,42.0,Prepaid,8,0,359,Metro,7,3.0,1
ORD103741,1157.11,Apparel,21.2,Prepaid,2,1,26,Tier3,3,3.3,0
ORD103742,2054.43,Beauty,5.5,Prepaid,4,0,382,Tier3,8,4.7,0
ORD103743,4806.25,Footwear,13.6,Prepaid,7,0,268,Metro,4,3.9,0
ORD103744,756.18,Groceries,27.4,COD,3,0,534,Tier2,6,3.9,0
ORD103745,1279.49,Electronics,16.0,Prepaid,2,1,118,Metro,6,1.5,1
ORD103746,991.84,Groceries,35.0,COD,4,0,69,Tier3,2,2.5,1
ORD103747,1522.81,Apparel,11.4,Prepaid,4,0,277,Tier2,5,4.3,0
ORD103748,3029.95,Electronics,8.7,COD,4,0,77,Tier3,9,3.3,0
ORD103749,1507.36,Home,16.7,COD,3,1,253,Tier3,4,3.3,0
ORD103750,718.89,Books,38.7,Prepaid,6,0,798,Metro,6,4.2,0
ORD103751,926.14,Apparel,26.5,COD,3,1,234,Tier2,4,4.5,1
ORD103752,1111.09,Beauty,13.0,COD,6,1,464,Metro,4,3.9,0
ORD103753,1054.58,Books,10.1,COD,2,0,81,Metro,4,3.4,0
ORD103754,1284.02,Home,33.4,Prepaid,1,1,875,Metro,2,4.2,0
ORD103755,851.22,Groceries,11.7,COD,4,2,40,Tier2,9,3.6,0
ORD103756,673.29,Apparel,7.1,Prepaid,3,0,73,Tier3,7,3.9,1
ORD103757,1326.05,Footwear,21.0,COD,4,0,209,Tier3,2,4.5,0
ORD103758,1475.39,Groceries,8.2,COD,2,0,31,Metro,8,3.9,1
ORD103759,1978.83,Books,43.8,COD,3,0,57,Metro,1,3.5,0
ORD103760,1233.67,Apparel,11.5,Prepaid,1,1,154,Tier2,9,5.0,1
ORD103761,2199.92,Home,22.3,COD,4,1,588,Tier3,3,4.1,0
ORD103762,2231.73,Books,26.1,COD,4,0,157,Tier2,3,4.2,1
ORD103763,1023.46,Home,2.4,Prepaid,3,0,120,Metro,9,4.6,1
ORD103764,2024.43,Books,4.9,Prepaid,1,0,960,Metro,9,4.5,0
ORD103765,614.36,Footwear,17.2,Prepaid,3,0,111,Tier3,1,5.0,0
ORD103766,3431.19,Apparel,13.9,Prepaid,4,0,188,Tier2,8,3.4,0
ORD103767,2364.03,Beauty,32.6,COD,2,0,299,Metro,6,3.8,1
ORD103768,2138.49,Footwear,38.4,COD,2,1,603,Tier2,2,4.8,1
ORD103769,1141.92,Beauty,14.1,COD,4,0,748,Tier2,4,3.6,1
ORD103770,1664.77,Books,11.0,COD,2,1,119,Metro,3,3.5,0
ORD103771,1275.85,Beauty,40.2,COD,4,0,31,Metro,3,4.7,1
ORD103772,205.0,Electronics,0.9,Prepaid,0,0,331,Metro,5,4.1,0
ORD103773,231.37,Groceries,32.0,COD,5,1,92,Metro,6,4.0,0
ORD103774,340.78,Books,20.8,Prepaid,5,0,5,Metro,8,4.7,0
ORD103775,588.25,Footwear,37.0,COD,2,1,77,Metro,7,4.7,0
ORD103776,5246.85,Footwear,28.1,COD,3,0,390,Metro,1,3.6,0
ORD103777,2394.43,Beauty,25.3,COD,6,0,556,Tier2,8,3.7,0
ORD103778,1567.57,Home,10.0,Prepaid,4,0,0,Metro,7,3.5,0
ORD103779,96.53,Books,6.1,Prepaid,8,0,910,Tier2,1,3.2,0
ORD103780,2780.82,Electronics,20.5,Prepaid,3,1,97,Metro,9,3.3,0
ORD103781,477.17,Footwear,28.8,Prepaid,2,0,589,Metro,6,4.0,0
ORD103782,1346.81,Groceries,9.5,COD,3,0,138,Metro,2,4.4,0
ORD103783,2197.16,Beauty,3.5,COD,4,2,162,Tier3,6,5.0,0
ORD103784,428.6,Groceries,10.1,Prepaid,7,0,429,Tier2,4,3.3,0
ORD103785,1729.65,Apparel,14.6,COD,4,0,18,Tier3,1,4.1,1
ORD103786,3417.41,Beauty,20.1,Prepaid,5,1,109,Metro,8,4.8,1
ORD103787,1151.27,Home,27.3,Prepaid,1,1,29,Metro,4,4.4,1
ORD103788,1840.28,Electronics,10.8,COD,4,0,112,Tier2,2,3.2,0
ORD103789,941.06,Apparel,5.3,Prepaid,5,2,70,Metro,4,3.3,1
ORD103790,265.2,Beauty,13.9,COD,3,2,33,Tier2,4,4.5,1
ORD103791,1135.12,Home,17.8,Prepaid,3,0,167,Metro,2,4.3,0
ORD103792,760.77,Electronics,12.9,Prepaid,1,0,84,Tier3,6,5.0,0
ORD103793,1092.25,Electronics,16.9,COD,5,0,611,Tier2,6,4.2,0
ORD103794,679.86,Beauty,14.0,COD,6,0,19,Metro,2,3.3,0
ORD103795,366.37,Electronics,33.3,Prepaid,4,0,1151,Metro,5,3.4,0
ORD103796,781.29,Groceries,19.5,Prepaid,7,2,463,Metro,1,3.3,1
ORD103797,2267.32,Books,13.0,COD,3,1,491,Tier2,6,3.3,1
ORD103798,637.02,Electronics,13.2,COD,2,2,85,Tier2,4,3.8,1
ORD103799,1911.34,Apparel,12.2,COD,7,1,318,Metro,5,4.8,1
ORD103800,1221.35,Beauty,14.4,Prepaid,1,0,126,Tier2,4,3.0,1
ORD103801,1617.53,Beauty,14.3,COD,2,0,309,Tier3,1,3.8,0
ORD103802,1500.11,Beauty,5.0,Prepaid,5,1,658,Tier2,4,3.3,0
ORD103803,1387.4,Groceries,10.7,COD,5,1,1531,Tier3,3,4.0,0
ORD103804,3051.05,Home,25.0,Prepaid,4,0,374,Metro,8,3.8,0
ORD103805,1483.71,Groceries,8.0,COD,3,0,393,Tier3,7,4.8,0
ORD103806,1464.38,Books,14.1,Prepaid,3,0,483,Tier2,8,4.9,0
ORD103807,1037.41,Beauty,52.2,Prepaid,4,0,165,Metro,3,3.9,0
ORD103808,360.05,Beauty,10.6,Prepaid,2,1,292,Tier2,9,3.5,0
ORD103809,513.88,Books,6.8,COD,2,0,249,Tier2,7,4.2,0
ORD103810,713.56,Groceries,3.4,Prepaid,0,0,84,Metro,9,3.8,1
ORD103811,1727.11,Footwear,12.4,COD,2,2,319,Metro,4,3.9,1
ORD103812,1207.09,Electronics,9.0,Prepaid,4,0,322,Tier3,1,3.6,1
ORD103813,2078.18,Beauty,26.9,Prepaid,2,0,17,Tier2,8,4.5,0
ORD103814,790.4,Books,11.1,Prepaid,5,0,103,Metro,5,3.5,0
ORD103815,2630.84,Apparel,30.8,Prepaid,4,0,4,Tier3,3,3.5,0
ORD103816,2851.66,Groceries,31.4,COD,2,0,353,Metro,6,4.0,0
ORD103817,991.02,Apparel,35.4,Prepaid,9,1,536,Tier2,3,4.2,1
ORD103818,356.68,Apparel,6.6,Prepaid,7,1,196,Tier2,1,3.2,0
ORD103819,2003.62,Groceries,20.1,Prepaid,0,0,450,Tier3,3,3.8,1
ORD103820,1663.21,Groceries,31.3,Prepaid,7,0,83,Metro,1,3.2,0
ORD103821,928.96,Electronics,32.6,COD,5,0,296,Tier3,2,4.3,1
ORD103822,1292.2,Apparel,23.5,Prepaid,8,0,107,Metro,1,3.5,1
ORD103823,2242.42,Books,10.2,COD,1,1,18,Tier2,8,3.6,1
ORD103824,737.99,Books,18.5,COD,5,1,551,Metro,3,4.5,0
ORD103825,2357.53,Footwear,31.6,Prepaid,3,1,143,Tier3,5,4.4,0
ORD103826,1389.25,Beauty,10.0,Prepaid,4,0,644,Metro,1,4.3,0
ORD103827,1266.58,Groceries,33.7,Prepaid,4,0,586,Metro,4,4.2,0
ORD103828,5477.06,Electronics,31.5,COD,2,1,239,Tier3,3,4.8,1
ORD103829,2565.61,Electronics,23.8,COD,3,0,33,Metro,4,3.1,1
ORD103830,1271.61,Groceries,27.6,COD,6,0,410,Tier3,3,4.3,0
ORD103831,773.51,Books,17.6,Prepaid,4,0,8,Tier3,6,3.5,0
ORD103832,2142.99,Books,32.2,COD,6,0,102,Tier3,7,4.5,1
ORD103833,1402.43,Groceries,9.3,Prepaid,4,0,125,Metro,4,3.5,0
ORD103834,444.15,Groceries,10.4,Prepaid,3,2,4,Metro,3,3.4,0
ORD103835,867.72,Home,22.6,COD,11,1,621,Metro,4,4.4,0
ORD103836,2897.27,Beauty,14.7,COD,10,0,319,Metro,9,3.8,1
ORD103837,1484.61,Electronics,16.0,Prepaid,1,1,48,Metro,4,4.6,0
ORD103838,1191.43,Footwear,31.1,COD,4,0,100,Tier3,3,4.4,0
ORD103839,1295.61,Beauty,21.2,COD,3,0,42,Tier2,1,4.1,0
ORD103840,203.35,Electronics,31.2,COD,4,0,666,Metro,1,4.0,0
ORD103841,542.17,Electronics,33.2,COD,5,2,71,Tier2,4,3.9,0
ORD103842,3387.12,Home,32.4,COD,3,0,441,Tier3,4,4.3,0
ORD103843,441.18,Beauty,13.2,COD,1,1,368,Tier3,8,3.4,1
ORD103844,2112.32,Books,32.2,Prepaid,4,0,240,Metro,1,3.0,0
ORD103845,158.55,Home,43.8,Prepaid,4,0,305,Tier3,9,3.0,0
ORD103846,381.69,Home,8.6,Prepaid,3,0,4,Tier2,1,5.0,0
ORD103847,2661.65,Beauty,11.9,COD,4,0,134,Metro,1,4.3,1
ORD103848,3126.07,Groceries,7.5,COD,2,0,172,Tier2,1,4.8,1
ORD103849,2085.34,Beauty,12.8,COD,0,0,330,Tier3,9,3.1,0
ORD103850,1590.33,Home,8.5,Prepaid,2,2,128,Tier3,2,3.8,0
ORD103851,379.37,Footwear,22.2,Prepaid,6,0,189,Metro,3,4.1,1
ORD103852,2053.11,Books,10.5,Prepaid,4,0,53,Tier2,7,3.6,0
ORD103853,1303.82,Electronics,42.3,Prepaid,9,0,365,Metro,9,4.2,1
ORD103854,1600.75,Home,33.1,Prepaid,4,1,120,Metro,6,2.9,1
ORD103855,921.59,Apparel,26.2,Prepaid,3,1,432,Metro,2,4.0,0
ORD103856,3323.82,Beauty,18.3,Prepaid,1,0,286,Tier3,9,4.6,0
ORD103857,3213.75,Beauty,24.8,COD,2,2,233,Metro,3,3.9,1
ORD103858,551.15,Beauty,27.6,Prepaid,5,0,768,Tier2,8,3.4,0
ORD103859,117.74,Footwear,11.6,COD,4,1,145,Tier2,4,4.6,0
ORD103860,1903.47,Electronics,25.1,COD,3,2,154,Tier2,1,3.9,0
ORD103861,1218.07,Electronics,9.0,Prepaid,4,0,45,Tier2,9,4.2,0
ORD103862,1901.81,Footwear,9.6,Prepaid,4,0,369,Tier2,1,3.2,0
ORD103863,2795.48,Footwear,46.0,Prepaid,2,0,6,Tier2,3,4.3,0
ORD103864,4034.67,Home,3.5,COD,6,0,114,Metro,8,3.8,0
ORD103865,194.06,Groceries,2.2,COD,9,2,344,Tier2,5,4.2,1
ORD103866,1304.29,Apparel,24.3,Prepaid,5,0,190,Metro,5,3.6,1
ORD103867,565.82,Books,40.0,Prepaid,1,0,263,Tier2,3,3.3,0
ORD103868,2730.18,Apparel,35.2,Prepaid,5,1,408,Metro,9,4.6,1
ORD103869,2113.24,Home,43.6,Prepaid,5,0,51,Tier2,7,4.6,0
ORD103870,402.05,Groceries,15.9,Prepaid,6,0,134,Metro,7,3.9,0
ORD103871,861.62,Electronics,18.1,Prepaid,2,1,207,Metro,8,4.7,0
ORD103872,1511.63,Apparel,44.7,Prepaid,4,0,5,Metro,3,3.9,0
ORD103873,880.12,Beauty,29.3,COD,2,0,33,Tier2,8,4.1,0
ORD103874,2561.58,Apparel,30.9,COD,3,1,240,Metro,9,4.6,0
ORD103875,1658.19,Beauty,15.4,Prepaid,4,0,368,Metro,8,5.0,0
ORD103876,999.98,Groceries,23.8,Prepaid,5,0,283,Tier2,5,3.0,0
ORD103877,2512.27,Groceries,15.7,Prepaid,8,0,89,Tier2,8,3.9,0
ORD103878,923.37,Apparel,19.9,Prepaid,7,0,77,Metro,5,4.6,1
ORD103879,1034.36,Groceries,10.2,COD,7,0,235,Tier2,1,3.6,0
ORD103880,2875.55,Books,7.8,COD,3,1,75,Tier3,3,3.9,0
ORD103881,3259.46,Apparel,5.8,Prepaid,1,0,56,Tier3,4,5.0,1
ORD103882,2020.18,Beauty,22.2,COD,6,0,1168,Metro,8,3.3,0
ORD103883,4376.17,Home,4.7,COD,5,1,156,Metro,5,4.0,0
ORD103884,1774.16,Electronics,31.9,Prepaid,5,0,159,Tier2,6,5.0,0
ORD103885,652.83,Footwear,4.3,COD,4,0,1373,Tier3,9,4.6,1
ORD103886,1045.13,Books,23.4,Prepaid,3,2,202,Metro,9,3.8,1
ORD103887,549.4,Footwear,14.9,Prepaid,2,0,2,Metro,4,3.9,1
ORD103888,6860.98,Home,21.9,COD,2,0,251,Metro,7,4.0,0
ORD103889,2906.0,Beauty,5.0,COD,10,1,541,Metro,1,5.0,1
ORD103890,1813.37,Apparel,23.0,Prepaid,2,1,54,Tier3,7,4.0,1
ORD103891,483.95,Home,24.5,COD,5,0,520,Metro,9,3.9,0
ORD103892,515.62,Groceries,33.1,COD,5,0,92,Metro,6,4.3,0
ORD103893,2864.31,Apparel,21.6,Prepaid,3,0,449,Tier3,2,4.3,0
ORD103894,2720.47,Footwear,8.1,COD,7,1,2,Tier3,9,3.9,1
ORD103895,3752.1,Footwear,18.1,COD,3,1,626,Tier2,8,4.4,1
ORD103896,1453.14,Home,12.5,Prepaid,4,0,195,Metro,1,3.0,0
ORD103897,167.64,Footwear,0.4,Prepaid,6,0,96,Tier3,8,2.9,1
ORD103898,749.98,Footwear,2.3,COD,2,0,85,Metro,4,3.4,1
ORD103899,1619.39,Groceries,26.6,Prepaid,5,0,480,Tier3,6,5.0,0
ORD103900,1883.76,Books,25.7,Prepaid,1,1,198,Metro,8,4.5,1
ORD103901,2950.64,Apparel,32.7,COD,6,1,467,Metro,4,3.8,0
ORD103902,1865.07,Footwear,20.8,Prepaid,3,0,473,Tier2,4,2.4,1
ORD103903,1372.72,Books,18.6,Prepaid,2,0,113,Metro,6,4.3,0
ORD103904,4141.03,Home,12.2,Prepaid,3,0,24,Metro,9,3.4,0
ORD103905,2453.23,Books,8.1,Prepaid,3,1,31,Metro,4,5.0,0
ORD103906,783.05,Beauty,18.9,Prepaid,3,1,1291,Tier2,4,4.1,0
ORD103907,1800.53,Footwear,1.2,COD,3,1,866,Metro,9,4.0,0
ORD103908,577.87,Footwear,39.1,Prepaid,7,1,97,Metro,1,4.4,1
ORD103909,1225.66,Footwear,15.6,Prepaid,4,2,232,Metro,8,3.6,0
ORD103910,649.63,Footwear,13.3,Prepaid,3,0,46,Tier2,8,2.5,1
ORD103911,94.6,Groceries,28.1,Prepaid,6,2,533,Tier3,4,3.8,0
ORD103912,837.54,Apparel,22.2,Prepaid,6,2,152,Metro,9,4.0,0
ORD103913,943.68,Footwear,5.0,Prepaid,7,0,442,Tier3,1,4.3,1
ORD103914,856.29,Home,30.8,COD,3,0,72,Tier2,8,4.5,0
ORD103915,962.86,Beauty,24.9,Prepaid,1,0,47,Tier2,4,3.2,0
ORD103916,645.24,Books,24.9,COD,1,0,588,Tier3,1,5.0,0
ORD103917,1134.82,Electronics,5.5,Prepaid,2,0,137,Tier2,2,3.9,0
ORD103918,2208.7,Books,24.5,Prepaid,4,0,201,Tier2,4,4.0,0
ORD103919,2088.66,Apparel,25.1,COD,3,1,74,Tier2,6,4.2,0
ORD103920,1270.2,Apparel,6.6,Prepaid,6,0,45,Tier3,4,4.4,0
ORD103921,1844.55,Groceries,29.9,COD,10,0,850,Tier3,5,3.8,1
ORD103922,1393.12,Groceries,21.8,COD,3,2,145,Tier3,2,2.9,1
ORD103923,1470.44,Books,17.6,Prepaid,2,0,20,Tier2,6,3.7,0
ORD103924,534.48,Groceries,15.8,COD,3,0,334,Tier3,9,3.9,0
ORD103925,3763.91,Apparel,5.1,COD,1,0,10,Tier3,1,2.9,1
ORD103926,1304.35,Footwear,4.0,COD,5,0,79,Metro,7,4.1,1
ORD103927,2923.85,Home,27.3,COD,2,1,2,Metro,9,4.9,0
ORD103928,118.69,Groceries,20.1,Prepaid,1,1,153,Tier2,8,4.9,0
ORD103929,901.89,Footwear,36.7,Prepaid,3,1,212,Metro,7,3.4,0
ORD103930,1989.29,Groceries,33.0,Prepaid,9,0,33,Tier2,2,4.4,0
ORD103931,816.66,Groceries,33.9,COD,3,0,122,Metro,5,4.3,1
ORD103932,643.36,Books,9.2,Prepaid,4,1,155,Metro,4,5.0,0
ORD103933,1070.24,Groceries,38.3,Prepaid,4,0,8,Metro,4,4.4,0
ORD103934,921.12,Home,10.4,COD,7,1,36,Metro,4,3.3,1
ORD103935,1421.18,Groceries,20.2,Prepaid,5,1,657,Metro,2,5.0,0
ORD103936,2313.39,Groceries,25.7,COD,2,0,84,Tier2,6,4.2,1
ORD103937,2581.39,Footwear,25.9,COD,1,0,385,Metro,9,4.3,1
ORD103938,829.72,Beauty,22.9,COD,3,0,15,Tier2,8,4.9,0
ORD103939,3986.42,Groceries,19.7,COD,2,1,427,Tier2,8,5.0,0
ORD103940,222.02,Electronics,19.6,COD,1,0,634,Metro,4,4.6,0
ORD103941,3658.1,Footwear,10.8,Prepaid,5,1,47,Metro,8,3.4,1
ORD103942,4229.59,Beauty,15.4,Prepaid,3,1,204,Metro,9,3.4,1
ORD103943,1751.71,Footwear,32.2,Prepaid,7,1,85,Tier2,3,3.7,0
ORD103944,2455.22,Books,13.5,Prepaid,3,0,628,Metro,6,4.4,0
ORD103945,3511.69,Footwear,28.3,Prepaid,6,1,392,Metro,2,4.1,1
ORD103946,2550.65,Electronics,29.6,Prepaid,2,1,158,Tier3,1,4.4,1
ORD103947,219.32,Beauty,5.9,Prepaid,4,1,113,Tier3,3,3.2,1
ORD103948,3190.68,Books,44.7,COD,3,0,883,Metro,5,4.3,0
ORD103949,2413.62,Electronics,18.6,Prepaid,3,3,822,Tier3,7,3.2,0
ORD103950,841.3,Apparel,24.8,COD,4,2,878,Metro,4,3.9,0
ORD103951,1018.71,Groceries,26.8,COD,3,0,556,Metro,6,4.4,0
ORD103952,612.78,Groceries,13.3,Prepaid,5,0,18,Tier2,7,4.0,0
ORD103953,245.93,Electronics,38.9,Prepaid,3,2,2,Tier2,5,4.0,0
ORD103954,3218.1,Home,25.8,COD,4,0,302,Metro,5,3.7,0
ORD103955,575.32,Beauty,10.1,Prepaid,8,0,232,Metro,7,3.7,0
ORD103956,690.8,Electronics,11.1,COD,5,1,81,Tier2,5,4.1,1
ORD103957,1881.56,Books,15.4,Prepaid,2,1,170,Metro,2,5.0,0
ORD103958,1410.93,Home,7.2,Prepaid,4,0,456,Tier2,2,3.2,0
ORD103959,989.31,Footwear,11.8,COD,2,1,266,Metro,3,4.1,1
ORD103960,810.63,Books,20.2,Prepaid,7,0,45,Metro,8,3.5,0
ORD103961,809.23,Footwear,12.4,COD,5,0,146,Metro,1,5.0,1
ORD103962,1681.39,Footwear,17.7,Prepaid,4,1,51,Metro,6,3.9,0
ORD103963,543.69,Footwear,19.0,COD,5,1,38,Metro,3,4.3,1
ORD103964,1540.65,Home,30.3,Prepaid,4,1,82,Tier2,4,5.0,0
ORD103965,1686.5,Apparel,1.6,COD,5,3,280,Tier2,4,4.3,1
ORD103966,2412.91,Groceries,15.3,COD,6,0,41,Tier2,9,4.7,0
ORD103967,1309.53,Apparel,15.0,COD,11,0,14,Tier3,8,3.6,1
ORD103968,2321.91,Beauty,10.1,COD,5,0,504,Metro,7,4.1,0
ORD103969,1942.72,Groceries,12.7,COD,4,1,37,Tier2,8,4.1,0
ORD103970,2715.54,Home,12.3,Prepaid,4,0,342,Tier3,4,4.4,1
ORD103971,552.72,Footwear,15.8,COD,3,2,788,Tier2,1,3.7,1
ORD103972,4198.81,Footwear,23.4,COD,5,1,186,Tier2,4,5.0,0
ORD103973,2361.75,Books,29.3,Prepaid,6,0,702,Tier3,1,3.7,1
ORD103974,1052.48,Home,29.5,Prepaid,3,0,175,Metro,1,3.6,0
ORD103975,149.36,Apparel,10.9,Prepaid,3,0,514,Metro,8,3.9,0
ORD103976,1647.09,Electronics,16.7,COD,1,0,447,Tier3,5,3.2,0
ORD103977,2206.79,Beauty,29.3,COD,4,0,289,Metro,8,3.6,0
ORD103978,1769.82,Footwear,1.6,Prepaid,4,0,1012,Tier2,8,4.4,0
ORD103979,822.74,Electronics,19.1,COD,8,1,18,Tier2,5,4.8,0
ORD103980,290.7,Home,7.6,Prepaid,3,0,395,Tier3,6,3.5,0
ORD103981,925.17,Home,20.0,Prepaid,6,0,28,Tier2,3,4.9,0
ORD103982,1060.4,Electronics,32.4,Prepaid,4,0,259,Tier3,7,4.2,0
ORD103983,3193.65,Groceries,42.2,Prepaid,5,1,366,Tier3,5,3.6,0
ORD103984,1706.17,Beauty,17.3,Prepaid,5,0,683,Tier2,3,4.8,0
ORD103985,501.75,Apparel,5.3,COD,1,1,82,Tier3,8,3.4,1
ORD103986,1731.49,Electronics,45.1,COD,4,0,622,Metro,8,3.0,0
ORD103987,2283.9,Home,5.3,COD,5,1,509,Metro,4,4.9,0
ORD103988,3507.79,Electronics,17.6,Prepaid,5,0,107,Tier3,7,4.1,0
ORD103989,1394.16,Electronics,14.7,COD,5,0,137,Metro,8,3.9,0
ORD103990,3150.82,Electronics,26.8,Prepaid,2,1,344,Metro,9,4.7,1
ORD103991,1832.28,Home,6.7,COD,1,1,535,Metro,5,4.1,1
ORD103992,1671.61,Beauty,10.2,Prepaid,2,0,485,Metro,7,4.1,1
ORD103993,1626.89,Home,10.6,Prepaid,2,1,38,Tier3,4,4.4,0
ORD103994,997.97,Books,34.0,COD,7,0,221,Tier3,4,4.9,0
ORD103995,707.5,Beauty,14.2,Prepaid,9,0,404,Metro,8,3.7,1
ORD103996,588.88,Footwear,19.2,Prepaid,2,1,45,Tier3,2,3.5,1
ORD103997,3409.37,Footwear,8.4,COD,5,0,467,Metro,5,4.2,1
ORD103998,274.12,Apparel,26.5,Prepaid,5,2,1041,Tier3,5,4.2,1
ORD103999,1480.39,Apparel,5.2,Prepaid,3,2,1825,Tier3,5,4.6,1
ORD104000,1636.83,Footwear,13.8,Prepaid,5,0,395,Tier2,7,4.5,1
ORD104001,1639.14,Books,26.1,COD,5,0,44,Tier2,9,4.6,0
ORD104002,2563.21,Groceries,13.3,COD,5,0,160,Tier2,9,3.9,0
ORD104003,1002.42,Home,35.7,COD,4,1,493,Tier2,3,5.0,0
ORD104004,2041.68,Books,23.1,COD,6,1,205,Metro,1,4.2,0
ORD104005,2128.52,Electronics,24.9,Prepaid,2,1,80,Tier2,8,4.7,0
ORD104006,583.37,Books,18.1,Prepaid,2,0,217,Tier3,6,4.3,0
ORD104007,2089.14,Home,43.0,Prepaid,3,2,550,Tier3,6,4.6,0
ORD104008,1384.1,Apparel,26.0,Prepaid,7,3,195,Metro,9,3.8,1
ORD104009,4023.51,Footwear,21.1,Prepaid,4,0,120,Tier3,6,4.7,1
ORD104010,1039.55,Footwear,5.3,COD,7,1,174,Tier2,7,4.5,1
ORD104011,2051.28,Groceries,22.4,Prepaid,3,1,74,Metro,9,3.3,0
ORD104012,829.07,Footwear,12.4,Prepaid,3,0,102,Tier3,7,4.3,0
ORD104013,1085.57,Home,27.0,COD,4,1,55,Metro,9,3.8,1
ORD104014,2152.56,Beauty,34.8,Prepaid,6,2,200,Tier3,9,5.0,0
ORD104015,759.17,Footwear,12.7,Prepaid,1,0,365,Tier2,8,4.0,0
ORD104016,1111.53,Books,30.5,Prepaid,1,1,828,Tier2,2,3.9,0
ORD104017,1239.56,Books,34.6,Prepaid,4,2,112,Metro,8,3.9,0
ORD104018,985.67,Groceries,25.9,Prepaid,3,1,328,Tier2,8,4.0,0
ORD104019,1005.81,Home,17.3,Prepaid,5,0,444,Metro,7,3.0,1
ORD104020,1856.16,Home,32.0,COD,4,0,1302,Metro,1,3.9,0
ORD104021,1365.64,Electronics,15.7,Prepaid,6,0,54,Metro,9,3.9,0
ORD104022,235.75,Beauty,27.3,COD,3,2,886,Metro,6,4.4,0
ORD104023,2216.58,Groceries,3.7,COD,1,1,322,Metro,7,3.4,0
ORD104024,2344.91,Beauty,12.8,COD,6,0,566,Tier3,4,4.3,0
ORD104025,1705.43,Electronics,42.2,COD,3,0,83,Metro,2,3.1,1
ORD104026,1213.34,Home,36.2,Prepaid,7,0,1377,Tier2,4,5.0,0
ORD104027,747.3,Beauty,30.3,Prepaid,5,0,178,Tier2,7,4.0,1
ORD104028,1642.99,Footwear,21.1,COD,1,1,463,Tier2,8,4.7,0
ORD104029,3787.0,Electronics,13.9,COD,1,1,108,Metro,4,3.4,0
ORD104030,779.65,Electronics,20.6,COD,6,1,481,Tier2,4,4.3,1
ORD104031,3795.43,Groceries,0.6,Prepaid,6,0,1,Metro,6,3.5,0
ORD104032,339.96,Apparel,3.4,COD,5,1,135,Metro,3,3.2,1
ORD104033,598.97,Home,16.9,Prepaid,5,2,473,Tier2,6,3.5,1
ORD104034,1643.24,Electronics,10.0,COD,4,0,182,Metro,7,3.9,0
ORD104035,40.1,Footwear,16.6,Prepaid,6,0,512,Metro,6,3.5,1
ORD104036,1457.02,Footwear,8.8,COD,2,1,162,Tier3,6,3.4,1
ORD104037,1501.43,Beauty,16.4,Prepaid,6,3,856,Tier3,7,4.9,0
ORD104038,975.04,Groceries,7.9,Prepaid,7,0,372,Metro,3,4.5,0
ORD104039,2420.5,Electronics,26.3,Prepaid,6,1,672,Metro,3,5.0,0
ORD104040,4074.21,Beauty,16.7,Prepaid,4,0,85,Metro,7,2.8,0
ORD104041,2172.26,Books,23.6,Prepaid,5,4,852,Metro,9,4.5,0
ORD104042,2331.94,Beauty,45.9,COD,5,1,390,Tier3,2,4.2,1
ORD104043,3312.56,Footwear,7.3,Prepaid,7,0,350,Tier3,6,4.3,0
ORD104044,1212.05,Home,21.5,Prepaid,3,0,297,Metro,2,3.4,0
ORD104045,1956.74,Groceries,35.7,COD,4,0,107,Metro,6,4.2,0
ORD104046,1703.3,Footwear,5.4,Prepaid,1,1,775,Metro,5,4.2,1
ORD104047,969.93,Footwear,40.3,COD,3,1,781,Tier3,1,4.5,1
ORD104048,2685.19,Electronics,30.1,COD,3,0,79,Metro,3,4.2,0
ORD104049,2479.7,Books,23.8,COD,2,0,373,Metro,7,5.0,0
ORD104050,1489.04,Apparel,17.5,COD,0,0,373,Tier2,9,4.1,1
ORD104051,1282.76,Electronics,23.3,Prepaid,3,2,108,Metro,8,3.6,0
ORD104052,1678.54,Books,53.0,COD,1,1,597,Metro,8,3.1,1
ORD104053,1032.76,Apparel,13.2,Prepaid,4,1,595,Metro,8,4.4,1
ORD104054,1518.89,Apparel,8.9,COD,4,1,428,Metro,3,5.0,1
ORD104055,945.78,Electronics,4.2,Prepaid,4,1,101,Tier3,2,4.4,0
ORD104056,1406.87,Books,21.1,COD,5,1,538,Metro,1,3.2,0
ORD104057,856.34,Apparel,30.1,COD,1,0,88,Metro,9,4.6,0
ORD104058,2830.06,Electronics,13.7,Prepaid,6,1,749,Tier3,5,3.6,0
ORD104059,1700.47,Groceries,34.9,Prepaid,4,0,528,Tier3,5,4.3,0
ORD104060,2287.25,Home,20.9,Prepaid,8,0,653,Tier2,5,3.7,0
ORD104061,2102.35,Home,11.8,Prepaid,1,0,305,Tier2,5,4.7,0
ORD104062,394.71,Electronics,34.8,Prepaid,4,1,91,Metro,8,4.6,1
ORD104063,479.31,Electronics,27.7,Prepaid,5,0,434,Tier3,8,3.8,0
ORD104064,229.01,Apparel,33.0,COD,3,0,74,Metro,1,5.0,1
ORD104065,894.81,Books,5.4,Prepaid,6,0,65,Metro,5,4.0,0
ORD104066,2239.53,Groceries,40.4,Prepaid,1,0,375,Tier2,8,4.5,0
ORD104067,1005.43,Books,33.7,Prepaid,4,1,216,Metro,4,3.3,0
ORD104068,321.92,Groceries,17.4,Prepaid,2,1,209,Tier2,3,4.2,0
ORD104069,2052.66,Apparel,28.2,Prepaid,2,0,79,Metro,5,4.2,0
ORD104070,485.69,Electronics,22.9,Prepaid,7,1,859,Tier2,7,4.3,0
ORD104071,1746.5,Home,7.1,Prepaid,1,1,380,Tier3,9,4.5,1
ORD104072,1061.06,Groceries,47.1,Prepaid,5,1,159,Tier2,8,3.8,0
ORD104073,1910.51,Apparel,15.7,Prepaid,2,0,287,Tier2,2,5.0,0
ORD104074,1126.34,Footwear,5.3,Prepaid,8,0,209,Metro,4,4.3,1
ORD104075,1148.75,Beauty,12.3,Prepaid,5,0,115,Metro,6,3.9,0
ORD104076,2118.58,Electronics,17.5,Prepaid,4,2,970,Metro,9,3.3,0
ORD104077,1544.7,Electronics,33.0,COD,4,1,27,Metro,2,3.6,1
ORD104078,1622.86,Groceries,31.8,Prepaid,5,0,129,Tier2,1,4.3,0
ORD104079,1098.84,Beauty,20.0,COD,6,0,505,Tier3,6,3.8,0
ORD104080,814.02,Groceries,38.0,COD,2,1,617,Metro,9,3.5,0
ORD104081,2426.17,Beauty,8.4,Prepaid,4,1,172,Metro,8,3.3,0
ORD104082,1546.02,Home,9.5,Prepaid,3,0,13,Tier2,9,4.3,1
ORD104083,2909.71,Footwear,9.6,Prepaid,2,1,28,Metro,8,4.5,1
ORD104084,1197.7,Apparel,26.3,Prepaid,1,1,418,Tier2,8,4.0,0
ORD104085,1110.39,Books,22.8,COD,3,0,430,Metro,3,4.1,0
ORD104086,567.93,Groceries,12.0,Prepaid,3,0,17,Tier2,9,3.5,0
ORD104087,155.68,Beauty,13.4,Prepaid,5,0,252,Tier2,4,4.0,1
ORD104088,2325.77,Books,22.8,COD,3,0,388,Tier3,3,4.6,0
ORD104089,2122.32,Books,7.2,COD,3,1,258,Tier2,5,3.3,0
ORD104090,1287.79,Home,28.8,COD,6,1,189,Metro,6,4.4,0
ORD104091,2819.58,Groceries,14.7,Prepaid,7,1,174,Metro,1,4.0,0
ORD104092,1273.95,Apparel,2.4,Prepaid,2,1,457,Tier3,6,4.1,0
ORD104093,2979.42,Apparel,15.9,COD,3,2,78,Tier3,5,4.3,0
ORD104094,572.56,Books,2.1,COD,3,0,99,Tier3,8,4.6,1
ORD104095,1601.1,Groceries,14.6,COD,3,2,326,Metro,2,4.3,1
ORD104096,2594.08,Apparel,15.6,Prepaid,1,0,78,Metro,4,4.4,0
ORD104097,2531.85,Groceries,1.2,Prepaid,4,0,581,Tier3,9,4.3,0
ORD104098,2979.52,Apparel,24.2,COD,2,0,1122,Metro,3,3.1,0
ORD104099,568.4,Electronics,32.5,Prepaid,2,0,1039,Metro,2,3.4,0
ORD104100,547.77,Books,12.3,COD,9,1,105,Metro,8,5.0,0
ORD104101,916.68,Apparel,9.5,Prepaid,7,0,63,Tier2,9,3.6,1
ORD104102,1108.6,Home,18.3,COD,5,0,206,Metro,9,3.4,0
ORD104103,356.94,Home,41.2,COD,4,0,689,Metro,3,3.3,1
ORD104104,909.34,Groceries,11.3,COD,5,0,389,Tier2,9,3.3,0
ORD104105,1644.65,Beauty,26.7,Prepaid,2,0,133,Metro,8,4.3,0
ORD104106,3541.32,Home,17.9,COD,4,1,165,Tier2,7,4.3,0
ORD104107,1155.4,Footwear,18.4,COD,6,0,436,Tier2,6,4.2,1
ORD104108,938.4,Apparel,24.1,COD,1,1,48,Metro,9,3.8,1
ORD104109,1361.71,Books,21.2,COD,2,0,98,Metro,9,3.3,0
ORD104110,914.43,Home,20.3,COD,2,1,60,Tier2,2,3.6,0
ORD104111,333.88,Books,13.9,Prepaid,2,1,176,Metro,4,5.0,0
ORD104112,1012.24,Electronics,5.5,COD,6,0,166,Metro,8,3.7,0
ORD104113,2578.82,Footwear,15.0,COD,5,0,190,Tier3,5,4.6,1
ORD104114,1628.91,Electronics,23.3,Prepaid,4,0,300,Metro,1,4.1,0
ORD104115,2439.01,Books,22.7,Prepaid,4,0,127,Tier2,9,5.0,0
ORD104116,681.72,Books,5.3,Prepaid,2,0,480,Metro,3,3.8,0
ORD104117,605.02,Groceries,37.0,Prepaid,2,0,916,Metro,9,4.0,0
ORD104118,612.39,Footwear,5.2,COD,1,1,34,Metro,2,3.7,0
ORD104119,1457.84,Home,33.7,Prepaid,4,0,183,Tier3,3,4.2,0
ORD104120,4180.14,Groceries,4.9,COD,5,1,102,Tier2,4,4.0,0
ORD104121,1313.47,Home,26.0,COD,1,0,227,Metro,2,5.0,0
ORD104122,1414.31,Beauty,31.8,Prepaid,4,2,549,Tier2,3,3.6,0
ORD104123,1918.62,Beauty,47.4,Prepaid,8,2,118,Metro,3,4.3,0
ORD104124,785.57,Books,20.3,Prepaid,3,0,235,Metro,1,4.4,0
ORD104125,1308.22,Electronics,10.3,COD,5,1,403,Metro,2,4.0,0
ORD104126,2682.87,Beauty,12.6,Prepaid,7,0,70,Tier2,8,3.4,0
ORD104127,438.75,Beauty,15.8,Prepaid,6,1,41,Metro,4,4.1,1
ORD104128,912.84,Home,29.6,COD,4,0,67,Metro,7,3.6,1
ORD104129,938.33,Home,22.4,Prepaid,4,1,1367,Metro,4,4.8,1
ORD104130,1515.47,Electronics,22.2,Prepaid,8,1,214,Tier2,8,4.1,0
ORD104131,2493.3,Books,44.5,Prepaid,3,0,69,Metro,5,3.6,0
ORD104132,846.23,Electronics,14.2,COD,3,1,159,Tier3,3,4.8,0
ORD104133,3140.74,Apparel,18.0,COD,5,0,190,Metro,6,3.9,0
ORD104134,2705.11,Apparel,32.0,Prepaid,6,2,112,Metro,9,4.7,1
ORD104135,1533.1,Groceries,1.9,Prepaid,3,0,296,Tier2,3,3.7,0
ORD104136,3005.7,Footwear,24.1,Prepaid,5,0,674,Tier2,7,4.2,1
ORD104137,1874.15,Groceries,39.1,COD,5,1,102,Tier3,5,4.5,0
ORD104138,1513.12,Electronics,18.3,Prepaid,2,2,646,Metro,3,4.3,1
ORD104139,1891.6,Groceries,9.9,COD,4,0,138,Metro,6,3.6,0
ORD104140,1637.71,Electronics,21.4,COD,4,0,153,Metro,7,4.0,0
ORD104141,4082.31,Beauty,12.8,Prepaid,2,0,35,Metro,9,4.0,0
ORD104142,2285.77,Books,16.3,Prepaid,2,1,561,Metro,1,3.8,1
ORD104143,2077.63,Books,21.7,Prepaid,9,1,90,Metro,5,4.3,0
ORD104144,640.14,Electronics,22.9,Prepaid,4,1,36,Metro,7,3.7,0
ORD104145,1220.94,Groceries,8.6,COD,2,1,86,Metro,5,3.9,0
ORD104146,1336.03,Beauty,22.3,COD,4,0,334,Metro,6,4.5,1
ORD104147,2222.19,Groceries,36.6,COD,6,0,37,Metro,1,3.6,0
ORD104148,2894.59,Home,27.4,Prepaid,6,0,306,Metro,3,3.2,0
ORD104149,586.34,Beauty,14.3,Prepaid,0,0,3,Metro,6,4.5,0
ORD104150,705.96,Books,25.0,Prepaid,5,0,5,Tier2,8,4.0,0
ORD104151,396.08,Beauty,25.4,COD,6,0,322,Tier2,2,3.8,0
ORD104152,918.71,Footwear,23.4,COD,6,0,228,Tier2,5,3.6,1
ORD104153,1661.41,Books,20.9,Prepaid,8,0,310,Metro,8,4.1,0
ORD104154,1810.12,Groceries,18.3,COD,3,0,466,Tier2,5,4.0,1
ORD104155,86.77,Beauty,17.7,COD,2,1,237,Tier2,9,3.2,1
ORD104156,3986.86,Electronics,17.3,COD,2,0,350,Metro,1,4.3,0
ORD104157,221.09,Beauty,13.0,Prepaid,3,0,540,Tier2,1,3.4,0
ORD104158,818.13,Home,6.8,Prepaid,1,1,241,Metro,9,5.0,1
ORD104159,312.24,Electronics,22.3,Prepaid,4,0,173,Tier2,1,3.7,0
ORD104160,1620.01,Beauty,18.9,Prepaid,4,0,666,Tier3,8,4.8,1
ORD104161,1980.14,Home,26.1,Prepaid,4,0,38,Metro,9,4.4,0
ORD104162,2171.55,Electronics,15.0,Prepaid,1,0,246,Tier2,8,3.6,0
ORD104163,195.48,Books,9.8,Prepaid,3,1,282,Metro,4,4.2,0
ORD104164,1936.01,Apparel,27.1,Prepaid,4,0,397,Tier2,6,2.7,1
ORD104165,2994.95,Beauty,17.1,COD,9,0,74,Metro,5,4.4,1
ORD104166,4483.1,Groceries,11.5,Prepaid,6,1,107,Metro,2,4.6,0
ORD104167,2725.49,Apparel,23.5,COD,2,0,40,Tier3,6,3.9,0
ORD104168,352.24,Beauty,13.0,Prepaid,6,1,190,Tier2,9,4.4,0
ORD104169,1751.38,Apparel,7.2,COD,7,0,254,Metro,3,4.1,0
ORD104170,753.04,Groceries,4.8,Prepaid,3,1,8,Tier3,2,3.6,1
ORD104171,1716.98,Home,45.5,Prepaid,5,1,28,Metro,3,3.1,1
ORD104172,1666.51,Footwear,4.4,COD,4,0,317,Metro,6,3.9,0
ORD104173,295.71,Beauty,29.4,Prepaid,1,0,349,Tier2,6,4.0,1
ORD104174,928.46,Footwear,23.7,COD,4,0,431,Tier2,6,4.2,0
ORD104175,1137.04,Books,15.1,COD,5,1,106,Metro,6,3.8,1
ORD104176,3348.86,Groceries,36.3,Prepaid,3,3,313,Tier2,5,3.4,0
ORD104177,1604.47,Beauty,16.6,Prepaid,8,0,207,Metro,4,4.1,0
ORD104178,4720.33,Beauty,4.4,Prepaid,7,1,610,Metro,2,3.6,0
ORD104179,223.7,Home,23.8,COD,4,1,102,Metro,8,4.5,0
ORD104180,724.3,Home,10.1,Prepaid,3,1,401,Metro,2,4.2,0
ORD104181,74.22,Home,17.5,COD,2,1,499,Metro,8,3.3,0
ORD104182,1161.45,Books,29.1,COD,8,0,104,Tier3,9,4.2,1
ORD104183,2872.16,Books,23.9,Prepaid,2,0,986,Tier3,9,2.5,1
ORD104184,1937.22,Books,4.4,Prepaid,6,0,51,Metro,6,2.9,0
ORD104185,3890.22,Groceries,7.0,Prepaid,4,1,89,Tier3,6,3.9,0
ORD104186,1038.66,Home,26.5,COD,2,0,97,Metro,9,3.5,0
ORD104187,1486.21,Footwear,26.1,COD,2,0,97,Tier2,9,4.5,0
ORD104188,1117.04,Home,9.4,Prepaid,5,1,4,Tier2,9,4.3,0
ORD104189,467.5,Home,21.0,Prepaid,2,1,91,Tier2,1,3.8,0
ORD104190,1994.17,Beauty,10.9,COD,5,0,467,Metro,8,3.7,0
ORD104191,818.08,Books,21.1,COD,2,0,345,Tier3,3,4.4,1
ORD104192,1818.18,Beauty,5.0,COD,4,0,7,Tier3,9,3.6,0
ORD104193,270.67,Beauty,41.3,Prepaid,7,3,96,Tier2,5,3.7,0
ORD104194,998.23,Books,30.1,COD,4,0,117,Metro,1,3.1,0
ORD104195,5446.67,Footwear,15.7,Prepaid,1,1,106,Metro,5,3.4,0
ORD104196,1084.42,Electronics,28.7,Prepaid,3,1,880,Metro,9,4.0,0
ORD104197,276.86,Home,10.7,Prepaid,5,2,85,Tier3,5,4.1,1
ORD104198,2028.22,Footwear,22.6,Prepaid,1,1,355,Tier3,1,3.7,1
ORD104199,2837.1,Electronics,17.0,Prepaid,2,0,462,Tier2,7,4.4,0
ORD104200,1476.15,Footwear,6.7,COD,6,0,438,Tier2,7,4.0,1
ORD104201,2954.3,Books,17.8,Prepaid,7,2,138,Metro,5,3.1,0
ORD104202,1633.48,Groceries,50.3,Prepaid,6,1,448,Tier3,6,3.9,0
ORD104203,617.85,Electronics,33.4,Prepaid,2,1,18,Metro,5,3.5,0
ORD104204,1779.48,Home,20.3,Prepaid,2,0,519,Metro,4,4.3,0
ORD104205,1257.24,Apparel,44.9,Prepaid,2,1,694,Metro,3,3.1,1
ORD104206,1398.97,Groceries,31.3,COD,3,0,168,Metro,7,4.0,0
ORD104207,307.64,Books,14.6,Prepaid,2,1,663,Metro,1,3.9,0
ORD104208,3402.76,Beauty,16.5,COD,6,0,1472,Tier3,4,3.8,0
ORD104209,1780.09,Books,17.2,Prepaid,3,0,30,Metro,9,4.1,1
ORD104210,742.68,Beauty,13.4,COD,4,0,670,Tier3,4,3.3,0
ORD104211,978.71,Footwear,41.3,COD,4,1,159,Metro,6,4.1,1
ORD104212,1103.11,Footwear,29.6,COD,3,0,231,Tier2,4,4.3,0
ORD104213,1755.69,Electronics,7.9,COD,5,0,403,Metro,3,4.2,0
ORD104214,73.76,Apparel,8.4,COD,6,0,289,Tier3,6,3.7,0
ORD104215,3251.1,Electronics,5.3,Prepaid,3,1,251,Metro,2,3.9,0
ORD104216,1916.05,Electronics,7.0,COD,4,0,17,Metro,9,4.2,0
ORD104217,295.34,Electronics,21.3,COD,3,1,0,Metro,9,3.6,0
ORD104218,240.87,Groceries,23.3,Prepaid,4,0,282,Metro,5,5.0,0
ORD104219,2597.4,Books,24.3,Prepaid,3,0,998,Metro,9,4.9,1
ORD104220,337.54,Beauty,27.3,COD,7,0,585,Metro,3,3.5,0
ORD104221,4407.53,Footwear,23.2,COD,5,1,37,Metro,8,4.4,1
ORD104222,690.28,Footwear,15.3,Prepaid,2,0,98,Metro,6,4.9,0
ORD104223,2250.78,Footwear,12.6,Prepaid,2,1,106,Tier2,2,4.3,0
ORD104224,478.57,Electronics,18.8,Prepaid,8,0,58,Metro,5,4.6,0
ORD104225,2494.78,Books,27.6,Prepaid,4,1,30,Tier2,1,3.7,0
ORD104226,131.93,Footwear,14.7,COD,2,0,247,Tier3,9,4.5,1
ORD104227,4201.64,Electronics,13.8,Prepaid,6,1,448,Metro,2,4.3,0
ORD104228,346.21,Home,18.4,Prepaid,3,1,547,Tier3,6,2.6,1
ORD104229,2828.79,Home,16.6,COD,6,0,256,Tier3,1,4.9,0
ORD104230,1871.28,Apparel,24.1,Prepaid,4,2,334,Metro,2,4.1,0
ORD104231,3061.55,Electronics,22.4,COD,2,0,119,Metro,6,3.4,0
ORD104232,288.58,Groceries,18.6,COD,6,1,675,Metro,4,3.8,0
ORD104233,735.91,Footwear,10.2,COD,2,2,225,Metro,8,4.0,0
ORD104234,3555.03,Home,32.1,COD,5,2,202,Metro,5,3.8,0
ORD104235,853.57,Apparel,1.4,COD,6,1,948,Metro,7,3.7,1
ORD104236,3089.95,Home,19.5,Prepaid,5,0,130,Metro,8,4.4,1
ORD104237,166.2,Footwear,14.3,Prepaid,2,0,25,Tier3,6,3.5,1
ORD104238,172.79,Home,31.1,Prepaid,3,0,376,Metro,7,3.8,0
ORD104239,2755.18,Home,15.2,Prepaid,6,1,196,Metro,7,4.4,0
ORD104240,1849.55,Electronics,13.8,Prepaid,4,0,54,Tier2,3,3.1,1
ORD104241,2043.4,Home,23.4,Prepaid,2,1,1516,Metro,8,3.2,0
ORD104242,670.85,Books,24.0,Prepaid,2,1,675,Tier2,2,3.4,0
ORD104243,1784.39,Apparel,17.2,Prepaid,6,0,182,Metro,1,3.2,0
ORD104244,1625.89,Home,30.2,COD,3,1,467,Metro,2,4.2,0
ORD104245,1333.5,Electronics,32.0,COD,5,0,448,Tier3,6,4.2,1
ORD104246,630.73,Groceries,29.1,COD,3,2,123,Tier2,3,4.0,1
ORD104247,2237.55,Apparel,34.9,COD,10,2,380,Metro,6,4.0,1
ORD104248,1606.89,Home,13.2,Prepaid,5,0,553,Metro,8,4.8,0
ORD104249,1484.48,Groceries,25.1,Prepaid,5,1,57,Metro,2,3.3,0
ORD104250,1353.46,Beauty,11.8,COD,5,1,321,Metro,4,3.7,0
ORD104251,1213.87,Footwear,20.7,Prepaid,2,2,81,Metro,6,2.5,0
ORD104252,1342.72,Groceries,18.8,Prepaid,6,1,215,Metro,5,4.1,0
ORD104253,2881.04,Beauty,11.9,Prepaid,4,1,192,Metro,9,3.9,1
ORD104254,1341.5,Home,11.9,COD,8,1,82,Tier3,1,3.2,0
ORD104255,1005.12,Footwear,16.5,Prepaid,3,1,188,Metro,5,4.3,1
ORD104256,445.95,Footwear,16.0,Prepaid,3,0,711,Metro,5,4.5,1
ORD104257,255.09,Electronics,14.5,COD,3,1,205,Metro,6,4.2,0
ORD104258,274.36,Apparel,9.5,COD,4,0,468,Metro,3,3.7,1
ORD104259,2367.05,Books,41.4,COD,6,0,112,Tier3,9,4.0,1
ORD104260,1665.4,Books,20.9,Prepaid,2,1,206,Metro,7,2.8,0
ORD104261,554.35,Groceries,16.2,Prepaid,6,0,990,Tier2,5,4.0,0
ORD104262,580.18,Apparel,29.6,Prepaid,5,1,144,Metro,4,3.8,0
ORD104263,2330.89,Beauty,19.2,Prepaid,4,0,63,Metro,2,4.4,0
ORD104264,701.02,Beauty,41.1,Prepaid,4,0,49,Tier2,1,4.1,1
ORD104265,786.9,Home,32.2,Prepaid,4,0,221,Metro,3,4.0,0
ORD104266,1850.63,Home,16.0,Prepaid,7,0,217,Tier2,9,4.4,0
ORD104267,2177.38,Books,38.3,Prepaid,5,2,303,Metro,8,4.1,0
ORD104268,1256.74,Home,15.4,Prepaid,6,0,426,Tier2,4,4.1,1
ORD104269,1266.07,Beauty,34.7,Prepaid,8,1,323,Tier2,4,3.6,1
ORD104270,913.88,Books,4.9,COD,5,1,695,Tier3,6,4.1,0
ORD104271,1679.63,Electronics,20.2,Prepaid,7,1,249,Tier2,2,4.1,0
ORD104272,143.05,Home,16.5,COD,3,0,61,Tier3,3,4.3,0
ORD104273,2982.97,Home,9.8,Prepaid,5,1,195,Tier3,1,4.2,0
ORD104274,753.17,Apparel,16.6,Prepaid,2,0,10,Metro,2,4.4,0
ORD104275,1538.92,Apparel,10.0,COD,5,1,63,Tier3,6,4.7,1
ORD104276,2996.88,Footwear,32.8,Prepaid,5,0,500,Metro,4,4.1,1
ORD104277,2015.38,Books,30.1,Prepaid,2,0,214,Metro,6,3.5,0
ORD104278,1352.78,Home,26.1,Prepaid,3,1,602,Tier3,7,4.2,0
ORD104279,3512.87,Books,9.8,COD,6,0,75,Metro,2,3.3,0
ORD104280,905.36,Groceries,6.0,Prepaid,3,0,121,Metro,7,4.1,0
ORD104281,2325.42,Beauty,8.8,Prepaid,4,1,288,Metro,5,4.3,0
ORD104282,1419.75,Electronics,5.0,Prepaid,3,1,355,Tier3,7,4.9,0
ORD104283,1619.95,Home,16.8,COD,3,2,49,Tier2,8,4.2,1
ORD104284,2780.83,Groceries,14.5,Prepaid,2,0,323,Metro,4,4.5,0
ORD104285,1012.28,Apparel,13.1,Prepaid,4,0,23,Metro,3,4.9,0
ORD104286,925.83,Apparel,31.0,COD,3,0,264,Tier2,3,4.7,0
ORD104287,3833.38,Books,19.7,Prepaid,0,0,415,Metro,4,5.0,0
ORD104288,1754.19,Beauty,11.0,COD,2,1,34,Tier2,4,4.3,0
ORD104289,1855.72,Home,30.1,COD,5,1,264,Tier3,8,2.6,0
ORD104290,2279.25,Groceries,16.8,Prepaid,5,0,21,Tier3,9,3.9,0
ORD104291,1092.76,Apparel,6.1,Prepaid,8,1,111,Tier2,9,3.9,0
ORD104292,1588.66,Electronics,32.4,COD,5,0,485,Metro,7,3.5,0
ORD104293,1102.26,Beauty,10.5,Prepaid,6,0,944,Metro,4,3.8,1
ORD104294,428.27,Home,25.4,COD,1,0,139,Metro,6,3.7,0
ORD104295,564.79,Beauty,12.1,Prepaid,5,0,992,Tier3,9,3.7,0
ORD104296,400.74,Beauty,19.3,COD,4,1,70,Tier2,5,3.9,0
ORD104297,962.74,Electronics,25.7,Prepaid,4,0,502,Tier2,7,3.9,0
ORD104298,1077.43,Footwear,19.8,COD,4,1,779,Metro,2,3.4,0
ORD104299,2276.01,Footwear,7.6,COD,7,0,823,Tier2,3,3.7,0
ORD104300,978.05,Beauty,23.6,COD,4,0,991,Tier2,4,3.6,0
ORD104301,2489.4,Home,27.5,Prepaid,8,0,135,Tier2,6,4.6,0
ORD104302,1619.53,Apparel,12.6,COD,4,0,17,Metro,7,4.0,1
ORD104303,2760.96,Home,2.5,Prepaid,7,1,13,Tier3,1,4.2,0
ORD104304,263.17,Books,29.6,COD,4,1,564,Tier2,9,3.6,0
ORD104305,2671.28,Footwear,8.3,Prepaid,4,0,855,Tier3,1,3.3,0
ORD104306,1767.1,Beauty,16.2,Prepaid,5,1,486,Metro,8,4.6,1
ORD104307,1033.59,Groceries,35.0,COD,1,1,8,Metro,6,4.4,0
ORD104308,531.23,Beauty,8.7,Prepaid,4,1,214,Metro,6,3.5,0
ORD104309,1199.88,Groceries,9.6,COD,1,0,162,Metro,7,3.0,0
ORD104310,1031.44,Groceries,15.5,COD,4,0,510,Metro,5,5.0,0
ORD104311,1615.78,Beauty,39.9,COD,7,0,779,Tier2,2,3.8,0
ORD104312,2782.66,Groceries,18.5,Prepaid,2,1,159,Metro,9,3.5,0
ORD104313,496.81,Apparel,53.7,COD,0,0,5,Tier2,8,4.0,0
ORD104314,2058.83,Beauty,22.6,Prepaid,5,2,22,Metro,8,3.8,0
ORD104315,435.77,Footwear,29.0,COD,5,0,135,Metro,1,3.6,1
ORD104316,230.4,Groceries,17.4,COD,0,0,2,Metro,4,2.9,0
ORD104317,1792.74,Books,27.3,Prepaid,4,0,45,Metro,7,4.1,0
ORD104318,1032.63,Footwear,32.4,Prepaid,3,1,47,Metro,7,4.7,0
ORD104319,826.15,Footwear,2.9,Prepaid,2,0,10,Metro,9,4.5,0
ORD104320,1247.34,Apparel,40.7,COD,5,1,190,Tier2,9,4.5,0
ORD104321,568.73,Books,18.2,Prepaid,4,0,387,Metro,2,4.3,0
ORD104322,2441.65,Footwear,27.4,COD,4,2,822,Metro,1,4.5,0
ORD104323,2786.9,Books,18.9,COD,2,0,169,Tier2,3,4.3,0
ORD104324,3834.74,Beauty,14.0,Prepaid,4,2,45,Tier2,5,3.8,0
ORD104325,2187.62,Footwear,15.5,Prepaid,3,1,526,Metro,4,4.2,0
ORD104326,1704.93,Footwear,55.0,Prepaid,5,3,99,Metro,9,3.8,1
ORD104327,1619.16,Footwear,25.1,COD,1,0,22,Tier2,8,4.1,0
ORD104328,2394.32,Footwear,7.1,Prepaid,6,0,80,Metro,1,4.5,1
ORD104329,2380.96,Beauty,25.2,COD,5,1,102,Tier3,4,4.0,1
ORD104330,6420.88,Books,44.8,COD,4,0,287,Tier2,5,5.0,0
ORD104331,1081.32,Home,12.8,COD,7,0,95,Metro,9,4.2,0
ORD104332,1069.41,Electronics,29.4,Prepaid,0,0,197,Tier2,5,4.6,0
ORD104333,162.53,Electronics,44.9,Prepaid,3,1,911,Metro,9,3.2,0
ORD104334,684.4,Electronics,50.8,Prepaid,2,0,22,Metro,2,5.0,0
ORD104335,1454.37,Electronics,12.7,Prepaid,4,1,941,Metro,4,3.9,0
ORD104336,2040.9,Books,18.2,Prepaid,4,2,229,Tier2,8,2.6,0
ORD104337,5003.87,Beauty,10.7,COD,3,1,446,Metro,8,2.8,0
ORD104338,760.71,Books,12.5,COD,6,0,55,Tier2,3,4.1,0
ORD104339,198.25,Books,3.7,Prepaid,3,1,115,Metro,7,3.7,0
ORD104340,4607.06,Footwear,27.9,Prepaid,5,1,254,Metro,5,4.2,0
ORD104341,3488.64,Footwear,16.1,Prepaid,4,1,215,Tier3,2,3.9,1
ORD104342,1609.98,Groceries,22.2,Prepaid,3,1,328,Tier2,7,3.8,0
ORD104343,2160.99,Electronics,19.4,COD,8,0,327,Tier3,4,4.5,1
ORD104344,4238.0,Groceries,18.1,Prepaid,5,1,44,Metro,6,4.7,0
ORD104345,2469.45,Apparel,13.4,Prepaid,4,0,351,Tier2,1,4.8,0
ORD104346,512.28,Home,14.0,COD,7,1,304,Tier2,7,4.6,0
ORD104347,1104.42,Footwear,30.8,Prepaid,2,0,234,Tier2,1,4.2,1
ORD104348,597.88,Groceries,22.6,COD,2,0,31,Metro,7,2.3,1
ORD104349,1347.17,Beauty,16.3,COD,5,1,18,Tier2,3,5.0,0
ORD104350,961.15,Apparel,28.1,COD,3,0,243,Tier2,4,3.4,1
ORD104351,512.79,Books,5.1,COD,4,1,130,Metro,3,4.4,1
ORD104352,1919.38,Books,23.7,COD,5,2,224,Tier2,8,4.0,1
ORD104353,1699.55,Home,38.5,Prepaid,7,1,32,Metro,1,2.8,0
ORD104354,386.3,Home,15.3,Prepaid,7,1,294,Metro,3,4.7,0
ORD104355,872.8,Groceries,43.2,Prepaid,6,1,236,Tier2,1,4.6,1
ORD104356,1495.94,Home,24.2,Prepaid,2,1,718,Metro,4,4.3,0
ORD104357,1068.76,Footwear,18.4,COD,2,1,30,Metro,2,3.7,0
ORD104358,1686.02,Books,19.2,Prepaid,6,0,181,Metro,1,4.8,0
ORD104359,1232.04,Apparel,31.8,COD,4,1,388,Tier2,1,4.6,1
ORD104360,712.39,Beauty,17.6,Prepaid,6,2,738,Metro,6,3.8,0
ORD104361,1345.92,Electronics,15.9,COD,7,1,64,Tier2,9,3.5,0
ORD104362,1476.27,Books,36.3,Prepaid,6,1,396,Tier2,2,4.6,0
ORD104363,1950.23,Apparel,43.6,Prepaid,4,1,291,Tier2,4,3.7,0
ORD104364,1412.11,Home,44.2,Prepaid,3,0,386,Metro,6,4.6,0
ORD104365,550.67,Books,13.5,COD,2,0,531,Metro,6,3.8,0
ORD104366,1015.21,Electronics,11.3,Prepaid,3,0,620,Tier2,5,3.9,0
ORD104367,631.56,Beauty,9.7,Prepaid,3,2,55,Tier3,1,3.8,0
ORD104368,388.33,Beauty,15.9,COD,1,1,717,Tier3,8,3.1,0
ORD104369,789.09,Groceries,25.4,Prepaid,5,0,253,Metro,7,4.3,0
ORD104370,1256.7,Electronics,5.1,Prepaid,4,1,629,Tier2,7,3.9,0
ORD104371,1157.34,Electronics,18.5,COD,2,1,713,Tier2,9,3.6,0
ORD104372,3708.97,Footwear,15.7,COD,2,0,470,Tier3,2,4.9,1
ORD104373,343.78,Beauty,15.5,COD,5,1,26,Metro,4,4.6,0
ORD104374,2524.33,Electronics,5.4,Prepaid,3,1,589,Metro,1,3.7,0
ORD104375,4109.97,Electronics,17.4,Prepaid,4,1,257,Metro,3,3.9,0
ORD104376,1273.88,Footwear,34.6,COD,6,1,1271,Tier2,8,3.6,1
ORD104377,5840.45,Footwear,11.5,COD,3,1,812,Tier3,8,4.5,1
ORD104378,475.36,Home,6.5,Prepaid,2,0,157,Tier2,5,4.4,1
ORD104379,2394.33,Groceries,17.0,COD,3,0,71,Metro,3,3.5,0
ORD104380,2033.0,Books,35.6,COD,4,1,360,Tier3,2,3.6,0
ORD104381,1221.77,Beauty,24.1,Prepaid,6,0,91,Metro,2,3.9,0
ORD104382,4479.24,Beauty,32.8,Prepaid,4,0,151,Metro,3,4.2,0
ORD104383,1547.85,Beauty,13.0,Prepaid,2,0,11,Tier3,9,2.9,0
ORD104384,1166.84,Apparel,35.8,COD,5,0,326,Tier2,9,3.9,1
ORD104385,249.39,Footwear,17.7,Prepaid,2,1,122,Tier2,9,3.8,0
ORD104386,890.09,Books,23.2,COD,7,1,11,Metro,1,4.6,1
ORD104387,429.04,Beauty,20.0,Prepaid,8,1,267,Metro,1,3.7,0
ORD104388,1433.62,Home,8.7,Prepaid,2,0,327,Tier3,3,4.0,0
ORD104389,648.5,Home,6.3,Prepaid,3,0,640,Metro,5,3.8,0
ORD104390,2235.4,Footwear,11.9,Prepaid,2,1,271,Metro,6,3.1,0
ORD104391,768.07,Footwear,15.7,Prepaid,6,1,34,Tier2,1,3.8,0
ORD104392,2131.31,Beauty,7.6,COD,5,1,549,Metro,2,4.2,0
ORD104393,2375.31,Apparel,20.0,COD,2,0,138,Tier3,8,3.8,1
ORD104394,1426.19,Electronics,28.8,COD,4,2,131,Metro,8,3.5,0
ORD104395,4503.48,Groceries,9.5,COD,7,0,724,Tier2,1,2.9,0
ORD104396,1519.69,Books,36.3,COD,1,1,52,Tier2,5,3.3,1
ORD104397,374.53,Home,41.5,COD,7,0,1088,Tier2,1,4.0,1
ORD104398,678.9,Apparel,31.6,Prepaid,4,2,20,Tier3,7,3.6,0
ORD104399,3012.41,Books,16.5,COD,9,0,39,Tier2,8,4.9,1
ORD104400,2595.71,Groceries,29.6,COD,6,0,586,Metro,9,3.2,1
ORD104401,2461.67,Footwear,25.8,Prepaid,4,0,28,Metro,3,3.3,0
ORD104402,435.5,Apparel,41.4,Prepaid,3,0,665,Tier2,9,4.1,1
ORD104403,2759.18,Groceries,26.5,COD,2,0,83,Tier2,7,3.0,0
ORD104404,2466.74,Apparel,27.7,COD,5,0,276,Metro,7,3.6,0
ORD104405,975.74,Groceries,3.1,COD,6,0,166,Tier3,7,4.1,0
ORD104406,1158.55,Home,16.2,COD,5,1,248,Tier2,8,3.8,1
ORD104407,2153.15,Books,34.3,Prepaid,4,0,110,Tier3,6,3.4,0
ORD104408,1681.43,Beauty,28.3,COD,6,0,690,Tier3,6,5.0,1
ORD104409,2466.09,Apparel,11.4,Prepaid,1,0,54,Tier2,5,4.5,0
ORD104410,1144.86,Electronics,44.2,COD,5,0,23,Metro,3,3.8,0
ORD104411,2177.53,Groceries,24.0,Prepaid,4,1,11,Metro,9,4.5,0
ORD104412,2733.2,Footwear,28.3,COD,4,0,102,Tier3,4,4.1,1
ORD104413,1254.73,Beauty,23.9,COD,4,0,96,Tier2,2,4.2,1
ORD104414,2351.35,Electronics,55.1,COD,1,0,606,Metro,5,4.9,0
ORD104415,772.55,Footwear,17.5,Prepaid,4,0,161,Metro,6,3.9,0
ORD104416,3192.95,Apparel,10.6,Prepaid,5,0,88,Metro,7,3.5,0
ORD104417,2325.35,Footwear,17.9,Prepaid,5,0,411,Tier3,5,3.3,0
ORD104418,446.06,Beauty,34.4,Prepaid,3,2,201,Tier2,4,4.5,0
ORD104419,2383.02,Apparel,21.2,COD,3,0,328,Metro,8,3.3,0
ORD104420,2058.16,Home,34.4,COD,4,3,380,Metro,5,3.9,0
ORD104421,400.87,Footwear,17.8,Prepaid,6,0,627,Tier3,4,3.8,1
ORD104422,2562.98,Electronics,25.8,Prepaid,4,2,118,Tier2,7,4.0,0
ORD104423,3003.84,Electronics,18.9,COD,7,0,363,Metro,8,5.0,0
ORD104424,83.87,Electronics,21.1,Prepaid,3,0,47,Metro,5,4.3,0
ORD104425,1962.49,Books,17.0,Prepaid,9,0,99,Metro,5,3.8,0
ORD104426,1922.98,Apparel,32.7,Prepaid,4,1,9,Tier2,9,4.1,0
ORD104427,1572.05,Groceries,25.2,COD,5,0,416,Metro,3,3.5,0
ORD104428,2786.96,Footwear,27.8,COD,4,0,193,Tier3,3,3.7,1
ORD104429,3736.58,Groceries,18.1,Prepaid,8,0,142,Metro,5,3.9,0
ORD104430,4780.28,Books,16.7,Prepaid,6,1,9,Metro,8,3.4,0
ORD104431,2190.32,Beauty,20.0,Prepaid,8,1,261,Metro,2,3.1,1
ORD104432,5365.56,Apparel,15.2,Prepaid,6,0,190,Metro,3,4.9,0
ORD104433,1991.12,Beauty,17.3,Prepaid,5,0,146,Tier2,6,4.1,0
ORD104434,1197.37,Electronics,46.5,COD,4,0,25,Tier3,9,3.3,1
ORD104435,2438.46,Beauty,7.1,COD,4,0,119,Metro,3,3.7,0
ORD104436,925.52,Groceries,8.2,Prepaid,2,0,20,Tier2,7,4.1,0
ORD104437,1059.69,Electronics,18.4,Prepaid,1,0,446,Metro,6,4.0,0
ORD104438,884.86,Beauty,26.3,COD,1,1,209,Metro,2,3.6,1
ORD104439,2291.94,Footwear,32.7,COD,4,0,340,Tier3,3,3.2,1
ORD104440,2356.52,Books,18.4,COD,3,1,198,Metro,7,4.1,1
ORD104441,1059.64,Footwear,1.2,Prepaid,4,0,27,Metro,1,3.6,0
ORD104442,1246.82,Home,47.8,Prepaid,4,0,892,Metro,7,4.6,0
ORD104443,823.0,Electronics,22.5,Prepaid,3,1,435,Tier3,8,3.4,0
ORD104444,3155.34,Apparel,29.9,COD,7,0,42,Tier3,5,4.5,1
ORD104445,2211.79,Footwear,5.6,COD,2,1,47,Metro,8,4.6,0
ORD104446,800.04,Footwear,33.4,COD,2,0,260,Metro,6,4.3,1
ORD104447,343.31,Books,12.5,Prepaid,5,0,129,Metro,8,2.7,0
ORD104448,967.27,Apparel,11.0,COD,5,4,116,Metro,1,3.4,1
ORD104449,323.98,Electronics,21.5,Prepaid,1,0,59,Metro,8,3.2,0
ORD104450,543.03,Electronics,14.3,COD,3,1,180,Tier2,8,4.3,1
ORD104451,753.7,Electronics,19.0,COD,6,0,232,Metro,9,3.8,0
ORD104452,2279.87,Home,3.8,COD,2,0,690,Metro,1,4.4,1
ORD104453,860.62,Groceries,18.7,Prepaid,4,1,266,Tier2,8,3.8,0
ORD104454,187.19,Beauty,5.4,Prepaid,6,0,82,Tier2,2,5.0,0
ORD104455,2889.25,Beauty,11.9,COD,4,1,166,Tier2,1,4.4,0
ORD104456,2173.99,Books,16.4,Prepaid,3,0,211,Metro,5,3.6,1
ORD104457,534.15,Beauty,22.1,Prepaid,3,1,44,Metro,5,3.6,0
ORD104458,478.66,Books,9.6,Prepaid,0,0,332,Tier2,4,3.2,0
ORD104459,3144.78,Footwear,10.0,COD,3,0,28,Metro,5,5.0,1
ORD104460,1789.34,Beauty,3.9,COD,5,0,675,Tier3,3,4.3,0
ORD104461,2295.81,Apparel,14.9,Prepaid,1,1,612,Metro,8,4.6,1
ORD104462,375.97,Beauty,29.3,Prepaid,6,0,108,Tier2,6,3.8,0
ORD104463,723.68,Books,17.4,Prepaid,2,0,12,Tier2,1,5.0,0
ORD104464,626.27,Beauty,38.1,Prepaid,8,1,149,Tier2,9,4.1,0
ORD104465,1575.67,Electronics,7.5,COD,7,1,384,Tier3,4,4.9,0
ORD104466,830.14,Home,23.3,Prepaid,7,0,575,Tier3,7,3.7,0
ORD104467,525.22,Home,23.5,Prepaid,2,0,103,Tier3,6,4.5,0
ORD104468,1300.91,Footwear,30.6,Prepaid,2,0,4,Tier3,8,3.8,0
ORD104469,823.67,Electronics,26.5,Prepaid,3,1,328,Metro,5,3.9,0
ORD104470,1481.13,Home,12.8,COD,6,1,20,Tier2,8,3.7,0
ORD104471,1577.55,Books,14.2,Prepaid,4,0,769,Tier2,6,2.8,0
ORD104472,577.12,Electronics,9.1,Prepaid,6,1,461,Tier2,3,3.6,0
ORD104473,1396.44,Home,36.5,COD,4,0,228,Tier2,5,3.9,0
ORD104474,336.86,Apparel,27.5,COD,5,0,97,Metro,3,4.2,1
ORD104475,951.59,Apparel,7.2,COD,1,1,295,Tier2,7,4.0,1
ORD104476,3160.45,Electronics,15.1,Prepaid,6,1,203,Tier3,6,4.0,0
ORD104477,1495.44,Home,10.4,Prepaid,2,1,1152,Tier3,8,3.0,0
ORD104478,2245.32,Electronics,4.9,Prepaid,2,0,1086,Tier2,2,5.0,0
ORD104479,355.49,Home,13.7,Prepaid,2,2,269,Tier3,6,4.7,1
ORD104480,1287.3,Electronics,23.3,COD,8,0,547,Metro,6,3.6,0
ORD104481,4214.12,Groceries,20.7,Prepaid,6,1,211,Metro,8,3.6,0
ORD104482,442.0,Books,1.3,COD,3,1,645,Metro,6,4.3,0
ORD104483,1124.37,Books,16.6,Prepaid,3,0,214,Metro,2,4.6,0
ORD104484,4528.6,Apparel,9.5,Prepaid,3,1,33,Tier3,7,3.7,0
ORD104485,5950.71,Beauty,28.6,COD,4,1,251,Tier2,5,4.8,1
ORD104486,2297.1,Home,24.3,COD,2,2,160,Tier2,5,2.4,1
ORD104487,591.7,Books,48.6,COD,3,1,237,Metro,2,4.1,1
ORD104488,1564.75,Footwear,10.3,COD,7,1,138,Tier3,3,3.9,1
ORD104489,2211.8,Beauty,3.3,Prepaid,6,0,379,Tier3,5,3.4,0
ORD104490,1521.7,Electronics,54.0,Prepaid,3,0,34,Tier2,4,3.6,0
ORD104491,538.71,Apparel,7.4,Prepaid,4,1,33,Metro,2,3.5,0
ORD104492,1298.45,Footwear,16.0,Prepaid,3,1,635,Tier3,3,4.0,0
ORD104493,930.08,Beauty,35.0,Prepaid,3,0,5,Metro,1,4.5,0
ORD104494,2110.86,Footwear,44.9,Prepaid,2,0,408,Tier3,7,4.4,1
ORD104495,2227.8,Apparel,17.6,Prepaid,5,0,49,Tier3,9,4.6,0
ORD104496,1126.09,Footwear,40.1,COD,5,1,1362,Tier3,6,5.0,0
ORD104497,1128.39,Footwear,17.6,COD,4,0,549,Metro,4,4.4,1
ORD104498,651.15,Apparel,28.0,Prepaid,3,0,276,Tier3,5,3.9,1
ORD104499,952.15,Groceries,27.1,COD,9,0,92,Tier2,2,4.2,0
ORD104500,4906.73,Home,20.3,COD,4,1,362,Metro,5,2.9,0
ORD104501,1501.86,Footwear,28.1,Prepaid,5,1,761,Metro,3,3.3,0
ORD104502,2238.57,Groceries,10.3,Prepaid,3,1,216,Metro,1,3.9,1
ORD104503,2187.98,Books,5.9,COD,6,1,168,Metro,2,3.5,0
ORD104504,2150.94,Books,15.1,COD,7,0,151,Metro,3,4.6,0
ORD104505,470.56,Books,19.7,Prepaid,9,0,17,Metro,7,5.0,0
ORD104506,709.95,Home,22.8,Prepaid,1,1,54,Tier2,3,4.5,0
ORD104507,4340.71,Books,34.1,COD,5,0,654,Metro,1,3.6,0
ORD104508,564.13,Footwear,23.4,COD,5,0,456,Tier3,7,4.6,1
ORD104509,1896.73,Home,3.4,COD,5,2,154,Metro,6,3.4,1
ORD104510,326.94,Apparel,20.1,COD,2,1,723,Metro,1,4.2,1
ORD104511,3070.1,Footwear,8.6,COD,4,1,0,Metro,2,4.3,1
ORD104512,1393.21,Beauty,14.8,Prepaid,5,0,194,Tier2,6,4.3,0
ORD104513,1814.49,Footwear,19.1,COD,4,0,86,Metro,3,3.9,0
ORD104514,1240.22,Beauty,21.7,COD,4,0,109,Metro,8,4.2,1
ORD104515,1213.44,Home,15.9,COD,2,0,138,Metro,6,4.1,0
ORD104516,778.84,Books,29.8,Prepaid,5,0,80,Tier2,1,3.3,0
ORD104517,3243.98,Books,29.7,Prepaid,2,1,1331,Metro,1,3.4,1
ORD104518,3468.14,Groceries,22.9,Prepaid,5,0,1088,Metro,9,4.5,0
ORD104519,911.99,Apparel,47.8,Prepaid,3,1,3,Metro,6,4.2,0
ORD104520,1317.47,Books,2.1,COD,4,1,225,Tier3,8,4.3,1
ORD104521,51.24,Footwear,36.4,Prepaid,7,2,529,Tier2,2,4.9,0
ORD104522,2321.15,Home,12.8,Prepaid,3,3,210,Metro,7,3.6,1
ORD104523,3107.24,Beauty,5.0,Prepaid,6,0,751,Metro,2,4.9,0
ORD104524,969.46,Electronics,27.3,COD,3,0,31,Tier3,3,4.6,0
ORD104525,2421.52,Groceries,8.3,Prepaid,5,0,434,Tier2,9,4.2,0
ORD104526,324.88,Home,8.6,Prepaid,5,0,66,Metro,4,3.6,0
ORD104527,1593.18,Apparel,22.1,Prepaid,1,1,348,Tier2,5,3.5,0
ORD104528,1463.49,Groceries,20.7,Prepaid,2,1,524,Metro,9,4.0,1
ORD104529,767.38,Books,41.7,Prepaid,4,0,198,Metro,9,4.1,0
ORD104530,1620.89,Footwear,49.6,Prepaid,6,0,429,Metro,4,3.8,0
ORD104531,890.58,Groceries,16.0,Prepaid,7,2,76,Tier2,2,4.2,1
ORD104532,750.99,Electronics,18.5,COD,2,1,138,Metro,9,3.8,1
ORD104533,5493.26,Books,5.5,COD,3,2,446,Metro,7,4.7,1
ORD104534,1435.75,Beauty,30.0,COD,4,1,36,Metro,4,4.1,1
ORD104535,1590.74,Footwear,1.7,Prepaid,4,1,4,Metro,9,3.8,0
ORD104536,301.51,Home,18.6,Prepaid,5,1,5,Metro,6,2.4,0
ORD104537,1755.31,Beauty,20.1,Prepaid,5,0,71,Tier2,9,4.2,0
ORD104538,3915.33,Footwear,4.4,Prepaid,5,0,230,Tier2,2,4.5,0
ORD104539,1360.69,Footwear,7.3,COD,4,0,200,Metro,2,3.3,0
ORD104540,776.15,Beauty,39.5,COD,5,1,678,Metro,4,3.3,0
ORD104541,1856.59,Home,15.5,Prepaid,3,0,22,Tier2,3,4.1,0
ORD104542,3172.4,Electronics,6.3,COD,7,0,896,Metro,4,4.3,1
ORD104543,2318.16,Electronics,22.0,Prepaid,5,2,13,Tier3,6,4.0,0
ORD104544,4393.51,Electronics,4.6,COD,3,0,25,Metro,6,3.5,0
ORD104545,5439.28,Electronics,37.1,COD,1,1,338,Metro,6,3.8,1
ORD104546,1387.65,Electronics,5.1,Prepaid,2,0,205,Tier3,1,4.1,1
ORD104547,3932.42,Electronics,31.8,Prepaid,5,1,8,Metro,6,4.1,0
ORD104548,997.38,Books,32.7,Prepaid,4,1,85,Metro,3,4.3,0
ORD104549,1438.68,Books,7.4,Prepaid,5,1,874,Tier2,5,4.4,0
ORD104550,1055.37,Apparel,23.2,COD,5,2,114,Metro,5,4.3,1
ORD104551,1026.56,Books,46.4,Prepaid,3,1,161,Metro,1,4.2,0
ORD104552,553.6,Groceries,12.9,Prepaid,4,1,5,Tier2,6,5.0,0
ORD104553,673.4,Books,3.2,COD,2,0,112,Metro,8,4.3,0
ORD104554,3038.0,Apparel,53.6,Prepaid,5,0,249,Tier2,7,3.4,0
ORD104555,3135.5,Footwear,9.4,Prepaid,5,1,99,Metro,5,3.5,0
ORD104556,1549.06,Apparel,9.5,COD,6,0,42,Tier2,8,4.2,1
ORD104557,265.79,Books,26.7,COD,8,0,130,Tier3,7,4.4,0
ORD104558,59.07,Footwear,16.8,Prepaid,5,0,500,Metro,8,4.1,0
ORD104559,1554.44,Groceries,10.7,Prepaid,3,0,43,Tier3,9,4.1,0
ORD104560,2045.81,Beauty,42.6,COD,1,1,738,Metro,3,3.5,0
ORD104561,2538.09,Groceries,14.5,COD,5,0,436,Metro,3,2.8,0
ORD104562,724.18,Beauty,22.1,COD,4,0,165,Tier3,4,4.0,0
ORD104563,1115.42,Electronics,11.5,Prepaid,4,1,367,Tier2,4,2.4,0
ORD104564,1426.15,Apparel,38.7,Prepaid,6,0,28,Tier2,2,3.8,0
ORD104565,796.32,Groceries,23.9,Prepaid,7,1,10,Tier2,1,4.3,0
ORD104566,2063.53,Beauty,30.0,COD,5,1,24,Tier3,5,4.1,0
ORD104567,1250.15,Footwear,22.2,Prepaid,8,0,305,Metro,9,3.9,1
ORD104568,686.01,Footwear,27.4,Prepaid,2,0,111,Tier3,2,4.3,0
ORD104569,805.43,Footwear,5.2,Prepaid,3,0,438,Metro,2,3.9,1
ORD104570,2833.68,Home,15.0,COD,5,0,106,Tier3,1,3.7,0
ORD104571,3066.18,Home,34.9,COD,5,0,81,Metro,3,3.6,0
ORD104572,3340.08,Electronics,18.9,Prepaid,5,0,918,Tier2,6,4.3,0
ORD104573,750.67,Home,14.2,COD,4,1,449,Metro,3,4.7,0
ORD104574,1993.69,Home,15.5,COD,4,1,654,Metro,8,3.5,0
ORD104575,1767.62,Electronics,27.6,COD,3,3,130,Metro,1,3.2,0
ORD104576,775.63,Footwear,17.1,COD,4,1,200,Tier2,3,3.8,0
ORD104577,2638.39,Groceries,12.0,COD,3,0,185,Tier2,7,4.4,0
ORD104578,5163.6,Apparel,24.0,COD,2,0,421,Metro,1,4.1,1
ORD104579,2792.49,Electronics,27.6,Prepaid,4,1,635,Tier2,5,3.4,0
ORD104580,1034.93,Electronics,30.3,COD,2,0,952,Metro,4,4.7,0
ORD104581,1770.65,Electronics,3.4,Prepaid,3,0,18,Metro,7,3.6,0
ORD104582,1740.46,Electronics,16.4,Prepaid,4,1,647,Metro,3,3.8,0
ORD104583,281.17,Footwear,6.8,Prepaid,5,0,11,Metro,6,3.4,1
ORD104584,1627.55,Electronics,31.7,Prepaid,5,2,421,Tier2,9,3.9,0
ORD104585,1164.12,Apparel,13.6,Prepaid,1,1,322,Tier3,8,3.9,0
ORD104586,433.92,Books,20.1,Prepaid,9,0,130,Metro,5,4.8,0
ORD104587,110.81,Footwear,20.6,Prepaid,2,0,646,Metro,5,4.1,0
ORD104588,1685.38,Footwear,38.0,Prepaid,3,0,213,Metro,4,4.6,1
ORD104589,825.94,Home,7.9,Prepaid,3,2,12,Metro,5,3.8,0
ORD104590,525.86,Electronics,12.1,COD,3,0,243,Metro,2,3.6,0
ORD104591,4511.53,Electronics,19.4,Prepaid,2,0,278,Tier2,8,3.3,0
ORD104592,370.08,Footwear,8.3,COD,3,0,310,Tier3,6,3.4,0
ORD104593,593.07,Apparel,19.9,COD,4,2,44,Tier2,6,3.4,0
ORD104594,690.51,Apparel,11.8,Prepaid,6,1,864,Metro,3,4.2,1
ORD104595,617.74,Beauty,14.2,COD,1,1,27,Metro,7,4.3,0
ORD104596,670.62,Electronics,7.6,Prepaid,4,1,12,Metro,3,4.0,1
ORD104597,3328.67,Beauty,25.4,Prepaid,4,0,2,Tier3,2,2.7,0
ORD104598,1084.75,Books,10.2,COD,2,1,37,Tier2,9,3.6,0
ORD104599,1242.09,Electronics,7.3,COD,5,0,250,Metro,7,3.1,0
ORD104600,483.17,Groceries,35.0,Prepaid,1,1,323,Metro,2,5.0,1
ORD104601,2448.47,Apparel,43.9,COD,5,0,417,Tier2,2,4.3,0
ORD104602,2106.18,Groceries,23.3,COD,1,1,172,Metro,6,4.1,1
ORD104603,1959.49,Footwear,18.6,Prepaid,2,0,704,Tier2,6,4.0,1
ORD104604,300.25,Electronics,34.6,COD,5,0,65,Metro,5,4.7,0
ORD104605,291.11,Apparel,5.7,Prepaid,2,0,144,Metro,8,3.9,1
ORD104606,949.76,Apparel,23.5,COD,4,0,618,Metro,6,4.3,0
ORD104607,2347.09,Home,37.0,COD,3,1,108,Metro,8,3.5,1
ORD104608,989.36,Books,22.3,COD,2,2,578,Metro,8,3.4,0
ORD104609,212.1,Books,7.8,COD,2,2,316,Metro,1,3.7,1
ORD104610,400.04,Home,11.2,COD,3,0,612,Metro,7,5.0,1
ORD104611,69.38,Groceries,16.5,COD,3,0,604,Tier3,4,3.9,0
ORD104612,5750.84,Home,4.5,COD,5,0,114,Metro,1,4.3,1
ORD104613,871.02,Apparel,16.8,Prepaid,5,0,133,Metro,2,3.8,1
ORD104614,1569.28,Electronics,12.5,Prepaid,5,1,314,Tier3,9,3.1,1
ORD104615,476.04,Groceries,41.2,Prepaid,4,0,35,Tier3,9,4.4,1
ORD104616,1502.93,Beauty,23.6,COD,3,1,403,Metro,4,3.8,0
ORD104617,603.83,Apparel,23.5,COD,3,0,231,Tier2,6,4.1,1
ORD104618,603.77,Home,13.0,Prepaid,5,0,309,Tier3,3,3.0,0
ORD104619,2598.37,Footwear,34.1,Prepaid,6,1,1013,Metro,7,2.5,1
ORD104620,568.56,Groceries,19.7,COD,4,1,1175,Metro,1,4.5,0
ORD104621,2860.58,Home,8.3,Prepaid,1,0,113,Tier2,6,3.8,0
ORD104622,5287.97,Electronics,32.3,COD,7,0,122,Tier3,4,4.0,1
ORD104623,995.21,Beauty,5.0,COD,3,1,42,Tier2,2,4.9,0
ORD104624,1789.98,Footwear,32.8,COD,3,0,42,Metro,2,5.0,0
ORD104625,700.85,Home,16.8,COD,4,0,40,Metro,1,3.9,0
ORD104626,1124.05,Books,15.1,COD,5,1,35,Metro,3,3.4,0
ORD104627,1547.7,Beauty,14.0,COD,2,0,196,Metro,8,4.3,1
ORD104628,805.7,Groceries,23.1,Prepaid,4,0,41,Metro,4,3.2,0
ORD104629,639.24,Beauty,4.7,Prepaid,1,0,99,Metro,3,4.0,0
ORD104630,72.91,Electronics,35.9,Prepaid,4,0,149,Tier2,2,4.2,0
ORD104631,1955.59,Home,12.5,Prepaid,4,2,156,Metro,6,3.1,0
ORD104632,814.58,Groceries,14.5,Prepaid,5,2,637,Tier2,1,4.2,0
ORD104633,972.22,Groceries,12.8,COD,3,0,238,Metro,1,4.1,0
ORD104634,1959.94,Home,27.4,COD,2,0,269,Tier3,4,4.5,1
ORD104635,1994.23,Electronics,23.4,COD,3,0,121,Tier3,8,4.2,0
ORD104636,2769.94,Apparel,34.2,Prepaid,6,1,873,Metro,1,4.8,0
ORD104637,1826.0,Books,10.7,COD,4,0,57,Metro,2,4.6,1
ORD104638,1593.02,Books,17.6,Prepaid,5,0,336,Tier3,6,4.7,0
ORD104639,1495.29,Books,9.3,Prepaid,3,0,165,Tier2,9,3.2,0
ORD104640,730.94,Apparel,3.9,Prepaid,2,0,610,Tier3,5,4.3,0
ORD104641,286.94,Books,8.8,Prepaid,7,0,39,Tier2,4,3.6,0
ORD104642,3186.07,Beauty,46.7,COD,5,1,972,Metro,4,5.0,1
ORD104643,2191.08,Groceries,8.1,Prepaid,3,1,51,Tier2,3,4.4,1
ORD104644,495.38,Footwear,3.4,Prepaid,2,0,343,Tier2,8,4.3,0
ORD104645,2195.12,Apparel,3.4,COD,1,1,40,Tier3,8,4.9,1
ORD104646,729.84,Beauty,35.1,COD,2,0,192,Tier3,6,4.2,0
ORD104647,861.0,Books,27.5,Prepaid,2,0,132,Metro,2,3.8,0
ORD104648,1035.75,Beauty,7.9,Prepaid,4,0,153,Metro,8,3.3,0
ORD104649,2841.95,Groceries,25.5,COD,3,1,324,Tier3,8,3.3,0
ORD104650,1488.12,Beauty,29.4,COD,1,0,853,Metro,6,3.4,0
ORD104651,739.09,Electronics,16.7,Prepaid,3,1,231,Metro,1,3.7,0
ORD104652,1222.62,Beauty,44.1,Prepaid,4,1,112,Metro,6,4.3,0
ORD104653,683.95,Footwear,9.3,Prepaid,1,1,65,Metro,8,4.8,1
ORD104654,1607.12,Books,33.8,COD,5,1,36,Metro,2,4.2,0
ORD104655,2621.94,Electronics,10.9,COD,2,0,381,Metro,5,3.9,1
ORD104656,583.21,Apparel,33.1,Prepaid,5,0,641,Metro,5,3.7,0
ORD104657,1553.11,Footwear,13.7,COD,2,1,33,Tier3,5,4.9,1
ORD104658,758.43,Footwear,33.2,COD,3,0,444,Tier3,8,4.5,1
ORD104659,525.54,Beauty,12.4,Prepaid,3,1,69,Metro,5,3.2,0
ORD104660,543.62,Groceries,3.6,COD,5,0,194,Metro,5,4.1,0
ORD104661,1320.61,Books,10.8,Prepaid,7,0,373,Metro,4,3.9,0
ORD104662,3202.67,Footwear,32.6,Prepaid,4,0,276,Metro,6,4.9,1
ORD104663,157.56,Footwear,6.3,Prepaid,3,0,222,Metro,6,4.3,0
ORD104664,1298.51,Groceries,16.3,Prepaid,3,0,127,Tier3,1,3.8,0
ORD104665,1321.41,Beauty,23.2,Prepaid,6,2,110,Tier3,1,3.6,0
ORD104666,1054.25,Beauty,5.0,Prepaid,2,0,214,Metro,2,2.8,0
ORD104667,4379.09,Books,15.3,COD,5,0,211,Metro,2,4.0,0
ORD104668,4021.38,Apparel,12.4,Prepaid,9,0,135,Tier3,5,3.4,0
ORD104669,625.11,Apparel,9.6,Prepaid,6,0,18,Metro,2,3.8,1
ORD104670,2752.92,Groceries,33.8,COD,8,0,136,Tier3,1,4.1,0
ORD104671,1685.42,Footwear,8.6,Prepaid,5,1,68,Metro,4,4.0,0
ORD104672,148.9,Books,20.8,Prepaid,3,0,144,Metro,6,4.7,0
ORD104673,807.81,Beauty,25.0,Prepaid,4,0,60,Tier3,1,3.6,0
ORD104674,947.86,Beauty,23.3,Prepaid,6,0,218,Tier2,1,4.9,0
ORD104675,2999.99,Books,1.9,Prepaid,2,1,225,Tier2,4,3.7,1
ORD104676,926.06,Books,26.0,COD,6,1,114,Metro,3,4.1,1
ORD104677,2070.74,Electronics,12.8,Prepaid,8,0,394,Metro,1,5.0,0
ORD104678,1760.19,Electronics,13.9,Prepaid,5,0,279,Metro,5,3.0,0
ORD104679,1084.92,Groceries,6.5,Prepaid,6,1,408,Tier2,7,3.8,0
ORD104680,252.86,Footwear,12.9,COD,5,0,766,Tier3,8,5.0,1
ORD104681,602.43,Books,17.4,Prepaid,1,1,176,Tier2,2,4.3,1
ORD104682,2500.28,Home,8.5,Prepaid,4,0,860,Metro,9,4.0,0
ORD104683,740.15,Groceries,15.5,Prepaid,3,3,238,Metro,8,4.1,1
ORD104684,982.9,Home,6.0,Prepaid,3,1,47,Metro,6,4.2,0
ORD104685,1326.78,Groceries,30.6,COD,6,2,41,Tier3,3,4.7,1
ORD104686,1265.25,Footwear,10.7,COD,4,0,441,Metro,3,2.8,0
ORD104687,1853.92,Books,11.6,COD,4,0,7,Metro,6,4.0,1
ORD104688,476.4,Footwear,4.5,COD,4,1,6,Tier2,7,2.8,1
ORD104689,4814.89,Home,23.8,COD,1,0,300,Tier3,6,3.0,0
ORD104690,1146.7,Groceries,34.9,COD,5,1,251,Tier3,1,4.0,0
ORD104691,1719.87,Apparel,12.0,COD,2,0,10,Tier3,8,4.5,0
ORD104692,2039.44,Home,5.2,COD,6,0,141,Metro,7,4.6,0
ORD104693,576.2,Footwear,30.9,Prepaid,2,0,371,Metro,7,3.9,1
ORD104694,306.35,Books,10.9,Prepaid,4,0,360,Tier2,1,3.7,1
ORD104695,196.65,Books,2.5,COD,4,0,83,Metro,6,3.4,1
ORD104696,985.4,Groceries,8.5,Prepaid,1,0,65,Tier2,5,4.0,0
ORD104697,4342.89,Beauty,17.4,Prepaid,3,0,108,Metro,9,4.9,0
ORD104698,474.43,Apparel,6.1,COD,6,3,621,Metro,8,4.3,0
ORD104699,2846.88,Books,17.9,Prepaid,5,0,20,Tier2,7,4.8,0
ORD104700,2816.71,Groceries,10.5,Prepaid,2,0,411,Tier3,6,3.8,0
ORD104701,3002.85,Groceries,9.0,COD,2,1,199,Metro,6,4.1,1
ORD104702,2614.76,Groceries,19.1,COD,3,1,213,Tier2,2,4.2,1
ORD104703,2756.72,Home,6.9,COD,5,0,419,Metro,3,3.0,0
ORD104704,1072.49,Books,9.8,COD,4,1,38,Tier2,2,4.5,0
ORD104705,2501.05,Books,31.7,Prepaid,5,0,304,Metro,8,4.9,0
ORD104706,372.96,Footwear,8.4,Prepaid,6,0,93,Tier2,6,4.0,0
ORD104707,649.27,Electronics,8.5,Prepaid,4,0,355,Metro,5,4.6,1
ORD104708,3627.95,Books,27.1,COD,7,0,792,Metro,7,3.1,0
ORD104709,1790.79,Groceries,5.9,COD,4,0,72,Metro,1,4.6,1
ORD104710,1031.62,Apparel,11.1,COD,1,1,206,Tier2,7,4.0,1
ORD104711,781.79,Beauty,33.0,Prepaid,5,0,114,Metro,1,3.2,0
ORD104712,1845.9,Apparel,33.6,COD,8,1,213,Metro,8,4.2,0
ORD104713,1000.72,Books,8.6,Prepaid,0,0,36,Tier3,5,3.9,1
ORD104714,1248.62,Apparel,24.0,Prepaid,5,0,1306,Tier2,5,4.5,0
ORD104715,1631.96,Apparel,15.7,COD,3,0,9,Metro,7,4.2,1
ORD104716,870.01,Home,11.3,Prepaid,4,0,514,Metro,7,3.8,0
ORD104717,2537.7,Apparel,17.8,COD,2,0,144,Metro,2,4.1,0
ORD104718,2828.93,Footwear,14.0,Prepaid,3,0,151,Metro,5,3.6,0
ORD104719,176.26,Electronics,41.1,Prepaid,3,0,429,Metro,4,3.5,0
ORD104720,603.43,Home,11.1,COD,3,0,427,Metro,7,4.5,0
ORD104721,1233.68,Books,30.1,Prepaid,3,1,117,Tier3,7,5.0,1
ORD104722,462.99,Home,15.3,Prepaid,1,0,198,Tier2,8,3.3,0
ORD104723,264.89,Beauty,50.7,COD,4,1,290,Tier3,5,4.0,0
ORD104724,3831.03,Beauty,22.8,COD,4,0,288,Metro,6,4.5,0
ORD104725,895.56,Apparel,27.3,COD,2,1,10,Tier2,6,3.1,1
ORD104726,180.62,Groceries,8.8,Prepaid,2,1,418,Tier2,1,3.4,0
ORD104727,101.28,Electronics,21.0,COD,2,0,371,Metro,8,3.1,0
ORD104728,2559.0,Electronics,18.8,COD,2,1,124,Metro,9,4.7,0
ORD104729,2181.6,Footwear,33.9,Prepaid,7,2,384,Metro,9,4.0,1
ORD104730,4882.59,Groceries,18.6,Prepaid,4,1,327,Tier2,3,4.9,0
ORD104731,1115.91,Apparel,14.8,Prepaid,6,2,18,Metro,6,3.5,1
ORD104732,2552.77,Beauty,24.1,COD,7,0,252,Metro,4,3.7,0
ORD104733,3650.51,Beauty,23.7,COD,5,0,102,Tier2,1,3.4,0
ORD104734,2600.28,Footwear,19.6,COD,8,0,250,Tier2,2,4.0,0
ORD104735,2323.28,Electronics,7.2,COD,3,1,62,Metro,2,4.5,0
ORD104736,1142.92,Electronics,27.7,Prepaid,3,0,53,Metro,1,3.7,1
ORD104737,1617.92,Apparel,23.5,COD,4,0,142,Metro,7,2.4,0
ORD104738,2921.14,Footwear,20.1,Prepaid,5,0,466,Metro,2,5.0,0
ORD104739,213.49,Books,35.1,COD,5,0,46,Tier2,1,5.0,1
ORD104740,2626.05,Electronics,17.7,COD,8,1,120,Tier2,6,3.3,0
ORD104741,2327.23,Beauty,3.2,COD,9,0,293,Tier2,8,3.7,0
ORD104742,1424.93,Apparel,33.7,COD,7,0,246,Tier2,2,5.0,0
ORD104743,1927.46,Home,3.0,COD,1,1,208,Tier2,3,3.7,1
ORD104744,720.01,Apparel,43.2,Prepaid,5,1,102,Tier2,4,3.6,0
ORD104745,740.28,Groceries,15.8,COD,7,0,148,Tier2,6,3.3,0
ORD104746,266.02,Footwear,27.6,Prepaid,6,1,24,Metro,4,3.7,0
ORD104747,1023.2,Footwear,26.0,Prepaid,3,2,346,Metro,6,4.6,0
ORD104748,1536.25,Home,11.1,Prepaid,3,0,571,Tier3,1,4.2,0
ORD104749,1840.45,Books,9.0,Prepaid,4,1,846,Metro,7,4.2,1
ORD104750,901.48,Home,17.3,Prepaid,3,2,113,Metro,4,4.4,0
ORD104751,1569.37,Groceries,5.3,Prepaid,4,2,152,Tier3,1,3.4,0
ORD104752,458.97,Groceries,12.9,Prepaid,5,1,581,Tier2,5,4.1,0
ORD104753,88.09,Beauty,11.3,Prepaid,4,2,283,Metro,4,5.0,0
ORD104754,885.36,Home,27.8,Prepaid,5,0,278,Tier3,9,3.2,0
ORD104755,1545.45,Apparel,18.6,COD,3,1,40,Metro,6,3.4,0
ORD104756,381.57,Apparel,15.6,COD,7,2,5,Tier2,3,4.5,1
ORD104757,2181.99,Home,5.3,Prepaid,3,1,59,Tier2,1,4.8,1
ORD104758,420.05,Groceries,8.4,Prepaid,4,0,422,Tier3,1,4.6,0
ORD104759,1599.79,Electronics,16.0,Prepaid,4,0,120,Metro,8,3.5,1
ORD104760,2961.84,Apparel,17.2,Prepaid,3,1,161,Metro,4,4.2,0
ORD104761,693.78,Apparel,52.1,Prepaid,3,1,590,Tier2,2,3.3,1
ORD104762,522.98,Beauty,28.6,Prepaid,5,0,65,Metro,1,5.0,0
ORD104763,3681.37,Apparel,2.9,Prepaid,4,1,308,Metro,6,4.0,1
ORD104764,2153.56,Home,10.2,COD,8,0,164,Metro,9,4.0,1
ORD104765,2207.52,Groceries,11.4,Prepaid,4,1,144,Tier3,1,2.8,1
ORD104766,1054.96,Apparel,6.3,COD,3,1,13,Tier2,8,3.9,0
ORD104767,1995.64,Footwear,20.0,Prepaid,2,0,278,Metro,9,4.1,0
ORD104768,1369.45,Beauty,43.8,Prepaid,5,1,345,Metro,7,4.4,0
ORD104769,2940.2,Beauty,44.6,Prepaid,6,0,125,Metro,1,3.7,0
ORD104770,1666.06,Home,20.4,Prepaid,4,1,392,Tier3,2,3.9,0
ORD104771,546.42,Books,13.7,Prepaid,1,1,24,Metro,8,4.2,0
ORD104772,1402.92,Groceries,12.7,COD,3,0,21,Tier2,2,3.7,0
ORD104773,1535.07,Home,20.1,COD,5,0,738,Metro,2,4.4,0
ORD104774,4205.45,Home,29.2,COD,3,1,250,Tier2,9,2.6,1
ORD104775,2640.49,Apparel,31.5,Prepaid,2,0,148,Tier2,3,4.4,0
ORD104776,795.21,Home,38.4,Prepaid,7,0,264,Metro,3,4.6,0
ORD104777,524.08,Books,33.4,COD,4,0,907,Tier3,1,3.2,0
ORD104778,816.52,Apparel,14.4,Prepaid,5,0,344,Tier3,6,3.6,1
ORD104779,467.28,Groceries,6.8,COD,8,0,259,Metro,1,4.3,0
ORD104780,1006.14,Beauty,19.4,Prepaid,5,2,88,Metro,7,2.5,0
ORD104781,1166.15,Beauty,7.5,COD,7,0,291,Tier2,5,3.7,0
ORD104782,533.74,Groceries,12.5,COD,4,1,254,Metro,3,3.9,0
ORD104783,2843.81,Footwear,5.4,COD,7,0,141,Metro,9,3.5,0
ORD104784,1727.27,Groceries,20.6,COD,5,1,26,Metro,3,4.1,1
ORD104785,256.65,Home,45.1,Prepaid,3,2,1119,Metro,4,3.0,0
ORD104786,1015.65,Apparel,23.2,COD,2,0,236,Metro,3,4.4,1
ORD104787,764.98,Home,23.6,COD,1,1,20,Tier2,4,3.7,1
ORD104788,905.86,Groceries,26.6,Prepaid,1,1,143,Metro,1,2.8,1
ORD104789,1349.98,Groceries,11.5,Prepaid,5,0,138,Metro,7,4.4,0
ORD104790,854.71,Home,6.1,COD,3,0,30,Metro,8,4.3,1
ORD104791,1372.43,Books,19.6,COD,3,3,1333,Tier2,3,4.0,1
ORD104792,2374.51,Beauty,14.6,Prepaid,4,0,234,Metro,7,4.8,0
ORD104793,1050.46,Apparel,11.4,COD,3,1,331,Tier2,5,4.0,1
ORD104794,1459.59,Beauty,29.6,Prepaid,4,2,37,Metro,5,4.0,0
ORD104795,631.83,Groceries,24.6,Prepaid,3,0,153,Tier3,4,4.2,0
ORD104796,825.51,Books,40.7,Prepaid,5,1,395,Tier2,8,4.3,1
ORD104797,3676.52,Home,25.7,COD,4,0,184,Metro,8,4.7,0
ORD104798,966.91,Home,26.3,Prepaid,3,1,6,Metro,4,4.3,0
ORD104799,1095.26,Electronics,15.4,COD,4,0,234,Metro,9,3.5,1
ORD104800,343.85,Groceries,37.7,Prepaid,3,1,1601,Metro,9,3.8,1
ORD104801,2621.22,Books,7.9,Prepaid,4,0,1338,Tier2,7,3.9,0
ORD104802,610.25,Footwear,14.3,COD,3,0,527,Tier2,4,3.3,0
ORD104803,2116.14,Footwear,25.7,COD,2,0,850,Tier3,5,4.7,0
ORD104804,388.69,Beauty,22.2,COD,1,0,238,Metro,4,3.4,0
ORD104805,698.76,Apparel,14.7,Prepaid,4,0,131,Metro,5,4.6,0
ORD104806,2649.1,Footwear,9.6,COD,1,0,33,Metro,9,4.4,0
ORD104807,663.07,Books,17.5,Prepaid,2,2,342,Tier3,9,4.3,1
ORD104808,150.42,Footwear,15.8,Prepaid,8,0,385,Metro,7,3.0,0
ORD104809,2234.91,Home,2.9,COD,7,0,857,Metro,3,3.5,0
ORD104810,1787.24,Books,17.7,COD,3,2,105,Metro,5,2.2,1
ORD104811,2614.39,Electronics,12.1,COD,4,1,116,Tier2,8,3.9,1
ORD104812,370.96,Apparel,26.9,COD,5,0,277,Tier2,2,4.3,1
ORD104813,3632.89,Groceries,23.6,COD,8,0,460,Tier2,7,3.5,0
ORD104814,1516.04,Home,39.5,COD,5,0,450,Tier2,3,3.7,0
ORD104815,212.05,Footwear,22.6,Prepaid,2,1,650,Tier2,3,4.2,0
ORD104816,766.48,Electronics,7.9,Prepaid,3,0,213,Tier2,9,4.4,0
ORD104817,1561.39,Electronics,8.7,COD,2,0,91,Metro,1,4.9,1
ORD104818,885.24,Groceries,33.4,COD,2,1,2183,Metro,2,4.9,0
ORD104819,1733.32,Groceries,23.3,Prepaid,4,1,560,Tier2,2,4.1,0
ORD104820,1232.26,Apparel,23.2,Prepaid,5,2,90,Metro,4,3.7,1
ORD104821,1032.53,Footwear,9.0,COD,8,0,509,Tier3,4,3.9,0
ORD104822,1337.31,Books,18.1,COD,4,0,54,Metro,7,5.0,0
ORD104823,2058.94,Electronics,3.9,COD,4,0,1,Metro,7,4.5,0
ORD104824,471.79,Footwear,12.5,Prepaid,5,0,253,Metro,2,5.0,0
ORD104825,1867.1,Apparel,24.3,COD,3,0,45,Tier3,6,4.0,1
ORD104826,1689.29,Groceries,13.5,Prepaid,3,0,90,Tier2,5,4.2,0
ORD104827,1123.42,Apparel,22.6,Prepaid,6,0,74,Tier2,5,4.4,1
ORD104828,1444.77,Beauty,33.3,Prepaid,6,0,174,Tier2,2,3.3,1
ORD104829,1171.08,Home,8.9,Prepaid,3,0,479,Metro,8,5.0,0
ORD104830,1626.33,Beauty,4.1,COD,4,0,271,Metro,1,5.0,0
ORD104831,2264.06,Apparel,7.6,Prepaid,3,0,292,Metro,5,3.9,1
ORD104832,2462.03,Apparel,18.1,Prepaid,7,1,24,Metro,9,3.9,0
ORD104833,2972.61,Home,13.9,Prepaid,2,0,122,Tier3,5,4.2,1
ORD104834,2953.01,Home,14.5,COD,6,1,290,Metro,7,3.8,0
ORD104835,978.9,Apparel,3.3,Prepaid,3,0,613,Metro,3,4.4,0
ORD104836,5193.27,Home,35.9,Prepaid,3,2,43,Tier2,5,4.2,1
ORD104837,279.99,Electronics,26.2,Prepaid,8,2,40,Tier2,1,3.9,0
ORD104838,736.18,Groceries,32.3,COD,4,0,1147,Metro,5,2.7,0
ORD104839,1758.99,Beauty,46.3,Prepaid,8,0,646,Metro,1,4.6,0
ORD104840,1198.4,Beauty,25.0,Prepaid,2,0,128,Tier2,1,4.6,0
ORD104841,3414.72,Groceries,5.4,COD,3,1,15,Tier3,6,3.5,0
ORD104842,890.41,Apparel,41.9,Prepaid,3,1,940,Tier2,5,4.5,1
ORD104843,1275.86,Groceries,15.3,COD,4,1,300,Tier3,6,4.3,1
ORD104844,1141.21,Home,13.2,Prepaid,3,0,922,Tier2,4,3.8,0
ORD104845,492.07,Groceries,30.2,Prepaid,5,1,700,Metro,6,4.2,0
ORD104846,382.1,Beauty,48.1,COD,1,0,476,Metro,9,4.3,0
ORD104847,1600.86,Groceries,6.4,Prepaid,3,1,124,Tier2,7,3.5,0
ORD104848,1035.72,Books,2.9,COD,7,0,245,Metro,9,4.2,0
ORD104849,410.92,Apparel,16.6,COD,5,1,896,Metro,3,3.7,1
ORD104850,1793.25,Beauty,19.5,Prepaid,2,0,79,Tier3,8,2.6,0
ORD104851,1041.27,Home,21.4,Prepaid,6,1,120,Tier3,5,3.8,1
ORD104852,2732.55,Groceries,16.0,Prepaid,5,0,800,Tier3,5,3.5,0
ORD104853,1760.21,Beauty,46.9,Prepaid,1,1,197,Tier3,8,3.6,1
ORD104854,1366.57,Books,4.0,Prepaid,3,1,64,Metro,8,3.9,0
ORD104855,1680.54,Electronics,15.4,Prepaid,4,0,794,Tier2,3,5.0,0
ORD104856,288.9,Beauty,21.5,Prepaid,8,0,716,Metro,8,2.7,0
ORD104857,1686.92,Beauty,32.9,Prepaid,5,0,420,Tier2,6,4.4,0
ORD104858,872.68,Groceries,20.9,Prepaid,1,1,237,Tier2,1,3.5,0
ORD104859,920.82,Groceries,30.6,COD,2,0,326,Tier2,2,4.2,0
ORD104860,1576.41,Apparel,34.8,Prepaid,6,0,76,Metro,2,4.7,0
ORD104861,708.88,Books,25.3,Prepaid,2,2,238,Metro,8,3.8,1
ORD104862,783.21,Home,20.8,COD,3,0,83,Metro,5,2.9,1
ORD104863,1220.87,Books,16.1,Prepaid,9,0,288,Tier3,2,4.7,0
ORD104864,1344.93,Apparel,24.4,COD,1,0,605,Metro,7,4.8,1
ORD104865,785.12,Beauty,4.4,COD,2,0,114,Tier3,4,3.4,0
ORD104866,1576.65,Apparel,22.0,COD,5,0,35,Metro,8,3.6,1
ORD104867,2098.25,Books,9.8,Prepaid,4,0,393,Metro,1,4.4,0
ORD104868,1222.14,Apparel,15.9,COD,6,0,163,Metro,2,3.4,0
ORD104869,819.42,Apparel,5.5,Prepaid,4,0,99,Tier2,9,3.9,1
ORD104870,1245.61,Electronics,17.1,Prepaid,4,0,69,Tier2,4,4.1,0
ORD104871,370.57,Apparel,23.1,Prepaid,7,1,452,Tier3,8,4.0,1
ORD104872,4952.08,Beauty,17.1,COD,5,0,77,Tier3,5,3.8,1
ORD104873,1639.44,Electronics,32.4,COD,8,0,53,Tier2,5,5.0,0
ORD104874,871.0,Beauty,31.1,Prepaid,5,1,919,Metro,9,4.1,0
ORD104875,5014.61,Footwear,25.4,Prepaid,4,0,86,Metro,6,3.8,0
ORD104876,1108.94,Home,4.5,COD,5,0,131,Tier3,1,4.5,0
ORD104877,959.51,Footwear,11.9,COD,2,0,234,Tier2,9,3.4,1
ORD104878,1122.24,Footwear,3.7,COD,9,0,772,Tier2,3,4.1,1
ORD104879,611.51,Books,9.0,Prepaid,3,0,586,Tier2,8,3.9,0
ORD104880,905.07,Beauty,21.1,Prepaid,6,0,29,Tier2,3,3.7,0
ORD104881,1986.26,Apparel,18.2,Prepaid,3,0,153,Metro,8,4.6,1
ORD104882,2014.99,Home,12.9,COD,7,0,505,Tier3,8,4.6,1
ORD104883,748.88,Electronics,10.8,COD,2,0,263,Tier3,5,4.8,0
ORD104884,499.83,Apparel,43.2,COD,5,1,178,Metro,7,4.1,1
ORD104885,1424.75,Electronics,4.9,COD,1,0,492,Tier2,8,4.0,0
ORD104886,498.24,Groceries,31.3,Prepaid,4,0,289,Metro,1,4.1,0
ORD104887,477.38,Groceries,45.9,COD,5,1,7,Tier2,9,3.9,0
ORD104888,2546.98,Electronics,20.7,COD,7,1,63,Tier2,6,4.2,1
ORD104889,286.31,Books,19.9,COD,5,1,592,Tier2,1,4.8,0
ORD104890,563.93,Apparel,30.9,Prepaid,8,0,152,Metro,9,4.0,0
ORD104891,1165.31,Apparel,11.9,Prepaid,3,0,235,Metro,6,4.3,1
ORD104892,2455.03,Groceries,26.7,COD,2,1,267,Tier3,2,5.0,0
ORD104893,1692.3,Books,5.0,Prepaid,4,0,4,Tier3,3,4.3,0
ORD104894,754.02,Electronics,24.7,Prepaid,3,0,48,Tier2,8,4.5,0
ORD104895,388.98,Beauty,39.0,COD,6,1,137,Metro,1,4.1,1
ORD104896,1116.08,Groceries,7.4,COD,1,0,18,Tier2,6,2.3,0
ORD104897,2693.43,Apparel,13.8,COD,5,0,311,Metro,5,3.7,0
ORD104898,297.58,Home,25.0,Prepaid,4,1,564,Tier2,3,3.9,0
ORD104899,533.32,Footwear,25.5,COD,6,2,352,Tier3,4,3.4,1
ORD104900,615.94,Home,16.2,COD,4,0,124,Tier3,8,4.4,0
ORD104901,1012.65,Books,19.7,Prepaid,3,0,131,Metro,5,4.1,0
ORD104902,1351.47,Home,16.6,Prepaid,2,1,352,Tier3,1,4.8,1
ORD104903,712.85,Books,46.2,Prepaid,3,0,427,Tier2,2,4.0,0
ORD104904,2521.74,Electronics,21.1,COD,2,0,900,Tier3,8,4.1,0
ORD104905,821.79,Apparel,17.3,COD,4,0,374,Metro,8,4.2,0
ORD104906,2093.32,Home,18.0,COD,6,1,381,Metro,2,4.1,1
ORD104907,390.91,Footwear,37.7,COD,9,1,34,Tier2,2,4.5,1
ORD104908,2049.85,Footwear,26.5,Prepaid,4,0,27,Tier2,2,4.3,1
ORD104909,2544.86,Home,14.4,Prepaid,3,0,16,Tier3,9,3.6,0
ORD104910,563.99,Electronics,36.0,COD,2,1,281,Metro,5,3.0,0
ORD104911,660.69,Electronics,20.9,COD,4,0,109,Tier2,5,4.7,0
ORD104912,652.32,Groceries,11.9,Prepaid,2,0,57,Metro,8,4.8,0
ORD104913,243.48,Home,18.7,COD,2,0,314,Tier2,6,3.8,1
ORD104914,1133.5,Beauty,36.1,COD,2,1,17,Metro,8,4.8,1
ORD104915,259.35,Apparel,23.1,COD,3,1,158,Metro,1,4.9,0
ORD104916,2780.01,Books,8.3,COD,3,0,776,Tier2,5,4.1,0
ORD104917,4340.45,Apparel,15.6,Prepaid,4,0,574,Tier2,9,3.0,1
ORD104918,2192.57,Home,12.6,COD,3,1,272,Tier3,7,3.2,0
ORD104919,1053.22,Beauty,30.3,COD,4,2,482,Metro,4,4.6,0
ORD104920,2529.57,Apparel,21.5,COD,2,1,230,Metro,8,5.0,0
ORD104921,551.16,Groceries,20.4,COD,5,0,287,Tier2,2,4.4,0
ORD104922,460.92,Groceries,3.6,COD,8,0,51,Tier3,8,4.0,0
ORD104923,966.52,Apparel,24.5,Prepaid,3,0,147,Metro,5,3.3,1
ORD104924,961.23,Beauty,23.0,Prepaid,4,0,48,Tier3,7,4.5,0
ORD104925,611.74,Home,3.6,COD,4,1,340,Tier2,6,3.9,0
ORD104926,1622.12,Electronics,2.2,Prepaid,4,1,740,Tier2,7,3.8,1
ORD104927,2270.21,Groceries,30.8,Prepaid,6,1,588,Tier2,6,3.9,0
ORD104928,577.46,Electronics,16.6,COD,6,0,61,Tier3,6,4.5,0
ORD104929,1150.55,Groceries,16.9,Prepaid,2,0,270,Tier2,2,5.0,0
ORD104930,5038.2,Books,7.3,Prepaid,5,0,312,Tier2,1,4.8,1
ORD104931,5742.01,Books,29.2,COD,3,0,410,Metro,3,5.0,0
ORD104932,3139.79,Home,10.2,COD,4,0,890,Metro,2,4.3,0
ORD104933,1177.26,Footwear,36.4,COD,4,0,478,Tier3,5,3.7,1
ORD104934,973.37,Apparel,6.0,Prepaid,5,5,125,Tier2,6,3.8,0
ORD104935,659.64,Books,19.6,Prepaid,3,1,514,Metro,6,3.4,0
ORD104936,1040.45,Groceries,29.4,COD,3,1,35,Tier2,1,4.2,0
ORD104937,435.89,Books,10.1,COD,1,1,182,Metro,4,4.4,1
ORD104938,962.25,Books,39.1,Prepaid,3,0,297,Metro,1,4.5,0
ORD104939,2509.19,Footwear,32.8,Prepaid,6,0,280,Metro,8,4.3,1
ORD104940,2769.52,Groceries,5.9,COD,1,0,11,Metro,5,3.6,0
ORD104941,1945.07,Books,15.6,COD,2,0,391,Tier2,2,3.3,0
ORD104942,2949.53,Footwear,20.8,Prepaid,5,0,1067,Metro,4,3.3,0
ORD104943,1243.72,Groceries,13.8,COD,3,0,220,Metro,6,3.9,0
ORD104944,2289.98,Electronics,20.7,Prepaid,2,1,490,Tier2,4,3.6,1
ORD104945,536.45,Beauty,18.2,COD,12,2,320,Metro,1,4.7,1
ORD104946,2231.86,Apparel,18.4,COD,6,0,376,Metro,8,4.5,1
ORD104947,1179.39,Beauty,21.3,Prepaid,5,0,220,Metro,1,4.6,0
ORD104948,1870.24,Footwear,20.4,COD,4,0,16,Metro,3,4.7,0
ORD104949,2201.38,Home,27.2,Prepaid,5,1,191,Tier2,2,4.1,0
ORD104950,681.86,Beauty,2.5,Prepaid,4,0,399,Metro,7,5.0,0
ORD104951,838.63,Apparel,14.0,COD,3,1,28,Metro,4,4.4,0
ORD104952,4517.19,Books,17.6,COD,4,1,171,Tier3,4,4.0,0
ORD104953,1243.15,Footwear,34.9,COD,4,0,195,Metro,2,4.1,1
ORD104954,3936.11,Beauty,24.0,COD,2,0,427,Tier2,2,4.0,0
ORD104955,123.2,Home,22.3,COD,5,3,321,Tier2,2,3.9,1
ORD104956,963.95,Beauty,21.0,Prepaid,4,0,506,Metro,6,4.6,0
ORD104957,4357.92,Electronics,22.9,Prepaid,4,0,284,Tier3,9,4.4,0
ORD104958,1055.59,Books,7.8,COD,2,1,340,Metro,3,5.0,0
ORD104959,4918.14,Footwear,37.8,Prepaid,3,1,219,Tier3,2,4.1,1
ORD104960,2178.97,Apparel,9.0,Prepaid,3,0,203,Tier2,7,3.8,1
ORD104961,673.89,Home,10.5,Prepaid,3,1,144,Metro,8,3.7,0
ORD104962,612.34,Electronics,36.8,COD,5,2,287,Tier2,8,2.8,1
ORD104963,233.88,Books,28.5,COD,4,0,186,Tier3,1,5.0,0
ORD104964,933.75,Groceries,21.6,COD,5,1,70,Metro,6,4.6,0
ORD104965,219.62,Footwear,9.2,Prepaid,4,0,10,Tier2,8,3.8,0
ORD104966,823.81,Apparel,23.8,Prepaid,2,1,179,Tier2,1,3.7,1
ORD104967,2740.97,Footwear,19.1,COD,4,3,457,Metro,4,3.5,1
ORD104968,1244.02,Books,7.9,Prepaid,5,0,326,Tier2,8,3.8,0
ORD104969,1935.11,Footwear,22.1,COD,2,1,29,Tier2,4,4.1,1
ORD104970,493.78,Apparel,10.3,Prepaid,5,0,77,Tier3,5,5.0,0
ORD104971,1143.91,Electronics,56.7,Prepaid,2,1,526,Tier3,7,3.5,1
ORD104972,1934.57,Home,17.6,Prepaid,4,0,238,Tier3,1,3.6,0
ORD104973,794.11,Home,6.4,Prepaid,2,1,115,Tier3,1,3.0,0
ORD104974,1090.36,Home,37.3,Prepaid,5,1,463,Tier2,3,4.6,0
ORD104975,1140.19,Apparel,28.3,Prepaid,3,0,184,Tier3,7,3.7,1
ORD104976,4804.82,Home,47.7,Prepaid,3,1,179,Metro,7,4.0,0
ORD104977,2117.04,Books,15.7,Prepaid,3,0,1,Metro,1,4.2,0
ORD104978,961.72,Home,22.3,COD,2,0,523,Tier2,5,4.0,0
ORD104979,1796.13,Books,19.6,Prepaid,3,0,956,Metro,2,4.5,1
ORD104980,1675.07,Footwear,30.9,COD,6,0,350,Metro,1,4.0,0
ORD104981,1842.72,Electronics,37.0,COD,4,0,513,Tier3,2,3.7,0
ORD104982,405.35,Footwear,34.8,Prepaid,2,2,244,Metro,7,3.9,1
ORD104983,3358.23,Apparel,11.5,COD,3,2,247,Tier2,1,3.9,0
ORD104984,3534.12,Apparel,20.5,COD,1,0,965,Metro,2,4.5,0
ORD104985,1483.74,Beauty,34.2,Prepaid,3,2,4,Tier3,5,3.3,0
ORD104986,767.03,Footwear,23.4,COD,11,1,391,Tier3,1,4.8,0
ORD104987,706.46,Electronics,12.5,COD,3,0,312,Tier2,5,3.6,0
ORD104988,1197.17,Footwear,3.4,COD,3,0,718,Metro,4,4.2,1
ORD104989,930.86,Footwear,17.0,Prepaid,2,0,842,Tier2,7,3.0,1
ORD104990,1021.83,Groceries,10.8,COD,0,0,257,Metro,7,4.2,0
ORD104991,1699.36,Footwear,10.2,COD,6,1,31,Tier3,9,5.0,0
ORD104992,433.35,Groceries,27.2,COD,5,0,706,Metro,2,3.5,0
ORD104993,462.72,Home,20.2,Prepaid,4,0,179,Tier2,3,5.0,0
ORD104994,578.63,Beauty,26.2,COD,7,1,1,Metro,1,4.1,0
ORD104995,3148.75,Apparel,27.3,COD,5,1,303,Tier2,4,4.4,1
ORD104996,2224.94,Books,13.1,Prepaid,5,2,238,Tier2,4,3.8,0
ORD104997,85.05,Apparel,34.0,Prepaid,2,2,243,Metro,6,4.3,1
ORD104998,933.3,Electronics,4.1,COD,2,0,503,Metro,6,4.4,1
ORD104999,125.71,Groceries,54.8,Prepaid,4,0,397,Tier2,6,4.1,0
ORD105000,533.07,Electronics,24.0,Prepaid,5,1,878,Tier3,3,4.3,0
ORD105001,787.99,Books,6.1,Prepaid,4,1,179,Tier2,3,2.4,0
ORD105002,535.07,Home,15.3,Prepaid,6,0,171,Metro,5,3.7,0
ORD105003,2609.01,Beauty,40.7,Prepaid,3,0,784,Tier2,5,3.8,0
ORD105004,4006.8,Apparel,34.3,Prepaid,4,1,33,Metro,6,3.8,1
ORD105005,2193.67,Electronics,6.6,COD,2,0,446,Tier2,5,4.2,0
ORD105006,2841.85,Footwear,46.5,Prepaid,2,0,246,Tier2,7,3.2,1
ORD105007,619.66,Home,16.4,COD,3,1,70,Tier3,2,4.3,0
ORD105008,1861.6,Home,8.9,Prepaid,2,2,391,Tier2,4,3.8,1
ORD105009,3861.3,Groceries,10.7,Prepaid,1,0,326,Metro,2,3.9,0
ORD105010,772.55,Footwear,4.2,Prepaid,2,0,53,Metro,9,4.6,1
ORD105011,366.25,Beauty,28.0,COD,3,1,787,Metro,8,3.9,1
ORD105012,3168.42,Electronics,17.7,Prepaid,1,0,344,Metro,3,4.1,0
ORD105013,2650.58,Books,38.2,COD,5,2,291,Metro,9,4.0,0
ORD105014,634.98,Home,42.9,Prepaid,5,1,215,Tier2,2,3.5,0
ORD105015,3155.22,Electronics,21.6,Prepaid,5,0,537,Tier2,5,4.0,0
ORD105016,1923.45,Electronics,16.7,Prepaid,2,1,101,Metro,1,4.2,0
ORD105017,4521.5,Home,18.4,Prepaid,1,1,848,Metro,9,3.8,1
ORD105018,1641.78,Electronics,10.1,Prepaid,7,0,268,Tier2,6,5.0,0
ORD105019,1390.2,Beauty,20.0,COD,8,0,34,Tier2,6,4.2,0
ORD105020,941.07,Apparel,21.9,COD,5,0,98,Tier3,4,3.6,0
ORD105021,759.95,Apparel,31.9,Prepaid,3,0,13,Tier3,4,3.5,1
ORD105022,1502.77,Home,30.8,COD,3,0,757,Metro,4,3.8,0
ORD105023,709.79,Electronics,38.6,Prepaid,2,1,78,Tier3,4,4.2,0
ORD105024,662.48,Footwear,9.0,Prepaid,4,3,564,Metro,3,4.3,0
ORD105025,1474.46,Home,25.0,COD,6,1,92,Tier2,6,4.6,1
ORD105026,296.67,Beauty,19.1,Prepaid,3,0,870,Tier2,1,3.3,0
ORD105027,1766.55,Groceries,15.9,Prepaid,4,0,1,Metro,9,5.0,0
ORD105028,1963.61,Home,28.6,COD,1,1,750,Metro,9,3.8,1
ORD105029,696.67,Books,19.3,Prepaid,5,0,155,Metro,8,4.9,0
ORD105030,1587.98,Groceries,3.8,Prepaid,2,1,6,Tier3,3,5.0,0
ORD105031,1436.89,Apparel,11.3,COD,3,1,59,Metro,3,3.8,0
ORD105032,1132.97,Footwear,6.0,COD,3,3,867,Metro,6,4.6,1
ORD105033,1980.3,Footwear,2.7,Prepaid,2,0,95,Metro,6,3.3,0
ORD105034,884.45,Beauty,20.0,COD,4,1,54,Metro,6,3.6,1
ORD105035,987.87,Electronics,25.8,COD,7,0,13,Tier3,8,4.7,0
ORD105036,962.59,Apparel,24.1,Prepaid,2,1,626,Tier3,6,4.7,1
ORD105037,1858.7,Footwear,3.7,COD,4,0,265,Metro,1,4.1,1
ORD105038,657.23,Books,17.2,COD,7,1,247,Tier3,8,3.1,0
ORD105039,1118.13,Home,11.9,Prepaid,2,0,1024,Tier2,4,3.8,0
ORD105040,310.03,Electronics,8.9,COD,6,0,31,Tier2,1,3.9,0
ORD105041,2964.56,Footwear,27.1,Prepaid,4,1,72,Tier3,6,3.6,0
ORD105042,908.03,Home,22.3,COD,3,0,514,Metro,2,3.8,1
ORD105043,1302.71,Groceries,25.1,COD,3,0,403,Tier3,8,2.6,0
ORD105044,516.23,Footwear,33.5,COD,1,1,800,Metro,5,3.8,1
ORD105045,806.73,Footwear,22.8,COD,5,1,664,Metro,6,4.6,1
ORD105046,1768.44,Groceries,4.9,Prepaid,4,1,320,Tier3,3,3.7,1
ORD105047,3494.37,Beauty,6.7,COD,1,0,171,Tier3,5,4.1,1
ORD105048,1109.86,Electronics,21.5,Prepaid,6,0,97,Metro,9,4.1,0
ORD105049,531.66,Books,23.3,COD,2,0,439,Metro,2,3.3,0
ORD105050,181.65,Home,14.6,Prepaid,5,2,6,Metro,6,3.0,0
ORD105051,1618.25,Groceries,10.8,COD,3,1,165,Metro,9,4.9,0
ORD105052,1204.12,Electronics,10.8,Prepaid,7,0,96,Metro,6,3.8,0
ORD105053,1152.5,Electronics,13.4,Prepaid,1,0,215,Tier2,4,4.0,1
ORD105054,2218.24,Electronics,15.7,Prepaid,5,0,6,Metro,8,4.1,0
ORD105055,269.36,Groceries,23.4,Prepaid,2,0,16,Tier3,9,4.3,0
ORD105056,2178.98,Apparel,8.0,Prepaid,5,1,60,Metro,1,4.5,1
ORD105057,2358.5,Books,6.8,Prepaid,7,0,460,Tier3,7,4.6,0
ORD105058,1300.49,Home,35.2,COD,4,1,149,Tier2,2,4.4,0
ORD105059,2001.87,Electronics,10.3,COD,5,0,287,Metro,8,4.6,1
ORD105060,3404.61,Groceries,8.0,Prepaid,4,0,594,Tier3,3,4.0,1
ORD105061,1365.41,Electronics,35.6,COD,9,0,703,Metro,2,3.4,0
ORD105062,2174.45,Groceries,48.4,Prepaid,7,2,291,Tier2,9,3.4,0
ORD105063,1248.94,Groceries,15.0,Prepaid,5,0,321,Tier2,9,3.2,0
ORD105064,226.22,Books,27.3,Prepaid,2,0,129,Metro,2,4.7,0
ORD105065,1687.39,Home,4.4,COD,9,0,104,Tier2,9,4.3,0
ORD105066,1355.51,Apparel,19.8,COD,2,0,74,Metro,6,3.2,0
ORD105067,525.69,Home,22.2,Prepaid,4,0,479,Tier2,1,4.9,0
ORD105068,3823.69,Electronics,7.4,Prepaid,3,0,747,Metro,7,3.4,0
ORD105069,1862.77,Books,20.4,COD,2,0,972,Metro,2,3.1,0
ORD105070,213.78,Electronics,4.2,Prepaid,2,1,119,Metro,8,4.6,0
ORD105071,661.7,Apparel,37.8,COD,3,1,352,Metro,5,4.7,1
ORD105072,313.97,Footwear,9.6,COD,4,1,13,Metro,9,4.7,0
ORD105073,3150.6,Apparel,22.1,COD,4,1,290,Metro,3,4.5,1
ORD105074,404.79,Home,32.1,Prepaid,5,1,239,Metro,4,2.9,0
ORD105075,916.75,Books,29.0,COD,3,1,1154,Metro,1,3.7,0
ORD105076,1719.29,Apparel,33.8,Prepaid,8,1,240,Metro,6,4.1,1
ORD105077,1580.68,Electronics,40.1,Prepaid,5,2,322,Tier2,4,4.6,0
ORD105078,500.31,Groceries,18.3,Prepaid,6,2,203,Metro,4,3.5,0
ORD105079,2182.77,Apparel,35.3,Prepaid,2,1,146,Tier3,4,3.9,0
ORD105080,901.37,Books,11.2,COD,4,1,145,Tier2,8,3.0,1
ORD105081,1082.47,Home,14.3,COD,3,0,451,Tier2,3,3.6,0
ORD105082,1542.27,Books,21.9,Prepaid,4,0,105,Metro,4,4.7,0
ORD105083,2099.83,Books,19.3,Prepaid,5,1,559,Tier2,7,4.2,0
ORD105084,587.0,Groceries,23.2,COD,3,0,0,Metro,8,4.1,0
ORD105085,2583.2,Beauty,24.3,Prepaid,4,0,98,Metro,6,4.3,0
ORD105086,3747.9,Books,17.2,COD,2,0,548,Tier3,5,4.3,0
ORD105087,2183.34,Home,26.3,COD,3,1,8,Metro,6,3.5,0
ORD105088,428.31,Groceries,22.5,Prepaid,3,2,182,Metro,2,4.7,0
ORD105089,1124.6,Beauty,3.0,Prepaid,2,0,43,Tier2,9,3.4,0
ORD105090,639.23,Electronics,13.4,COD,4,1,105,Metro,9,4.3,0
ORD105091,354.6,Electronics,24.8,COD,9,0,93,Tier2,8,3.7,0
ORD105092,769.52,Electronics,15.6,COD,4,0,59,Metro,2,3.6,0
ORD105093,270.09,Beauty,14.6,Prepaid,4,0,87,Tier2,4,4.4,0
ORD105094,53.25,Beauty,11.0,Prepaid,5,0,354,Metro,5,3.8,0
ORD105095,504.14,Books,21.7,COD,4,0,53,Tier2,2,3.8,0
ORD105096,726.28,Books,34.0,Prepaid,5,2,5,Metro,9,3.9,0
ORD105097,957.02,Electronics,21.2,Prepaid,2,0,289,Tier2,1,4.4,1
ORD105098,1078.45,Electronics,14.4,Prepaid,2,2,1,Metro,3,4.6,0
ORD105099,2413.84,Books,20.5,COD,0,0,180,Tier2,8,3.5,1
ORD105100,2431.58,Footwear,5.7,Prepaid,5,2,91,Tier2,4,5.0,0
ORD105101,468.57,Home,17.0,Prepaid,1,1,226,Tier3,8,3.5,0
ORD105102,258.88,Books,21.2,COD,9,1,424,Tier3,7,4.6,0
ORD105103,712.96,Apparel,13.2,COD,6,1,376,Tier2,5,3.4,0
ORD105104,355.58,Electronics,33.9,COD,4,0,573,Metro,9,4.7,0
ORD105105,2120.21,Apparel,20.4,Prepaid,6,0,272,Metro,9,3.6,1
ORD105106,1814.72,Electronics,2.2,COD,2,0,944,Metro,5,4.4,0
ORD105107,4097.15,Books,8.5,COD,4,0,18,Tier2,2,4.0,0
ORD105108,4129.43,Footwear,11.8,Prepaid,8,0,49,Tier3,9,5.0,0
ORD105109,512.57,Books,25.4,Prepaid,1,1,500,Metro,8,3.0,1
ORD105110,530.66,Footwear,32.3,Prepaid,5,1,134,Metro,9,3.7,0
ORD105111,748.94,Home,29.4,Prepaid,5,0,31,Tier3,5,5.0,1
ORD105112,5545.4,Books,7.9,Prepaid,3,2,25,Metro,8,3.6,0
ORD105113,2178.64,Beauty,13.8,COD,9,0,87,Tier2,8,4.5,0
ORD105114,504.92,Home,40.8,COD,2,1,153,Tier3,3,3.6,0
ORD105115,633.6,Home,12.8,Prepaid,3,0,485,Metro,5,4.0,0
ORD105116,3153.89,Home,43.5,Prepaid,3,0,310,Tier2,6,4.7,1
ORD105117,264.24,Electronics,43.1,Prepaid,4,0,143,Metro,8,3.8,0
ORD105118,3316.87,Home,28.7,COD,5,0,46,Tier3,6,3.0,0
ORD105119,1543.91,Footwear,29.4,COD,7,1,108,Metro,5,2.5,1
ORD105120,5868.15,Electronics,5.8,Prepaid,6,1,300,Metro,7,4.2,0
ORD105121,2036.93,Home,2.4,COD,6,0,41,Tier2,9,4.4,0
ORD105122,1532.28,Beauty,22.0,COD,3,1,75,Metro,1,3.4,0
ORD105123,2370.35,Apparel,33.6,Prepaid,4,0,365,Metro,1,4.2,0
ORD105124,1642.02,Home,6.6,COD,2,2,93,Tier2,3,4.4,1
ORD105125,1657.85,Footwear,22.8,Prepaid,4,1,441,Tier3,4,3.4,0
ORD105126,1240.02,Beauty,26.3,Prepaid,6,0,73,Metro,6,3.0,1
ORD105127,2366.26,Electronics,27.7,Prepaid,1,0,12,Tier3,5,4.4,0
ORD105128,2307.79,Books,12.8,Prepaid,3,0,216,Tier2,8,5.0,0
ORD105129,965.53,Groceries,3.0,COD,5,2,78,Tier2,2,4.3,0
ORD105130,2870.54,Beauty,24.0,Prepaid,5,0,210,Metro,9,4.2,0
ORD105131,1745.22,Electronics,34.8,Prepaid,3,1,445,Tier3,4,3.7,0
ORD105132,1705.09,Books,8.8,Prepaid,1,1,133,Tier2,6,4.5,1
ORD105133,1169.54,Apparel,36.4,COD,3,2,605,Metro,4,4.9,1
ORD105134,1610.16,Electronics,12.2,COD,5,1,12,Metro,5,3.8,0
ORD105135,1248.41,Books,19.5,COD,0,0,896,Metro,4,3.9,0
ORD105136,909.2,Electronics,44.9,COD,6,0,186,Tier3,3,3.4,1
ORD105137,1067.23,Books,13.8,Prepaid,3,3,68,Metro,9,4.6,0
ORD105138,1610.75,Footwear,47.4,COD,4,1,590,Tier2,3,3.7,0
ORD105139,2323.38,Beauty,14.2,COD,2,0,69,Metro,2,5.0,0
ORD105140,1830.14,Footwear,48.2,Prepaid,6,0,32,Metro,5,4.8,0
ORD105141,854.57,Books,29.0,Prepaid,4,0,369,Metro,9,4.4,0
ORD105142,1784.36,Home,10.8,Prepaid,4,1,718,Tier3,8,4.9,1
ORD105143,3772.96,Footwear,28.1,Prepaid,4,1,41,Tier2,8,3.6,0
ORD105144,1268.49,Beauty,4.8,Prepaid,2,1,40,Metro,7,4.1,0
ORD105145,530.84,Electronics,19.4,Prepaid,3,1,333,Tier2,1,4.7,0
ORD105146,1970.44,Books,15.3,COD,7,0,50,Tier2,2,4.3,0
ORD105147,1720.08,Footwear,4.0,COD,4,0,124,Metro,3,4.3,0
ORD105148,1229.87,Beauty,16.7,Prepaid,3,0,212,Tier2,4,3.7,0
ORD105149,1452.57,Books,49.6,Prepaid,5,0,3,Tier3,1,4.3,0
ORD105150,995.86,Footwear,9.2,COD,3,0,116,Tier3,9,3.5,1
ORD105151,1576.77,Groceries,21.5,Prepaid,5,0,392,Tier3,8,3.7,0
ORD105152,383.59,Beauty,27.3,COD,5,0,804,Tier2,4,5.0,1
ORD105153,1665.03,Footwear,3.3,COD,8,0,371,Metro,8,4.2,1
ORD105154,568.49,Books,21.8,COD,4,1,209,Tier2,1,2.9,1
ORD105155,1690.68,Books,7.8,Prepaid,5,0,106,Tier2,9,3.4,0
ORD105156,1166.24,Groceries,17.6,COD,6,0,60,Metro,1,4.2,0
ORD105157,2963.66,Books,7.0,Prepaid,4,0,278,Tier3,2,4.5,0
ORD105158,2073.93,Apparel,29.4,COD,5,2,567,Metro,9,3.7,1
ORD105159,1991.7,Beauty,15.5,COD,3,0,94,Metro,3,3.9,0
ORD105160,3414.3,Footwear,28.5,Prepaid,8,0,124,Tier2,6,3.7,0
ORD105161,910.19,Beauty,28.7,COD,5,2,109,Metro,5,4.7,0
ORD105162,2563.98,Home,8.2,COD,6,0,27,Tier3,9,4.2,1
ORD105163,272.4,Footwear,12.4,COD,3,1,112,Metro,2,4.7,0
ORD105164,950.06,Home,20.4,Prepaid,1,0,182,Metro,1,4.4,0
ORD105165,1825.02,Electronics,27.4,COD,2,1,139,Metro,8,3.0,0
ORD105166,1158.43,Groceries,18.5,COD,7,0,279,Metro,8,4.1,0
ORD105167,798.52,Home,39.5,Prepaid,3,0,353,Tier2,4,4.0,0
ORD105168,1224.11,Books,16.5,COD,2,0,342,Metro,8,3.8,0
ORD105169,2213.45,Home,21.2,COD,2,1,160,Tier3,5,4.2,0
ORD105170,484.95,Electronics,11.7,COD,6,0,376,Metro,2,3.5,0
ORD105171,1317.53,Footwear,23.6,Prepaid,4,0,87,Tier2,8,4.1,0
ORD105172,74.57,Electronics,1.4,COD,4,0,237,Metro,7,3.7,0
ORD105173,1001.63,Home,34.3,COD,3,0,229,Tier3,6,3.7,1
ORD105174,2342.16,Beauty,21.0,COD,2,0,125,Tier2,1,3.6,0
ORD105175,1148.38,Apparel,4.2,COD,3,1,162,Tier3,8,3.6,1
ORD105176,1414.99,Beauty,8.1,Prepaid,6,0,294,Tier2,3,3.9,0
ORD105177,1227.27,Electronics,28.1,Prepaid,7,1,304,Metro,2,3.7,0
ORD105178,3612.49,Apparel,27.3,Prepaid,5,0,505,Tier2,8,3.8,0
ORD105179,1086.24,Electronics,25.3,Prepaid,4,1,696,Metro,7,2.8,0
ORD105180,2696.44,Books,13.2,COD,5,0,584,Tier2,3,3.1,0
ORD105181,909.84,Groceries,15.7,Prepaid,7,1,323,Metro,4,3.1,0
ORD105182,2295.57,Books,21.1,Prepaid,3,1,83,Tier3,5,2.7,1
ORD105183,1853.97,Home,6.9,Prepaid,7,0,483,Tier3,2,3.8,0
ORD105184,1088.44,Books,10.2,COD,3,1,49,Tier2,9,3.9,1
ORD105185,503.06,Apparel,28.4,COD,4,0,232,Metro,7,3.8,0
ORD105186,2641.37,Apparel,11.8,Prepaid,2,1,578,Tier2,3,4.3,0
ORD105187,3020.86,Apparel,36.4,COD,2,1,298,Tier3,2,4.0,1
ORD105188,565.61,Footwear,11.8,Prepaid,2,1,315,Metro,3,2.9,0
ORD105189,1046.53,Footwear,11.3,Prepaid,2,0,74,Metro,5,4.4,1
ORD105190,2751.95,Electronics,9.1,COD,2,0,60,Tier2,5,4.6,1
ORD105191,1362.05,Electronics,9.1,COD,3,0,482,Metro,4,3.8,0
ORD105192,1546.45,Footwear,15.4,COD,4,0,371,Metro,8,3.2,0
ORD105193,2299.44,Apparel,26.1,Prepaid,5,2,121,Metro,9,4.8,1
ORD105194,1599.89,Apparel,38.5,COD,6,0,493,Metro,4,4.7,1
ORD105195,912.08,Apparel,55.1,Prepaid,2,1,169,Metro,1,3.9,1
ORD105196,4448.04,Apparel,10.9,Prepaid,4,0,678,Tier2,3,4.6,1
ORD105197,1451.81,Home,22.7,Prepaid,4,1,15,Metro,8,4.2,0
ORD105198,1873.25,Footwear,11.6,COD,3,1,361,Tier2,2,3.8,0
ORD105199,1320.84,Electronics,17.4,Prepaid,7,1,259,Metro,1,4.8,0
ORD105200,1462.31,Books,30.7,Prepaid,8,0,178,Metro,3,3.6,0
ORD105201,988.86,Footwear,33.5,Prepaid,1,1,433,Metro,9,4.3,0
ORD105202,392.75,Electronics,16.7,Prepaid,3,2,451,Tier3,3,4.5,0
ORD105203,709.7,Beauty,19.4,Prepaid,7,1,150,Metro,4,4.0,0
ORD105204,321.64,Books,3.6,Prepaid,6,0,11,Tier3,7,3.8,1
ORD105205,1068.65,Books,33.4,Prepaid,1,1,249,Tier3,3,4.4,1
ORD105206,410.56,Books,22.0,COD,3,1,333,Metro,6,3.4,0
ORD105207,2118.0,Beauty,11.0,Prepaid,6,0,68,Tier3,7,4.0,0
ORD105208,1796.39,Home,10.1,COD,5,2,69,Metro,7,3.2,1
ORD105209,2472.44,Footwear,21.8,COD,4,0,381,Metro,9,4.5,1
ORD105210,1675.13,Beauty,5.4,COD,2,1,1357,Metro,6,3.3,0
ORD105211,1765.58,Beauty,20.7,COD,5,0,37,Metro,4,4.5,1
ORD105212,251.77,Home,19.8,Prepaid,1,0,172,Metro,9,3.9,0
ORD105213,3296.65,Apparel,10.2,COD,6,3,357,Metro,3,3.8,1
ORD105214,1308.11,Footwear,25.3,COD,1,1,223,Tier3,6,3.8,1
ORD105215,561.3,Books,19.6,Prepaid,3,0,424,Metro,2,5.0,0
ORD105216,5124.46,Groceries,17.5,COD,3,0,72,Tier2,7,3.9,0
ORD105217,1365.93,Home,21.5,COD,8,3,146,Metro,9,4.2,0
ORD105218,4288.26,Footwear,3.1,COD,1,1,138,Metro,7,4.7,0
ORD105219,2098.27,Beauty,19.0,Prepaid,10,1,74,Metro,8,3.9,0
ORD105220,682.0,Apparel,37.9,Prepaid,5,1,56,Metro,3,5.0,0
ORD105221,3125.61,Electronics,3.1,COD,3,0,297,Tier2,6,4.1,0
ORD105222,1110.02,Books,17.9,COD,2,0,94,Tier3,8,4.6,0
ORD105223,276.04,Electronics,38.3,Prepaid,4,0,551,Metro,1,4.1,0
ORD105224,237.06,Footwear,23.5,Prepaid,9,1,15,Tier2,3,4.0,0
ORD105225,3964.51,Home,12.7,Prepaid,5,0,699,Metro,8,4.0,0
ORD105226,436.79,Electronics,8.5,COD,4,0,276,Metro,8,3.7,0
ORD105227,1520.37,Electronics,30.5,Prepaid,1,0,44,Tier2,8,3.5,0
ORD105228,2710.76,Footwear,16.0,Prepaid,3,0,247,Metro,4,4.8,1
ORD105229,818.65,Footwear,28.0,Prepaid,3,0,68,Metro,4,3.6,0
ORD105230,3215.13,Apparel,6.1,COD,4,0,218,Tier2,2,3.9,0
ORD105231,383.29,Home,20.0,Prepaid,5,0,66,Metro,3,3.6,0
ORD105232,513.89,Books,2.0,COD,4,2,426,Metro,1,4.4,0
ORD105233,5315.93,Footwear,47.6,COD,5,0,97,Tier2,2,3.8,1
ORD105234,2614.55,Groceries,45.5,Prepaid,5,0,235,Metro,6,2.8,1
ORD105235,1849.25,Apparel,5.5,COD,1,0,832,Tier2,3,4.0,0
ORD105236,3173.96,Apparel,17.2,COD,8,2,56,Metro,7,5.0,0
ORD105237,640.55,Books,40.0,Prepaid,6,1,233,Tier2,5,4.4,0
ORD105238,1302.33,Electronics,19.6,COD,6,2,2,Tier2,1,4.4,0
ORD105239,1043.08,Books,9.4,Prepaid,2,1,175,Metro,9,3.8,1
ORD105240,2177.57,Apparel,9.6,Prepaid,2,2,744,Metro,2,2.7,1
ORD105241,3493.86,Beauty,11.9,Prepaid,3,1,288,Metro,6,5.0,0
ORD105242,953.0,Electronics,14.8,Prepaid,4,1,658,Tier2,2,4.4,0
ORD105243,1911.17,Apparel,31.6,COD,6,0,549,Metro,2,3.0,1
ORD105244,1857.08,Footwear,9.8,COD,4,1,98,Tier3,6,3.9,1
ORD105245,1867.77,Groceries,19.6,COD,6,2,183,Metro,4,3.4,0
ORD105246,235.94,Books,45.1,Prepaid,4,0,149,Tier2,9,4.3,0
ORD105247,1420.13,Books,34.0,COD,4,0,232,Metro,5,4.6,0
ORD105248,1961.13,Apparel,27.1,Prepaid,3,1,62,Metro,3,3.5,0
ORD105249,1217.7,Footwear,2.3,Prepaid,3,0,712,Metro,9,3.7,0
ORD105250,1171.38,Beauty,23.7,COD,2,1,400,Metro,5,3.7,1
ORD105251,1263.61,Footwear,10.1,COD,3,0,57,Tier2,3,4.1,1
ORD105252,705.43,Beauty,11.9,Prepaid,6,1,176,Metro,2,3.5,0
ORD105253,1282.99,Home,25.3,Prepaid,4,1,116,Metro,3,4.3,1
ORD105254,2917.39,Books,20.3,Prepaid,7,0,71,Tier2,2,4.0,0
ORD105255,849.48,Apparel,25.9,COD,2,1,719,Metro,8,3.3,1
ORD105256,2264.49,Home,1.8,COD,4,0,26,Tier3,8,4.8,0
ORD105257,560.01,Groceries,25.1,Prepaid,5,0,96,Tier2,4,4.0,0
ORD105258,680.3,Books,14.2,Prepaid,4,2,590,Metro,1,4.0,1
ORD105259,687.87,Books,42.3,COD,6,0,53,Tier2,1,3.8,1
ORD105260,3607.79,Footwear,45.6,COD,1,0,46,Metro,1,3.9,1
ORD105261,2627.76,Beauty,36.2,Prepaid,3,1,7,Metro,5,3.2,0
ORD105262,4868.2,Electronics,10.0,Prepaid,3,0,9,Metro,9,3.6,0
ORD105263,976.85,Beauty,25.5,Prepaid,6,1,1157,Metro,6,4.5,0
ORD105264,3230.95,Apparel,12.3,COD,4,0,177,Tier3,6,4.8,0
ORD105265,1107.0,Groceries,11.4,Prepaid,7,0,29,Metro,2,3.6,0
ORD105266,1037.98,Books,31.4,COD,5,0,220,Tier3,1,3.8,1
ORD105267,1462.65,Beauty,20.2,COD,0,0,616,Metro,8,4.2,0
ORD105268,420.25,Books,14.7,COD,7,0,951,Metro,2,4.3,0
ORD105269,2403.6,Electronics,13.8,COD,4,1,652,Tier2,9,4.4,0
ORD105270,482.35,Books,12.2,Prepaid,5,0,143,Metro,8,3.7,0
ORD105271,1689.25,Footwear,9.1,Prepaid,5,1,143,Tier2,8,4.0,1
ORD105272,305.66,Beauty,10.6,COD,8,1,242,Metro,8,5.0,0
ORD105273,3592.86,Books,17.9,Prepaid,1,0,81,Metro,8,4.0,0
ORD105274,2423.36,Books,19.6,Prepaid,4,1,430,Metro,5,4.3,0
ORD105275,2361.01,Home,8.1,Prepaid,4,0,896,Tier3,9,3.7,1
ORD105276,296.18,Electronics,15.5,Prepaid,2,2,467,Metro,7,3.0,1
ORD105277,1467.32,Electronics,10.2,Prepaid,6,0,203,Tier2,9,4.4,0
ORD105278,812.67,Books,7.0,Prepaid,5,2,5,Metro,3,4.1,0
ORD105279,903.93,Home,32.0,Prepaid,5,0,158,Tier3,9,3.4,0
ORD105280,5291.67,Electronics,7.2,Prepaid,5,1,1089,Tier2,4,5.0,0
ORD105281,874.44,Home,11.8,COD,7,0,876,Tier2,8,4.2,1
ORD105282,395.43,Groceries,42.2,COD,9,1,94,Metro,2,4.3,0
ORD105283,2135.47,Footwear,27.4,Prepaid,0,0,79,Tier3,5,4.7,0
ORD105284,422.84,Apparel,13.3,Prepaid,10,0,312,Metro,6,3.5,0
ORD105285,2097.16,Electronics,22.5,COD,1,1,143,Tier3,8,3.6,1
ORD105286,1579.16,Apparel,13.4,COD,3,0,190,Tier3,2,3.4,0
ORD105287,1139.94,Electronics,35.9,Prepaid,2,1,9,Metro,7,3.5,0
ORD105288,922.91,Home,12.4,COD,5,0,119,Metro,6,3.9,1
ORD105289,382.05,Groceries,32.0,Prepaid,9,1,127,Tier3,3,3.1,0
ORD105290,365.74,Footwear,26.0,COD,0,0,884,Tier3,5,4.4,1
ORD105291,2624.68,Apparel,17.4,Prepaid,8,0,235,Metro,3,2.3,1
ORD105292,731.99,Footwear,21.2,Prepaid,8,0,307,Metro,6,4.1,1
ORD105293,1608.23,Apparel,28.3,Prepaid,4,0,215,Metro,1,4.2,0
ORD105294,422.91,Groceries,16.5,COD,3,1,151,Tier2,8,4.1,1
ORD105295,1301.02,Footwear,22.7,COD,6,0,704,Metro,7,3.3,1
ORD105296,1146.7,Home,17.4,COD,2,0,698,Metro,7,4.0,1
ORD105297,629.77,Books,17.8,Prepaid,2,0,291,Tier2,2,2.7,0
ORD105298,2482.53,Home,5.2,Prepaid,7,0,492,Tier2,9,4.1,0
ORD105299,611.65,Beauty,28.9,COD,4,0,54,Metro,8,3.3,0
ORD105300,2349.83,Footwear,8.9,Prepaid,6,1,1805,Tier2,1,3.6,0
ORD105301,1618.85,Groceries,4.7,Prepaid,6,1,713,Tier3,9,4.5,0
ORD105302,3303.73,Footwear,18.7,COD,2,0,303,Metro,2,3.1,0
ORD105303,48.71,Footwear,21.1,Prepaid,2,2,1398,Metro,6,3.8,1
ORD105304,1923.13,Beauty,39.6,COD,5,0,71,Tier2,9,4.2,1
ORD105305,2198.25,Books,30.5,Prepaid,5,0,8,Metro,6,3.9,0
ORD105306,221.3,Books,17.5,Prepaid,4,0,11,Tier2,1,4.7,0
ORD105307,3634.24,Home,5.1,COD,3,2,61,Metro,8,4.1,1
ORD105308,2027.75,Beauty,12.1,Prepaid,1,0,343,Metro,1,4.3,0
ORD105309,2073.47,Apparel,21.4,Prepaid,2,0,88,Tier2,7,3.3,0
ORD105310,3322.64,Groceries,18.8,Prepaid,6,1,155,Tier2,1,4.2,0
ORD105311,3897.75,Books,4.9,Prepaid,3,1,76,Metro,6,4.1,0
ORD105312,5913.18,Home,21.6,Prepaid,6,0,366,Metro,5,5.0,1
ORD105313,1086.78,Electronics,32.0,Prepaid,2,1,139,Tier3,5,3.3,0
ORD105314,1936.92,Home,8.7,Prepaid,1,1,191,Tier2,7,3.4,1
ORD105315,781.47,Apparel,12.0,Prepaid,6,1,10,Tier3,8,3.0,1
ORD105316,1325.27,Home,33.0,Prepaid,3,1,148,Tier3,2,4.8,1
ORD105317,1532.15,Electronics,34.4,COD,5,2,986,Tier3,8,4.2,0
ORD105318,1400.95,Electronics,10.1,COD,2,0,234,Tier3,8,3.7,0
ORD105319,3013.97,Home,37.8,Prepaid,4,0,170,Tier2,8,3.3,0
ORD105320,4133.17,Footwear,23.2,COD,7,1,277,Metro,4,4.0,0
ORD105321,993.63,Apparel,25.0,COD,5,0,367,Metro,8,4.1,1
ORD105322,2111.61,Books,10.7,Prepaid,4,0,658,Metro,1,5.0,0
ORD105323,304.85,Books,30.2,COD,1,1,100,Metro,7,4.1,0
ORD105324,499.23,Footwear,22.9,Prepaid,3,1,1053,Tier3,5,3.7,0
ORD105325,1874.82,Groceries,20.3,COD,5,0,160,Metro,8,4.1,0
ORD105326,1616.61,Home,20.9,Prepaid,3,0,103,Tier2,1,4.1,0
ORD105327,740.52,Footwear,10.7,COD,6,0,81,Metro,3,3.9,1
ORD105328,1691.64,Electronics,30.4,COD,4,0,54,Metro,5,3.1,1
ORD105329,1993.8,Home,25.4,COD,3,0,3,Tier2,8,3.9,1
ORD105330,1268.67,Groceries,43.0,COD,3,0,280,Metro,3,4.4,1
ORD105331,181.07,Home,28.9,COD,0,0,111,Metro,9,4.0,1
ORD105332,1866.89,Books,5.9,Prepaid,2,2,250,Tier3,2,4.4,1
ORD105333,3204.69,Footwear,21.5,COD,7,0,114,Metro,3,3.4,0
ORD105334,18.85,Footwear,28.9,Prepaid,7,1,368,Tier2,1,5.0,1
ORD105335,1951.12,Groceries,17.7,Prepaid,4,0,420,Tier2,3,3.3,0
ORD105336,605.5,Electronics,18.1,Prepaid,1,0,604,Metro,1,4.4,0
ORD105337,592.3,Groceries,50.6,Prepaid,5,0,9,Tier3,9,2.7,0
ORD105338,1758.09,Books,19.6,Prepaid,3,1,543,Tier2,9,2.9,0
ORD105339,3167.0,Beauty,39.8,Prepaid,2,0,400,Tier2,8,4.4,0
ORD105340,2515.29,Beauty,5.6,COD,5,0,592,Metro,9,3.4,0
ORD105341,3202.85,Electronics,33.3,Prepaid,5,0,1062,Metro,9,3.7,0
ORD105342,2343.0,Electronics,25.5,Prepaid,0,0,1201,Metro,9,4.0,1
ORD105343,602.01,Apparel,6.4,Prepaid,0,0,31,Tier2,1,4.9,0
ORD105344,1202.75,Electronics,24.6,Prepaid,8,0,484,Metro,3,4.2,0
ORD105345,770.93,Books,33.4,COD,2,0,19,Tier2,7,4.4,0
ORD105346,354.4,Books,15.7,COD,3,1,552,Tier2,5,3.2,0
ORD105347,722.94,Electronics,14.2,Prepaid,5,5,60,Metro,4,5.0,0
ORD105348,2256.01,Books,12.9,COD,5,0,169,Metro,3,4.8,0
ORD105349,150.75,Apparel,39.5,Prepaid,4,0,387,Tier2,8,4.5,0
ORD105350,947.57,Books,11.0,COD,6,1,599,Metro,6,4.5,1
ORD105351,480.46,Electronics,9.4,COD,4,0,168,Tier2,9,3.8,0
ORD105352,721.43,Apparel,27.1,COD,4,1,14,Tier2,2,4.4,0
ORD105353,1739.57,Beauty,23.2,Prepaid,3,1,616,Metro,6,4.0,0
ORD105354,2066.84,Footwear,40.0,COD,4,0,0,Tier2,3,3.7,0
ORD105355,2708.5,Books,34.3,COD,2,2,92,Metro,6,4.9,1
ORD105356,3441.68,Apparel,27.1,COD,2,0,180,Tier3,2,3.8,1
ORD105357,1922.67,Groceries,20.1,Prepaid,4,1,91,Metro,5,3.1,1
ORD105358,1650.54,Electronics,11.8,Prepaid,4,0,166,Tier2,6,2.5,0
ORD105359,672.75,Home,21.0,Prepaid,1,0,473,Tier3,2,4.4,1
ORD105360,980.98,Electronics,18.3,Prepaid,9,1,24,Metro,8,3.3,0
ORD105361,1365.13,Apparel,7.8,Prepaid,3,1,287,Metro,9,4.8,0
ORD105362,2018.82,Books,45.3,COD,2,1,261,Metro,1,4.2,1
ORD105363,2324.23,Electronics,6.3,Prepaid,4,0,10,Tier2,3,3.0,1
ORD105364,265.37,Home,19.2,COD,4,0,438,Tier2,9,4.5,0
ORD105365,758.95,Books,21.5,Prepaid,5,0,236,Metro,2,4.9,0
ORD105366,3671.09,Apparel,17.6,Prepaid,2,1,49,Tier2,4,4.2,1
ORD105367,1642.16,Apparel,22.9,Prepaid,2,0,18,Metro,4,3.9,1
ORD105368,852.18,Home,3.9,Prepaid,4,0,15,Tier2,5,3.4,0
ORD105369,4824.69,Beauty,31.9,Prepaid,1,1,101,Metro,6,4.8,0
ORD105370,969.43,Beauty,37.6,Prepaid,4,0,62,Tier3,3,4.3,0
ORD105371,699.08,Electronics,3.5,Prepaid,5,2,654,Tier2,8,3.7,0
ORD105372,4440.68,Groceries,14.9,COD,5,1,182,Metro,7,4.0,1
ORD105373,1054.95,Apparel,35.8,Prepaid,2,1,115,Tier3,2,4.2,0
ORD105374,2787.91,Beauty,25.8,COD,3,0,148,Metro,1,4.1,0
ORD105375,694.19,Beauty,9.2,Prepaid,2,0,577,Metro,5,3.8,0
ORD105376,2980.99,Home,10.4,COD,3,0,4,Tier3,4,4.1,0
ORD105377,2791.41,Electronics,40.7,Prepaid,2,0,35,Metro,1,3.7,0
ORD105378,2564.64,Home,24.9,COD,0,0,166,Tier2,2,4.2,0
ORD105379,299.58,Footwear,49.5,Prepaid,3,0,46,Tier3,7,4.7,0
ORD105380,644.47,Home,16.7,Prepaid,4,1,163,Metro,2,4.8,0
ORD105381,565.04,Home,7.2,COD,2,0,0,Tier2,6,3.6,0
ORD105382,2379.39,Groceries,15.4,COD,9,2,33,Tier3,9,4.5,1
ORD105383,1104.68,Home,26.7,Prepaid,5,1,1565,Metro,9,4.0,0
ORD105384,1101.24,Electronics,13.4,COD,9,1,342,Tier3,2,3.5,0
ORD105385,5606.27,Electronics,18.8,Prepaid,7,0,18,Tier2,8,3.6,0
ORD105386,2898.24,Apparel,44.3,COD,6,1,44,Metro,4,3.0,0
ORD105387,1142.29,Books,18.5,COD,0,0,62,Tier2,4,4.8,0
ORD105388,1119.03,Electronics,36.3,COD,5,1,275,Metro,5,4.4,1
ORD105389,1035.82,Groceries,28.2,Prepaid,10,1,243,Tier3,1,4.4,0
ORD105390,1356.83,Groceries,21.8,Prepaid,3,0,9,Tier3,2,4.7,0
ORD105391,464.92,Groceries,13.4,Prepaid,2,0,52,Metro,6,4.0,0
ORD105392,2040.3,Books,12.5,Prepaid,6,0,449,Tier3,3,3.9,0
ORD105393,3395.82,Home,7.1,Prepaid,4,2,778,Metro,3,3.2,1
ORD105394,1110.28,Beauty,19.4,Prepaid,8,1,490,Tier3,4,3.5,0
ORD105395,612.21,Electronics,38.3,Prepaid,4,1,334,Tier3,8,4.3,0
ORD105396,1170.99,Electronics,8.8,Prepaid,4,0,52,Metro,4,3.5,0
ORD105397,2748.35,Beauty,10.3,Prepaid,3,1,40,Tier2,4,4.1,1
ORD105398,1830.26,Beauty,12.1,Prepaid,4,0,94,Metro,4,3.9,0
ORD105399,935.89,Footwear,18.8,COD,3,0,131,Tier2,3,3.1,0
ORD105400,2101.87,Beauty,32.0,COD,4,2,288,Tier3,7,4.1,1
ORD105401,887.02,Beauty,23.8,Prepaid,4,1,253,Metro,5,3.5,0
ORD105402,422.9,Home,13.3,Prepaid,3,0,82,Tier2,5,4.6,0
ORD105403,953.79,Books,13.1,Prepaid,3,0,346,Metro,3,4.2,0
ORD105404,946.28,Apparel,39.8,Prepaid,6,0,178,Tier2,3,4.2,1
ORD105405,688.52,Beauty,18.3,Prepaid,3,2,723,Tier2,4,3.7,1
ORD105406,421.43,Home,7.9,Prepaid,10,0,6,Metro,6,3.8,0
ORD105407,694.37,Apparel,16.6,COD,2,0,54,Tier2,3,4.0,1
ORD105408,1761.95,Groceries,38.1,COD,5,2,16,Tier2,3,4.0,0
ORD105409,555.16,Electronics,19.8,Prepaid,5,0,233,Metro,7,4.6,1
ORD105410,622.92,Footwear,24.1,COD,4,2,995,Metro,6,4.6,0
ORD105411,543.99,Apparel,16.8,COD,2,0,382,Tier3,5,4.2,1
ORD105412,2307.92,Books,15.5,COD,5,0,28,Tier3,2,4.7,1
ORD105413,442.98,Beauty,6.8,COD,5,0,161,Metro,9,3.2,1
ORD105414,341.74,Electronics,28.3,COD,3,1,56,Tier2,9,4.0,1
ORD105415,5037.58,Home,12.8,Prepaid,3,0,207,Tier3,7,5.0,0
ORD105416,642.35,Beauty,18.2,Prepaid,2,2,448,Metro,9,3.3,0
ORD105417,1291.83,Electronics,42.8,COD,6,0,154,Metro,3,3.4,0
ORD105418,1125.75,Footwear,40.7,COD,4,1,38,Metro,8,4.0,0
ORD105419,1259.5,Footwear,21.8,COD,3,0,231,Metro,7,4.0,0
ORD105420,1142.6,Home,19.4,Prepaid,6,1,90,Tier2,3,4.1,0
ORD105421,664.96,Footwear,26.4,COD,3,2,436,Metro,7,4.2,1
ORD105422,234.1,Books,10.0,COD,6,0,135,Tier2,8,4.1,0
ORD105423,2748.13,Groceries,13.0,COD,2,1,265,Metro,1,3.7,1
ORD105424,1516.85,Groceries,19.2,Prepaid,6,0,268,Metro,4,4.1,0
ORD105425,1021.29,Home,45.9,COD,0,0,11,Tier2,6,4.2,0
ORD105426,1396.04,Beauty,52.9,Prepaid,4,1,28,Metro,3,2.4,0
ORD105427,703.88,Home,19.0,Prepaid,3,2,383,Metro,6,4.4,1
ORD105428,2256.8,Home,23.7,COD,2,0,95,Metro,5,3.2,1
ORD105429,2831.91,Books,5.8,COD,6,2,466,Metro,8,4.4,0
ORD105430,1687.67,Electronics,15.4,Prepaid,3,0,173,Tier2,7,4.0,0
ORD105431,816.83,Groceries,6.3,Prepaid,9,0,337,Tier2,9,3.9,0
ORD105432,1816.9,Home,24.0,COD,4,0,1611,Metro,2,2.7,1
ORD105433,2723.17,Footwear,14.4,COD,3,0,148,Metro,6,4.0,0
ORD105434,469.14,Footwear,26.5,COD,4,0,23,Metro,8,5.0,0
ORD105435,1077.69,Groceries,25.1,Prepaid,5,0,374,Metro,1,3.9,0
ORD105436,1910.7,Home,6.9,COD,10,0,207,Tier2,9,5.0,0
ORD105437,954.1,Home,29.7,Prepaid,1,1,277,Metro,6,3.1,0
ORD105438,253.63,Home,34.4,Prepaid,7,1,399,Metro,5,2.6,0
ORD105439,2007.23,Apparel,47.0,Prepaid,3,0,1251,Metro,8,4.4,1
ORD105440,3732.66,Footwear,50.5,COD,2,2,12,Tier3,3,4.0,1
ORD105441,2326.54,Books,33.1,COD,2,0,228,Tier3,3,3.5,0
ORD105442,704.74,Books,26.5,COD,2,0,168,Metro,3,4.5,0
ORD105443,3029.69,Footwear,41.1,COD,4,0,52,Metro,7,3.3,0
ORD105444,2073.68,Home,7.6,COD,0,0,1452,Tier2,2,4.0,0
ORD105445,631.62,Apparel,3.1,COD,6,0,473,Metro,1,3.9,1
ORD105446,1374.82,Electronics,7.8,COD,4,1,16,Metro,6,4.7,0
ORD105447,4513.5,Electronics,22.3,COD,2,0,675,Metro,5,4.6,0
ORD105448,3244.13,Electronics,18.4,Prepaid,3,0,619,Tier3,7,4.0,0
ORD105449,1002.89,Groceries,24.1,COD,3,1,132,Metro,2,3.7,0
ORD105450,1591.16,Home,19.1,COD,2,1,146,Metro,2,3.8,0
ORD105451,2869.68,Apparel,31.2,Prepaid,3,0,108,Tier2,1,5.0,1
ORD105452,398.9,Apparel,21.5,COD,3,1,586,Tier2,6,3.2,1
ORD105453,486.69,Electronics,27.6,COD,5,0,157,Metro,6,4.3,0
ORD105454,2476.61,Home,9.8,COD,3,0,576,Tier2,1,4.3,0
ORD105455,1382.31,Books,5.1,COD,6,0,235,Tier2,9,4.4,1
ORD105456,786.65,Footwear,17.4,Prepaid,3,0,0,Tier2,3,4.5,1
ORD105457,888.6,Electronics,9.3,Prepaid,6,0,287,Tier3,9,4.1,0
ORD105458,307.36,Apparel,51.8,COD,3,0,689,Tier2,9,4.2,0
ORD105459,1165.23,Apparel,37.1,Prepaid,0,0,1254,Tier3,7,3.9,1
ORD105460,2459.66,Footwear,16.5,Prepaid,6,0,395,Tier2,7,4.5,1
ORD105461,2021.38,Apparel,22.3,Prepaid,4,1,8,Metro,5,4.4,1
ORD105462,926.1,Groceries,9.9,Prepaid,2,0,126,Metro,5,3.8,0
ORD105463,2771.84,Groceries,18.9,Prepaid,3,0,1345,Metro,2,3.7,0
ORD105464,2229.61,Groceries,43.6,Prepaid,6,0,32,Metro,5,3.1,1
ORD105465,1967.84,Electronics,24.7,Prepaid,3,1,68,Tier2,3,3.8,0
ORD105466,2623.2,Groceries,24.9,COD,7,1,139,Metro,3,4.7,0
ORD105467,759.13,Home,4.0,Prepaid,5,1,50,Tier3,6,3.9,0
ORD105468,954.03,Beauty,40.8,COD,4,1,390,Tier3,3,2.7,1
ORD105469,574.68,Beauty,5.1,COD,3,1,193,Metro,5,3.7,0
ORD105470,390.63,Books,20.6,COD,7,0,35,Tier3,2,4.1,0
ORD105471,1513.58,Groceries,22.8,Prepaid,3,1,1474,Tier3,1,3.6,0
ORD105472,555.9,Home,37.7,Prepaid,1,0,483,Metro,1,3.5,0
ORD105473,2181.75,Apparel,23.9,Prepaid,3,0,442,Metro,2,3.5,1
ORD105474,997.1,Beauty,31.8,Prepaid,3,1,13,Metro,4,4.3,0
ORD105475,104.21,Apparel,24.6,COD,5,0,19,Tier2,1,3.9,0
ORD105476,1726.57,Home,26.4,Prepaid,3,0,166,Metro,9,4.3,0
ORD105477,605.52,Apparel,3.5,Prepaid,3,0,477,Tier2,7,3.5,0
ORD105478,1715.15,Home,42.4,Prepaid,1,1,85,Tier2,9,4.0,1
ORD105479,1971.56,Apparel,29.8,Prepaid,4,2,399,Metro,8,4.2,1
ORD105480,1582.16,Books,7.7,COD,3,0,727,Tier2,7,3.6,0
ORD105481,927.06,Footwear,19.8,Prepaid,1,1,52,Metro,6,3.4,1
ORD105482,2076.19,Electronics,2.0,COD,1,1,47,Tier3,1,4.4,1
ORD105483,813.99,Books,18.6,Prepaid,3,0,205,Metro,6,4.2,0
ORD105484,1008.38,Groceries,12.6,COD,2,0,768,Metro,1,4.5,0
ORD105485,929.81,Footwear,34.4,Prepaid,8,0,15,Metro,2,3.3,1
ORD105486,2237.21,Home,8.7,Prepaid,4,1,267,Metro,2,3.2,0
ORD105487,1422.66,Groceries,3.4,COD,3,0,399,Tier2,6,3.9,0
ORD105488,2352.66,Electronics,16.8,COD,3,1,148,Metro,4,4.6,1
ORD105489,2984.11,Home,7.7,Prepaid,4,3,218,Metro,8,3.4,1
ORD105490,2269.65,Footwear,24.0,COD,5,0,266,Metro,5,3.8,0
ORD105491,491.53,Electronics,14.0,Prepaid,4,0,112,Metro,2,4.6,0
ORD105492,1744.15,Books,17.3,Prepaid,3,2,421,Metro,8,3.4,0
ORD105493,1506.51,Groceries,37.3,COD,6,0,45,Metro,2,4.4,0
ORD105494,2337.09,Apparel,23.7,COD,0,0,450,Tier2,2,4.3,1
ORD105495,736.82,Electronics,19.1,Prepaid,1,0,816,Tier2,7,4.3,0
ORD105496,1363.33,Groceries,25.6,Prepaid,4,1,769,Metro,3,3.9,0
ORD105497,1319.52,Home,16.3,Prepaid,4,1,571,Metro,4,3.9,0
ORD105498,1994.77,Electronics,9.0,COD,2,1,29,Tier3,9,3.2,1
ORD105499,2590.5,Home,38.5,Prepaid,6,1,594,Tier3,5,4.3,0
ORD105500,1970.93,Groceries,17.1,COD,9,0,330,Metro,7,3.2,0
ORD105501,588.42,Footwear,43.0,COD,6,0,299,Tier3,4,2.2,1
ORD105502,629.61,Beauty,42.2,COD,5,1,117,Tier2,5,4.4,0
ORD105503,1398.56,Apparel,27.0,Prepaid,4,0,80,Tier2,6,4.2,0
ORD105504,990.82,Home,7.4,Prepaid,8,1,182,Metro,7,4.3,0
ORD105505,985.95,Groceries,13.1,COD,5,1,422,Metro,6,3.9,1
ORD105506,1535.76,Apparel,22.8,COD,4,0,137,Metro,2,3.7,0
ORD105507,1212.93,Electronics,32.5,COD,2,0,136,Metro,1,4.0,1
ORD105508,1915.75,Groceries,10.8,COD,5,0,17,Tier2,6,4.2,1
ORD105509,2302.51,Footwear,51.6,Prepaid,3,1,104,Metro,4,3.4,0
ORD105510,2229.82,Footwear,13.1,COD,2,0,17,Tier2,2,4.2,1
ORD105511,2098.49,Footwear,52.1,Prepaid,6,1,177,Metro,1,4.5,1
ORD105512,810.97,Electronics,5.7,COD,6,0,40,Tier2,7,3.4,0
ORD105513,826.24,Electronics,4.9,COD,3,1,66,Metro,3,3.7,0
ORD105514,1558.49,Groceries,10.7,Prepaid,2,0,204,Metro,3,4.5,0
ORD105515,119.03,Home,19.8,COD,4,0,501,Tier3,7,4.2,0
ORD105516,1963.78,Groceries,16.5,Prepaid,4,2,460,Metro,8,3.9,0
ORD105517,650.05,Apparel,30.8,Prepaid,3,0,233,Tier2,4,4.7,0
ORD105518,1114.13,Footwear,9.6,Prepaid,3,2,1146,Metro,8,3.5,1
ORD105519,1344.65,Groceries,10.5,Prepaid,5,0,729,Tier2,7,4.5,0
ORD105520,756.84,Electronics,23.3,Prepaid,1,0,74,Metro,7,4.1,0
ORD105521,2222.57,Books,14.4,COD,2,0,809,Metro,1,3.6,0
ORD105522,1048.5,Home,2.4,COD,4,1,41,Metro,1,4.2,1
ORD105523,1950.65,Home,7.4,COD,4,0,97,Metro,4,3.6,0
ORD105524,614.66,Beauty,23.3,COD,6,0,355,Tier2,6,3.1,0
ORD105525,978.16,Home,16.1,Prepaid,6,1,704,Tier2,7,5.0,0
ORD105526,1065.62,Electronics,47.1,COD,5,2,154,Tier3,3,4.7,1
ORD105527,1198.34,Beauty,25.4,COD,8,0,838,Metro,3,3.8,1
ORD105528,1499.51,Groceries,24.9,Prepaid,3,0,318,Metro,1,4.4,0
ORD105529,4024.19,Beauty,28.5,Prepaid,3,1,221,Tier2,6,3.2,0
ORD105530,4292.26,Footwear,17.6,Prepaid,4,1,687,Tier2,9,4.2,0
ORD105531,1114.04,Beauty,31.2,Prepaid,5,0,80,Tier3,6,3.4,0
ORD105532,167.51,Electronics,12.4,Prepaid,2,0,195,Tier2,1,4.9,0
ORD105533,1302.27,Beauty,8.1,COD,5,1,110,Metro,8,3.6,1
ORD105534,1892.95,Electronics,18.8,Prepaid,1,0,70,Tier2,5,3.9,0
ORD105535,1671.8,Electronics,27.5,COD,3,0,552,Tier2,9,3.8,0
ORD105536,564.99,Groceries,11.9,Prepaid,6,1,415,Metro,1,2.6,0
ORD105537,1756.33,Footwear,29.9,COD,2,0,235,Tier2,2,4.3,1
ORD105538,1376.99,Beauty,8.7,COD,2,1,173,Metro,3,3.9,1
ORD105539,582.81,Electronics,14.7,COD,4,4,36,Metro,9,3.8,1
ORD105540,833.9,Home,2.8,COD,3,1,256,Metro,5,4.1,0
ORD105541,170.86,Home,15.6,COD,7,0,269,Tier2,3,4.1,1
ORD105542,1026.09,Groceries,14.5,Prepaid,3,0,265,Tier3,4,3.5,0
ORD105543,727.15,Apparel,34.1,Prepaid,1,0,392,Tier3,3,3.9,0
ORD105544,378.53,Beauty,23.3,Prepaid,7,1,563,Tier3,6,3.4,0
ORD105545,610.11,Apparel,46.5,COD,4,1,17,Metro,3,4.4,1
ORD105546,149.66,Groceries,5.5,Prepaid,4,0,72,Tier2,1,4.1,0
ORD105547,1891.49,Groceries,12.8,Prepaid,4,0,23,Tier2,9,4.5,0
ORD105548,1241.19,Apparel,2.7,COD,10,0,9,Metro,8,3.1,1
ORD105549,1540.2,Groceries,20.1,Prepaid,4,0,9,Metro,8,3.4,0
ORD105550,279.38,Apparel,21.0,COD,2,0,969,Tier2,5,4.4,0
ORD105551,1672.2,Electronics,43.7,Prepaid,2,2,992,Tier2,5,3.3,1
ORD105552,751.05,Home,11.1,COD,3,1,9,Tier3,3,4.7,1
ORD105553,2057.75,Beauty,18.4,Prepaid,4,0,138,Metro,6,4.5,0
ORD105554,1177.95,Apparel,24.5,Prepaid,2,1,88,Metro,1,3.9,1
ORD105555,1069.43,Beauty,16.8,COD,3,0,229,Tier2,9,4.6,0
ORD105556,934.52,Apparel,39.0,COD,6,0,190,Tier3,9,3.3,1
ORD105557,465.93,Electronics,11.1,COD,3,2,32,Tier2,5,3.2,0
ORD105558,2489.82,Beauty,16.0,Prepaid,6,1,341,Metro,6,4.6,0
ORD105559,1452.7,Books,24.7,COD,3,3,23,Tier2,2,4.4,1
ORD105560,1015.28,Books,18.5,COD,7,1,212,Metro,8,4.6,0
ORD105561,2162.09,Books,16.8,COD,5,0,40,Metro,5,3.8,0
ORD105562,1758.81,Books,23.1,COD,5,0,404,Metro,1,4.9,1
ORD105563,4407.11,Home,13.4,Prepaid,5,1,125,Metro,6,4.4,0
ORD105564,1799.3,Home,6.0,Prepaid,2,0,240,Metro,2,3.6,0
ORD105565,1927.64,Home,12.8,COD,3,0,364,Metro,5,3.5,1
ORD105566,1069.7,Beauty,16.3,Prepaid,1,1,384,Tier2,7,3.8,0
ORD105567,1665.75,Apparel,23.5,COD,7,0,115,Metro,6,3.8,0
ORD105568,1372.25,Home,10.2,Prepaid,3,2,265,Tier3,7,3.9,0
ORD105569,608.06,Electronics,23.8,COD,3,0,253,Metro,8,3.2,0
ORD105570,781.87,Books,3.7,COD,5,0,333,Metro,7,3.5,0
ORD105571,755.05,Beauty,17.5,COD,5,0,637,Tier3,8,4.4,1
ORD105572,4154.37,Electronics,16.6,COD,2,0,282,Metro,7,4.1,0
ORD105573,2523.05,Home,26.6,Prepaid,9,0,98,Metro,4,4.0,0
ORD105574,1108.04,Books,21.1,COD,6,0,208,Metro,8,4.5,0
ORD105575,3727.23,Footwear,8.6,Prepaid,2,1,576,Metro,7,4.2,0
ORD105576,1106.38,Beauty,13.5,Prepaid,5,1,83,Tier2,7,5.0,0
ORD105577,2717.7,Groceries,25.9,COD,4,1,112,Metro,1,3.3,0
ORD105578,555.85,Groceries,39.8,Prepaid,4,2,851,Metro,7,3.9,1
ORD105579,2495.13,Books,47.0,COD,3,1,18,Metro,1,3.6,0
ORD105580,824.08,Beauty,23.4,Prepaid,3,0,249,Tier2,5,4.0,0
ORD105581,2085.11,Electronics,44.8,COD,8,1,690,Metro,5,4.6,1
ORD105582,3050.78,Footwear,8.9,Prepaid,13,0,297,Metro,5,4.5,0
ORD105583,1389.41,Books,35.5,Prepaid,4,0,367,Metro,8,3.5,0
ORD105584,317.96,Electronics,12.5,COD,4,0,61,Tier3,5,3.7,1
ORD105585,3689.31,Home,32.6,COD,4,2,23,Metro,7,4.5,1
ORD105586,1971.47,Apparel,15.4,Prepaid,4,0,17,Tier3,5,3.6,0
ORD105587,2427.4,Groceries,6.6,COD,6,0,240,Tier3,4,4.2,0
ORD105588,3539.27,Footwear,33.6,COD,3,3,652,Tier2,8,4.1,1
ORD105589,522.53,Apparel,33.4,Prepaid,2,0,552,Tier3,9,3.2,0
ORD105590,746.63,Apparel,3.3,COD,1,0,355,Tier2,4,3.7,0
ORD105591,1050.07,Electronics,3.2,Prepaid,1,1,57,Metro,2,3.9,0
ORD105592,1159.38,Footwear,31.1,COD,2,1,63,Tier2,4,4.4,1
ORD105593,1926.95,Electronics,18.1,COD,6,0,204,Metro,7,2.9,0
ORD105594,677.09,Books,6.8,COD,1,1,1073,Tier2,4,2.8,0
ORD105595,1881.89,Groceries,36.0,COD,3,0,767,Metro,6,3.3,0
ORD105596,5651.57,Home,13.9,Prepaid,3,1,153,Metro,9,4.1,0
ORD105597,1832.31,Groceries,7.8,Prepaid,2,1,152,Tier2,1,3.8,0
ORD105598,1214.44,Books,29.2,Prepaid,5,2,351,Metro,8,4.5,0
ORD105599,1134.68,Footwear,27.6,Prepaid,6,1,115,Tier3,9,2.9,1
ORD105600,2627.24,Beauty,28.5,COD,2,0,1065,Tier2,4,4.2,0
ORD105601,908.77,Books,11.7,COD,2,1,630,Metro,9,4.0,1
ORD105602,958.62,Home,18.0,COD,2,0,26,Tier2,8,4.3,0
ORD105603,2783.48,Apparel,5.1,Prepaid,3,1,86,Tier3,3,4.7,0
ORD105604,1248.39,Apparel,26.1,COD,3,1,327,Tier3,2,3.6,0
ORD105605,1244.19,Beauty,42.4,Prepaid,3,0,415,Metro,5,4.3,1
ORD105606,1874.54,Beauty,12.2,COD,4,0,432,Tier3,6,4.7,0
ORD105607,1025.57,Footwear,3.6,COD,2,1,63,Tier2,2,3.7,0
ORD105608,1365.18,Beauty,14.8,Prepaid,2,0,75,Tier3,7,3.8,0
ORD105609,469.57,Home,5.3,Prepaid,6,0,27,Metro,4,3.4,0
ORD105610,654.67,Books,23.9,COD,5,1,162,Metro,6,4.0,1
ORD105611,2328.18,Footwear,17.2,Prepaid,1,0,231,Metro,8,4.1,0
ORD105612,1103.99,Electronics,10.5,Prepaid,2,0,826,Metro,2,4.2,0
ORD105613,1739.72,Footwear,37.9,Prepaid,4,1,490,Metro,4,3.5,1
ORD105614,1974.55,Footwear,30.7,COD,3,0,623,Metro,7,4.1,1
ORD105615,1180.29,Books,29.9,Prepaid,2,1,404,Tier3,7,4.0,0
ORD105616,449.36,Apparel,18.2,COD,3,0,157,Metro,4,4.2,0
ORD105617,891.69,Apparel,10.7,Prepaid,7,0,111,Tier3,3,3.4,1
ORD105618,1588.58,Groceries,30.8,Prepaid,1,0,9,Tier2,5,3.8,0
ORD105619,2099.28,Footwear,18.8,COD,2,1,195,Tier3,7,4.2,1
ORD105620,2251.0,Electronics,10.4,Prepaid,4,0,22,Tier2,5,3.6,0
ORD105621,918.64,Footwear,19.7,COD,1,1,294,Metro,3,4.4,1
ORD105622,851.36,Groceries,10.2,COD,3,1,67,Metro,3,4.8,0
ORD105623,2781.18,Beauty,27.3,COD,4,1,87,Metro,4,4.4,0
ORD105624,2360.21,Books,25.2,COD,4,1,280,Metro,4,4.5,1
ORD105625,2103.47,Footwear,2.8,COD,8,1,77,Tier2,4,3.2,0
ORD105626,390.89,Electronics,11.6,COD,4,0,88,Metro,3,4.2,1
ORD105627,4239.14,Home,26.4,Prepaid,6,2,288,Metro,8,4.3,0
ORD105628,1973.9,Groceries,9.5,COD,4,0,487,Tier2,1,4.3,0
ORD105629,965.98,Electronics,22.6,COD,1,0,71,Tier2,2,3.6,0
ORD105630,2266.65,Beauty,37.1,COD,3,3,457,Tier2,4,4.8,1
ORD105631,123.94,Beauty,43.5,COD,3,2,84,Tier3,2,4.4,0
ORD105632,838.33,Footwear,17.0,Prepaid,3,1,105,Tier2,6,4.3,1
ORD105633,1390.08,Footwear,27.3,COD,4,2,3,Tier2,2,4.4,1
ORD105634,935.24,Books,7.0,COD,2,0,267,Tier3,2,3.4,0
ORD105635,1058.24,Electronics,7.4,Prepaid,8,0,140,Metro,6,4.1,0
ORD105636,3181.58,Apparel,14.6,COD,3,2,142,Metro,4,2.5,1
ORD105637,354.17,Footwear,51.4,Prepaid,7,3,1002,Metro,8,3.8,0
ORD105638,641.89,Books,28.7,COD,3,0,493,Metro,6,4.0,0
ORD105639,1365.08,Beauty,9.8,Prepaid,6,1,18,Metro,4,3.5,0
ORD105640,931.59,Home,26.5,COD,1,0,392,Tier2,4,3.3,1
ORD105641,644.63,Groceries,7.7,Prepaid,8,0,25,Metro,7,4.0,0
ORD105642,676.14,Apparel,3.2,Prepaid,7,3,109,Metro,4,4.1,0
ORD105643,2514.91,Footwear,20.7,COD,3,0,529,Metro,3,4.6,0
ORD105644,797.29,Electronics,23.1,Prepaid,3,0,120,Metro,3,3.3,0
ORD105645,239.35,Home,32.6,COD,6,0,388,Metro,5,4.4,1
ORD105646,4663.7,Electronics,5.5,Prepaid,6,0,772,Tier2,5,4.0,1
ORD105647,386.34,Books,26.4,Prepaid,1,0,82,Tier2,2,4.4,0
ORD105648,1774.85,Apparel,22.7,Prepaid,2,0,15,Metro,2,3.9,1
ORD105649,1538.73,Electronics,42.0,COD,6,1,471,Metro,2,3.6,1
ORD105650,852.65,Groceries,16.9,Prepaid,4,0,300,Tier3,7,4.6,0
ORD105651,1222.42,Apparel,35.9,Prepaid,6,0,363,Tier2,3,3.8,0
ORD105652,2239.38,Groceries,24.1,Prepaid,4,0,551,Tier2,5,4.6,0
ORD105653,2456.78,Home,4.4,COD,3,1,745,Tier3,7,3.6,1
ORD105654,1560.84,Apparel,16.8,Prepaid,8,0,413,Metro,5,4.1,0
ORD105655,3267.38,Footwear,0.6,COD,3,3,143,Metro,3,4.2,0
ORD105656,1786.4,Books,21.2,Prepaid,1,1,1001,Metro,8,2.7,1
ORD105657,1743.24,Beauty,31.8,COD,4,0,26,Metro,4,3.8,0
ORD105658,1882.04,Footwear,39.1,Prepaid,4,1,49,Tier2,3,5.0,0
ORD105659,913.85,Electronics,1.0,COD,3,0,559,Metro,5,2.9,1
ORD105660,363.92,Books,11.2,Prepaid,1,0,7,Tier3,3,4.6,0
ORD105661,1632.17,Apparel,30.2,Prepaid,8,1,201,Tier2,7,4.2,0
ORD105662,1877.52,Home,36.5,COD,5,3,73,Tier3,6,4.2,1
ORD105663,4221.65,Footwear,18.0,COD,6,0,342,Metro,1,4.5,0
ORD105664,276.85,Apparel,2.1,Prepaid,3,0,317,Tier3,4,3.8,1
ORD105665,4030.64,Home,31.8,Prepaid,7,1,58,Tier3,4,3.1,0
ORD105666,2737.0,Books,11.9,Prepaid,6,0,244,Tier2,4,4.4,0
ORD105667,1943.44,Electronics,17.5,Prepaid,6,1,0,Metro,9,3.8,0
ORD105668,705.33,Home,12.6,COD,5,0,298,Metro,9,3.9,0
ORD105669,1313.07,Books,15.0,Prepaid,4,0,507,Metro,7,3.6,0
ORD105670,2004.26,Books,49.0,Prepaid,4,0,235,Metro,2,4.2,0
ORD105671,842.14,Home,13.4,Prepaid,2,0,34,Metro,2,3.9,0
ORD105672,2042.77,Footwear,2.4,Prepaid,6,0,600,Metro,6,3.7,0
ORD105673,786.72,Home,16.3,Prepaid,2,2,96,Tier2,9,4.8,0
ORD105674,2504.13,Electronics,16.4,COD,6,1,405,Tier3,6,3.8,1
ORD105675,745.26,Groceries,23.0,Prepaid,6,0,502,Tier2,3,3.0,0
ORD105676,1518.9,Books,20.2,Prepaid,3,0,171,Metro,2,3.1,0
ORD105677,833.38,Groceries,20.4,Prepaid,1,0,442,Tier2,2,3.3,0
ORD105678,1121.47,Footwear,10.3,Prepaid,12,0,377,Metro,3,3.5,0
ORD105679,1145.43,Apparel,41.7,Prepaid,3,1,526,Tier2,8,4.4,1
ORD105680,1485.24,Groceries,8.4,Prepaid,5,1,39,Tier3,3,4.2,0
ORD105681,881.22,Footwear,10.8,Prepaid,2,0,71,Tier2,7,3.5,0
ORD105682,671.02,Home,14.4,COD,8,0,34,Metro,8,3.5,1
ORD105683,3190.62,Home,2.1,COD,4,0,1026,Metro,8,3.9,0
ORD105684,3505.55,Footwear,17.0,COD,3,1,372,Tier2,6,3.2,1
ORD105685,1901.82,Footwear,15.4,COD,2,0,100,Tier2,5,4.8,0
ORD105686,841.38,Footwear,20.2,Prepaid,3,2,227,Metro,8,4.0,1
ORD105687,1189.39,Groceries,18.4,Prepaid,4,0,961,Tier2,3,4.2,0
ORD105688,2739.73,Home,13.7,COD,1,0,237,Tier2,1,4.6,0
ORD105689,256.38,Books,8.4,Prepaid,4,0,220,Tier3,1,3.9,0
ORD105690,1039.48,Footwear,21.3,COD,4,0,243,Metro,3,4.5,0
ORD105691,1229.0,Electronics,24.5,Prepaid,2,0,70,Tier2,7,3.8,0
ORD105692,4945.08,Groceries,21.9,COD,2,1,847,Tier2,9,4.1,0
ORD105693,1157.05,Footwear,33.0,Prepaid,8,0,660,Metro,8,4.4,1
ORD105694,2881.28,Apparel,27.4,Prepaid,7,1,805,Metro,8,3.5,0
ORD105695,6680.44,Apparel,32.8,COD,5,1,282,Tier3,7,3.1,0
ORD105696,350.05,Footwear,13.1,Prepaid,7,0,144,Metro,4,3.5,0
ORD105697,810.0,Footwear,19.7,COD,1,1,244,Metro,5,4.7,1
ORD105698,1818.04,Apparel,6.7,Prepaid,2,0,409,Tier3,3,2.8,1
ORD105699,640.62,Beauty,9.9,Prepaid,5,0,485,Tier2,7,3.6,0
ORD105700,883.32,Beauty,33.3,COD,2,1,490,Metro,9,4.1,0
ORD105701,553.56,Home,4.6,Prepaid,5,0,28,Metro,3,3.7,0
ORD105702,551.51,Beauty,36.3,COD,2,1,75,Tier2,4,4.7,0
ORD105703,738.32,Electronics,24.3,Prepaid,3,2,101,Metro,5,4.7,1
ORD105704,800.24,Books,59.4,COD,7,0,585,Tier2,7,3.0,0
ORD105705,4171.19,Groceries,15.9,Prepaid,2,2,1140,Tier2,2,4.1,1
ORD105706,931.99,Groceries,17.1,COD,1,1,116,Metro,8,3.6,1
ORD105707,2857.23,Books,27.4,COD,4,0,396,Tier2,6,3.9,0
ORD105708,1574.65,Books,21.6,Prepaid,4,0,10,Metro,8,5.0,0
ORD105709,1065.87,Groceries,11.7,Prepaid,3,0,139,Tier3,8,4.0,0
ORD105710,1674.05,Apparel,22.7,COD,2,0,237,Metro,2,3.3,1
ORD105711,1899.33,Electronics,3.4,Prepaid,5,0,346,Tier3,8,3.8,0
ORD105712,517.21,Electronics,22.7,COD,3,2,493,Tier2,9,3.0,1
ORD105713,90.17,Apparel,13.8,Prepaid,2,0,475,Metro,3,3.5,0
ORD105714,851.72,Groceries,15.4,Prepaid,2,1,55,Tier2,1,4.2,0
ORD105715,3906.1,Footwear,1.5,COD,5,1,19,Metro,1,3.4,1
ORD105716,761.58,Groceries,36.7,COD,4,1,254,Tier2,6,3.3,0
ORD105717,1749.67,Groceries,14.5,Prepaid,4,3,4,Tier3,3,3.7,1
ORD105718,3469.48,Home,16.5,COD,5,1,181,Tier2,5,3.8,0
ORD105719,692.85,Home,31.6,COD,2,1,145,Metro,5,3.6,1
ORD105720,1093.07,Books,27.1,Prepaid,4,1,32,Tier2,4,4.4,0
ORD105721,1000.68,Home,37.5,Prepaid,6,0,948,Tier2,3,5.0,0
ORD105722,1054.84,Apparel,18.5,Prepaid,6,1,133,Tier3,3,3.8,0
ORD105723,259.26,Home,29.6,Prepaid,3,0,856,Tier2,2,3.4,0
ORD105724,928.8,Groceries,10.4,Prepaid,6,0,10,Tier2,6,3.7,0
ORD105725,3474.8,Groceries,15.5,Prepaid,3,2,133,Tier3,3,3.5,0
ORD105726,2437.82,Beauty,23.9,Prepaid,3,3,580,Metro,1,2.3,1
ORD105727,715.38,Beauty,15.7,COD,4,1,282,Metro,2,3.6,0
ORD105728,765.63,Beauty,19.9,Prepaid,4,0,194,Metro,4,3.7,0
ORD105729,165.48,Beauty,17.6,Prepaid,7,1,290,Metro,3,4.2,0
ORD105730,3155.32,Groceries,24.6,Prepaid,4,0,205,Metro,2,4.7,0
ORD105731,1846.67,Books,0.2,Prepaid,8,0,57,Tier3,5,4.2,0
ORD105732,1215.42,Footwear,42.5,COD,5,0,214,Metro,5,4.8,1
ORD105733,639.28,Apparel,4.8,COD,6,1,295,Metro,6,4.4,1
ORD105734,1106.03,Books,24.0,Prepaid,4,0,692,Tier3,3,4.4,0
ORD105735,1219.12,Electronics,5.5,COD,3,3,159,Metro,4,3.9,0
ORD105736,3258.01,Groceries,31.6,COD,3,2,137,Tier2,4,3.8,0
ORD105737,176.24,Beauty,43.9,Prepaid,3,2,71,Metro,7,4.1,1
ORD105738,1208.33,Home,4.8,Prepaid,4,0,15,Tier3,1,4.8,0
ORD105739,960.34,Footwear,10.1,Prepaid,3,0,216,Tier2,7,3.3,0
ORD105740,1803.66,Groceries,21.9,COD,7,0,705,Metro,8,3.9,0
ORD105741,2695.8,Groceries,17.5,Prepaid,3,0,366,Tier2,9,5.0,0
ORD105742,607.85,Beauty,13.1,COD,0,0,57,Metro,9,4.0,1
ORD105743,710.78,Home,20.1,Prepaid,5,0,133,Metro,2,3.8,0
ORD105744,2359.87,Apparel,5.9,COD,6,1,43,Metro,8,3.7,1
ORD105745,2866.99,Beauty,30.3,Prepaid,6,1,13,Tier2,1,3.5,0
ORD105746,4697.45,Groceries,15.1,Prepaid,4,0,191,Metro,3,3.9,0
ORD105747,1077.04,Books,8.8,COD,4,1,4,Tier2,6,4.1,1
ORD105748,4272.45,Apparel,29.6,Prepaid,5,1,52,Tier2,9,3.0,1
ORD105749,1687.39,Apparel,4.9,Prepaid,4,1,412,Tier2,3,4.1,0
ORD105750,2582.88,Beauty,16.7,Prepaid,7,1,743,Metro,6,4.0,1
ORD105751,391.59,Groceries,44.5,COD,0,0,6,Tier2,3,3.2,0
ORD105752,980.85,Apparel,35.1,COD,3,0,88,Tier3,2,4.2,1
ORD105753,2322.84,Home,13.5,Prepaid,4,0,243,Metro,6,4.6,0
ORD105754,1526.89,Groceries,5.5,Prepaid,6,1,345,Metro,6,3.7,0
ORD105755,293.74,Books,29.3,Prepaid,4,2,167,Metro,8,3.8,0
ORD105756,1260.71,Electronics,37.0,Prepaid,2,1,1317,Metro,2,4.2,0
ORD105757,1564.07,Home,22.9,Prepaid,2,0,312,Tier3,2,3.8,0
ORD105758,1877.14,Footwear,7.5,Prepaid,2,1,851,Metro,9,4.4,0
ORD105759,1548.56,Footwear,8.8,Prepaid,7,0,39,Metro,9,4.1,1
ORD105760,2108.65,Books,36.7,Prepaid,4,0,807,Metro,7,2.3,1
ORD105761,2209.72,Footwear,30.8,Prepaid,5,2,5,Metro,9,4.7,0
ORD105762,2564.88,Electronics,11.3,Prepaid,1,1,226,Tier2,4,3.6,0
ORD105763,1706.59,Books,1.6,Prepaid,3,0,56,Tier2,6,4.1,0
ORD105764,605.02,Footwear,8.1,Prepaid,4,1,166,Metro,3,3.9,0
ORD105765,338.33,Home,22.5,COD,3,1,81,Tier2,4,4.5,0
ORD105766,1561.73,Electronics,26.3,Prepaid,4,1,353,Metro,2,4.7,0
ORD105767,2026.68,Electronics,25.3,Prepaid,2,0,151,Metro,6,3.4,0
ORD105768,3682.54,Beauty,16.7,COD,5,1,31,Metro,4,5.0,0
ORD105769,1592.4,Groceries,35.3,Prepaid,3,0,106,Tier2,8,4.0,0
ORD105770,931.72,Electronics,14.8,Prepaid,1,1,601,Metro,3,4.8,0
ORD105771,1734.2,Home,19.5,COD,3,1,392,Tier3,2,4.5,0
ORD105772,1690.1,Beauty,35.8,Prepaid,4,0,270,Metro,1,3.7,0
ORD105773,369.92,Books,4.5,Prepaid,5,1,112,Metro,4,4.0,0
ORD105774,1692.12,Footwear,11.1,Prepaid,7,3,238,Metro,2,3.8,1
ORD105775,638.29,Books,13.1,Prepaid,6,0,138,Tier2,3,3.5,0
ORD105776,2390.61,Home,14.9,Prepaid,2,0,558,Metro,5,4.4,0
ORD105777,2178.22,Books,5.6,COD,3,0,222,Metro,9,4.8,0
ORD105778,1097.14,Beauty,31.8,COD,1,0,906,Tier3,2,3.9,1
ORD105779,877.32,Books,13.4,Prepaid,3,0,52,Metro,7,4.1,0
ORD105780,1394.46,Beauty,28.6,Prepaid,3,0,35,Metro,1,4.0,0
ORD105781,3304.01,Footwear,2.2,Prepaid,4,0,479,Tier3,9,3.4,1
ORD105782,788.54,Beauty,23.0,Prepaid,2,0,1192,Tier2,7,3.6,0
ORD105783,2263.46,Footwear,11.8,Prepaid,5,1,92,Tier2,1,3.6,1
ORD105784,1499.77,Home,26.4,Prepaid,4,1,35,Metro,4,3.8,0
ORD105785,1325.15,Footwear,9.2,COD,4,2,33,Metro,9,4.2,1
ORD105786,2016.47,Books,31.1,Prepaid,7,1,375,Tier2,6,4.5,0
ORD105787,1317.76,Beauty,10.3,COD,6,1,29,Metro,2,4.8,0
ORD105788,1233.87,Groceries,23.2,Prepaid,5,2,457,Tier3,8,3.9,1
ORD105789,969.16,Apparel,18.2,COD,7,2,48,Tier3,2,4.0,0
ORD105790,830.87,Groceries,12.0,Prepaid,3,1,57,Tier2,7,5.0,0
ORD105791,1905.75,Electronics,34.4,COD,7,2,81,Tier3,5,3.4,1
ORD105792,3589.59,Apparel,7.6,Prepaid,2,0,954,Metro,4,3.9,1
ORD105793,859.09,Footwear,38.7,COD,4,1,417,Metro,1,3.7,1
ORD105794,983.94,Beauty,19.4,Prepaid,1,0,67,Metro,5,4.0,0
ORD105795,482.83,Apparel,6.0,Prepaid,3,0,264,Tier3,9,2.9,0
ORD105796,1588.78,Apparel,8.7,Prepaid,6,2,177,Tier2,5,4.0,1
ORD105797,1224.28,Books,25.0,Prepaid,5,1,26,Tier3,5,4.4,1
ORD105798,235.8,Groceries,15.7,Prepaid,5,0,138,Tier3,1,3.3,0
ORD105799,1995.41,Electronics,2.5,Prepaid,3,0,79,Tier2,5,3.8,0
ORD105800,284.18,Apparel,51.8,Prepaid,4,0,113,Metro,3,3.5,1
ORD105801,549.83,Footwear,9.3,Prepaid,2,0,222,Tier2,7,3.4,0
ORD105802,2230.67,Home,32.2,Prepaid,8,0,236,Tier3,3,2.8,1
ORD105803,1439.31,Footwear,18.4,COD,2,0,40,Metro,2,3.2,0
ORD105804,1866.23,Home,47.2,Prepaid,5,1,87,Metro,2,2.8,0
ORD105805,3258.38,Apparel,13.7,COD,1,1,1146,Metro,1,3.8,1
ORD105806,1001.89,Home,14.4,Prepaid,3,0,209,Metro,3,4.9,0
ORD105807,2173.35,Apparel,6.1,Prepaid,4,0,574,Metro,3,2.6,0
ORD105808,460.3,Apparel,8.0,Prepaid,4,1,167,Tier2,4,4.4,1
ORD105809,977.71,Home,19.0,Prepaid,9,0,433,Metro,3,3.7,0
ORD105810,388.77,Groceries,1.7,Prepaid,3,1,80,Metro,6,3.5,0
ORD105811,3256.25,Groceries,11.2,COD,2,0,280,Metro,2,3.7,0
ORD105812,349.65,Electronics,41.2,COD,6,0,9,Metro,3,3.2,0
ORD105813,1602.53,Groceries,31.3,COD,2,2,268,Tier2,3,3.8,0
ORD105814,1535.76,Groceries,13.9,Prepaid,3,1,123,Tier2,4,3.8,0
ORD105815,807.84,Groceries,14.7,Prepaid,3,0,15,Metro,4,3.7,0
ORD105816,2039.88,Groceries,4.4,Prepaid,5,2,609,Metro,9,5.0,1
ORD105817,1436.71,Home,31.1,COD,1,0,263,Tier3,4,4.0,0
ORD105818,383.98,Apparel,14.8,Prepaid,3,0,10,Tier2,3,4.9,0
ORD105819,425.69,Beauty,18.9,Prepaid,5,0,51,Metro,4,3.3,0
ORD105820,383.46,Groceries,48.9,COD,5,0,195,Metro,5,3.7,1
ORD105821,3083.05,Footwear,12.0,Prepaid,2,1,63,Metro,1,4.7,0
ORD105822,2008.65,Groceries,27.4,COD,7,1,309,Tier3,1,3.9,0
ORD105823,1751.6,Books,12.5,COD,7,0,121,Tier2,7,3.5,0
ORD105824,791.21,Groceries,48.0,Prepaid,6,0,29,Tier3,5,3.5,1
ORD105825,3401.1,Groceries,31.8,Prepaid,2,0,31,Metro,6,4.6,0
ORD105826,2487.25,Home,23.2,COD,4,0,101,Tier3,8,5.0,1
ORD105827,2770.5,Apparel,56.7,COD,2,0,22,Metro,7,4.0,0
ORD105828,459.93,Home,48.2,Prepaid,4,1,154,Tier3,7,3.8,1
ORD105829,645.7,Books,11.8,COD,7,0,236,Metro,9,2.5,0
ORD105830,978.11,Beauty,9.6,Prepaid,5,0,23,Metro,7,4.3,0
ORD105831,1986.76,Books,19.4,Prepaid,6,2,62,Tier3,8,4.3,0
ORD105832,2847.12,Groceries,3.2,Prepaid,3,0,94,Tier2,3,3.8,0
ORD105833,593.68,Beauty,17.2,Prepaid,9,0,389,Metro,1,4.6,0
ORD105834,6213.19,Books,47.8,Prepaid,3,0,404,Tier3,9,5.0,1
ORD105835,906.0,Books,13.1,Prepaid,5,0,801,Tier3,2,4.4,0
ORD105836,1780.58,Books,24.3,COD,8,0,51,Tier2,3,4.3,1
ORD105837,1232.1,Apparel,27.9,COD,7,0,89,Tier2,3,4.1,0
ORD105838,1614.89,Electronics,40.6,Prepaid,5,0,202,Metro,2,4.7,0
ORD105839,3413.49,Home,27.9,Prepaid,8,1,515,Metro,6,4.1,1
ORD105840,884.61,Groceries,12.5,COD,2,0,1669,Metro,2,3.9,0
ORD105841,1559.33,Home,10.4,Prepaid,6,2,100,Tier3,7,3.9,0
ORD105842,349.09,Apparel,4.5,COD,4,1,39,Tier3,4,3.4,1
ORD105843,517.78,Electronics,11.9,Prepaid,6,0,43,Tier2,6,4.8,0
ORD105844,1443.98,Electronics,19.5,Prepaid,2,0,114,Metro,8,3.8,0
ORD105845,2365.65,Apparel,5.5,Prepaid,5,1,276,Tier2,5,3.5,1
ORD105846,1119.44,Home,11.2,COD,3,1,148,Tier2,4,2.9,1
ORD105847,2315.03,Footwear,13.0,COD,3,0,222,Tier3,2,4.0,1
ORD105848,995.52,Beauty,15.6,COD,3,0,566,Metro,9,4.7,0
ORD105849,1334.2,Groceries,38.8,Prepaid,6,0,41,Metro,8,2.9,1
ORD105850,300.0,Books,28.4,Prepaid,4,0,37,Metro,6,3.5,0
ORD105851,577.36,Home,15.4,COD,3,2,311,Tier2,2,3.7,0
ORD105852,923.33,Beauty,5.9,COD,4,1,227,Metro,6,3.5,0
ORD105853,1596.36,Apparel,37.1,Prepaid,6,0,430,Tier3,7,3.6,1
ORD105854,2633.22,Groceries,29.2,COD,6,2,551,Metro,1,4.1,0
ORD105855,1210.66,Books,2.4,COD,0,0,752,Metro,1,4.2,1
ORD105856,844.59,Footwear,37.6,Prepaid,3,1,666,Metro,6,4.7,0
ORD105857,946.29,Electronics,25.3,COD,2,0,45,Tier3,8,4.1,0
ORD105858,2771.99,Beauty,3.2,Prepaid,9,1,227,Metro,3,4.7,0
ORD105859,1397.71,Home,14.7,Prepaid,3,0,156,Metro,5,4.7,0
ORD105860,1581.94,Books,15.5,Prepaid,5,1,556,Metro,2,4.9,0
ORD105861,1298.36,Apparel,35.4,Prepaid,5,2,22,Tier2,1,4.3,1
ORD105862,479.0,Beauty,13.7,COD,5,1,435,Tier3,5,4.5,1
ORD105863,547.45,Electronics,16.4,Prepaid,2,0,267,Tier2,3,3.3,0
ORD105864,1007.8,Apparel,4.2,Prepaid,4,1,88,Metro,2,3.7,0
ORD105865,2566.24,Apparel,15.5,COD,1,1,103,Metro,1,4.2,1
ORD105866,691.57,Apparel,17.9,Prepaid,2,2,464,Metro,5,3.4,0
ORD105867,1059.78,Books,9.4,COD,6,1,537,Tier3,9,3.8,0
ORD105868,1082.84,Home,15.3,Prepaid,7,1,288,Metro,6,4.4,0
ORD105869,1761.14,Footwear,6.0,COD,2,2,101,Tier2,6,5.0,1
ORD105870,1251.89,Books,11.5,Prepaid,3,0,169,Tier2,2,3.4,0
ORD105871,701.25,Apparel,23.2,COD,5,0,1190,Metro,5,3.8,0
ORD105872,1196.96,Electronics,13.6,COD,1,0,185,Tier2,6,4.1,0
ORD105873,66.59,Footwear,14.5,Prepaid,4,0,634,Metro,7,3.6,0
ORD105874,203.78,Home,16.6,Prepaid,5,1,21,Tier3,3,4.5,0
ORD105875,930.07,Books,12.3,COD,1,0,48,Metro,1,4.7,0
ORD105876,1623.26,Beauty,21.0,COD,5,0,282,Metro,1,3.4,1
ORD105877,1109.76,Footwear,28.7,COD,4,0,209,Metro,1,4.5,1
ORD105878,2596.86,Groceries,8.6,Prepaid,5,1,172,Tier2,6,4.8,0
ORD105879,3967.15,Home,14.3,COD,2,0,200,Tier3,3,4.2,0
ORD105880,4067.32,Apparel,9.4,Prepaid,2,2,12,Tier3,5,3.2,1
ORD105881,1115.13,Books,27.9,Prepaid,8,1,27,Tier3,3,4.2,1
ORD105882,232.78,Home,5.2,COD,4,1,80,Tier2,8,4.4,0
ORD105883,1289.34,Beauty,13.2,Prepaid,4,3,139,Metro,3,4.2,0
ORD105884,841.52,Home,34.7,Prepaid,3,0,203,Metro,4,4.6,0
ORD105885,1477.59,Groceries,33.9,COD,3,1,109,Metro,9,5.0,1
ORD105886,268.03,Home,7.0,Prepaid,2,0,129,Metro,8,3.8,0
ORD105887,2275.11,Electronics,8.9,COD,9,1,384,Tier2,1,4.2,0
ORD105888,2003.49,Home,9.6,COD,6,1,617,Metro,3,3.7,0
ORD105889,5032.52,Electronics,17.3,COD,7,0,340,Metro,2,4.5,0
ORD105890,323.18,Home,10.7,COD,9,0,309,Tier2,4,4.2,0
ORD105891,1030.84,Books,21.0,COD,2,0,238,Tier2,8,3.5,1
ORD105892,1564.89,Electronics,12.7,Prepaid,6,0,629,Metro,2,4.5,1
ORD105893,1848.09,Footwear,12.8,COD,4,0,365,Tier2,5,3.9,0
ORD105894,966.27,Footwear,25.7,COD,2,0,46,Tier2,9,3.0,1
ORD105895,325.63,Books,11.2,Prepaid,2,0,145,Metro,6,4.1,0
ORD105896,2900.23,Footwear,27.9,Prepaid,2,1,68,Metro,5,3.3,1
ORD105897,1270.85,Footwear,39.6,Prepaid,1,1,36,Metro,2,4.1,1
ORD105898,4407.35,Books,16.5,COD,5,0,250,Metro,7,5.0,0
ORD105899,1563.97,Books,4.5,Prepaid,7,0,302,Metro,1,5.0,0
ORD105900,2655.51,Home,21.9,COD,2,0,44,Tier2,2,4.5,0
ORD105901,929.9,Electronics,39.2,Prepaid,1,1,737,Tier3,9,4.7,1
ORD105902,2268.18,Electronics,18.1,COD,6,0,12,Tier2,2,4.7,0
ORD105903,2895.73,Footwear,14.6,Prepaid,6,1,206,Metro,5,5.0,1
ORD105904,1550.2,Apparel,24.3,COD,5,2,165,Metro,9,4.0,1
ORD105905,1279.89,Books,43.5,Prepaid,2,1,47,Tier2,7,3.6,1
ORD105906,623.31,Footwear,14.8,Prepaid,7,1,269,Tier3,1,3.8,0
ORD105907,3006.48,Electronics,15.9,Prepaid,6,1,8,Tier3,2,4.2,1
ORD105908,1709.86,Home,11.0,Prepaid,2,2,676,Metro,1,5.0,0
ORD105909,2242.23,Books,8.2,Prepaid,3,0,524,Metro,1,4.2,1
ORD105910,2169.94,Beauty,29.0,COD,2,1,64,Metro,8,4.5,1
ORD105911,688.28,Beauty,8.8,COD,3,1,11,Tier2,6,4.2,0
ORD105912,1738.5,Electronics,17.0,Prepaid,4,0,366,Tier2,9,4.0,0
ORD105913,1674.57,Beauty,40.1,Prepaid,4,1,88,Metro,6,3.1,0
ORD105914,2009.45,Groceries,8.8,Prepaid,4,1,72,Tier3,6,5.0,0
ORD105915,870.71,Apparel,24.3,Prepaid,3,1,22,Tier3,2,3.7,1
ORD105916,575.32,Books,14.5,COD,2,2,31,Tier3,3,3.4,0
ORD105917,441.04,Home,46.5,COD,3,2,200,Metro,5,3.7,1
ORD105918,1387.81,Beauty,17.6,Prepaid,4,1,179,Tier2,9,3.8,1
ORD105919,330.66,Footwear,21.2,Prepaid,6,1,79,Metro,8,3.9,1
ORD105920,3867.91,Home,14.7,COD,4,3,391,Tier3,7,3.3,1
ORD105921,491.98,Beauty,27.3,Prepaid,6,1,47,Tier2,7,3.7,0
ORD105922,929.17,Apparel,6.9,COD,5,0,139,Metro,6,4.5,0
ORD105923,3874.33,Books,36.9,Prepaid,6,1,352,Metro,8,3.2,0
ORD105924,2056.44,Beauty,10.4,COD,2,1,220,Tier2,2,3.4,0
ORD105925,1514.4,Home,16.2,COD,3,0,277,Metro,6,3.6,0
ORD105926,3805.08,Home,16.3,COD,4,0,366,Metro,5,3.5,1
ORD105927,3710.99,Electronics,4.0,COD,3,0,19,Metro,2,3.2,1
ORD105928,1129.18,Apparel,9.1,Prepaid,2,1,218,Metro,4,4.3,1
ORD105929,322.28,Books,24.9,Prepaid,1,1,332,Tier3,5,4.1,1
ORD105930,867.8,Books,25.2,Prepaid,4,1,48,Tier2,7,3.2,0
ORD105931,1671.18,Footwear,22.8,COD,5,1,164,Metro,3,4.0,1
ORD105932,1553.9,Apparel,18.7,COD,7,0,557,Tier2,2,3.7,0
ORD105933,775.17,Electronics,11.0,Prepaid,4,0,620,Tier2,6,2.7,0
ORD105934,495.89,Groceries,13.2,Prepaid,7,0,224,Tier3,8,3.5,1
ORD105935,800.46,Groceries,15.2,Prepaid,8,2,121,Metro,2,5.0,0
ORD105936,1092.2,Electronics,33.9,Prepaid,1,1,49,Tier3,1,3.7,0
ORD105937,829.16,Footwear,12.5,COD,4,0,346,Metro,9,3.3,1
ORD105938,418.37,Footwear,15.1,Prepaid,3,0,107,Metro,6,3.0,1
ORD105939,1232.45,Footwear,16.0,Prepaid,4,0,38,Metro,6,3.4,0
ORD105940,1253.34,Home,17.9,COD,4,1,238,Tier2,3,4.0,0
ORD105941,2587.1,Beauty,4.1,Prepaid,1,0,10,Tier2,2,3.6,0
ORD105942,2363.88,Electronics,6.6,Prepaid,3,1,115,Tier3,8,3.5,0
ORD105943,2622.18,Beauty,6.3,Prepaid,3,1,509,Metro,1,4.3,0
ORD105944,588.91,Electronics,13.5,Prepaid,2,0,114,Tier2,1,3.1,0
ORD105945,2265.95,Home,7.9,COD,3,3,168,Metro,9,4.0,1
ORD105946,3671.43,Apparel,21.3,Prepaid,5,0,734,Tier3,7,3.6,0
ORD105947,1967.11,Books,12.3,COD,4,2,583,Metro,5,4.9,0
ORD105948,740.01,Groceries,42.5,Prepaid,4,0,675,Metro,6,4.6,0
ORD105949,1744.28,Beauty,52.1,Prepaid,2,2,329,Tier3,5,3.9,1
ORD105950,1936.24,Home,3.6,COD,1,0,302,Metro,5,3.7,1
ORD105951,779.74,Groceries,13.2,Prepaid,6,0,556,Tier2,2,3.3,0
ORD105952,1912.38,Footwear,9.3,COD,3,1,450,Metro,9,3.4,1
ORD105953,587.96,Electronics,23.5,Prepaid,3,2,166,Metro,3,3.3,0
ORD105954,282.67,Groceries,4.4,COD,4,0,396,Tier3,2,3.5,0
ORD105955,546.47,Home,19.6,Prepaid,4,0,759,Metro,8,4.6,0
ORD105956,387.14,Home,25.6,Prepaid,4,0,24,Metro,6,3.9,1
ORD105957,572.37,Beauty,2.8,COD,1,0,311,Tier2,2,2.7,0
ORD105958,2203.27,Groceries,20.3,Prepaid,2,1,17,Metro,2,3.3,0
ORD105959,1645.38,Electronics,23.9,Prepaid,2,1,222,Tier2,2,3.8,0
ORD105960,1410.92,Electronics,5.9,Prepaid,4,0,16,Tier3,7,4.1,0
ORD105961,874.31,Electronics,48.0,Prepaid,0,0,186,Metro,3,4.4,0
ORD105962,2223.67,Beauty,22.3,COD,4,0,113,Metro,6,3.9,0
ORD105963,4962.96,Home,3.9,Prepaid,4,1,1261,Metro,2,3.7,0
ORD105964,4373.86,Apparel,23.5,Prepaid,3,0,122,Metro,6,3.8,0
ORD105965,1149.81,Beauty,31.2,COD,3,0,9,Metro,4,4.0,0
ORD105966,2789.1,Apparel,10.6,Prepaid,1,0,267,Tier3,3,3.8,0
ORD105967,852.36,Groceries,15.7,Prepaid,4,0,375,Tier3,4,3.5,0
ORD105968,818.28,Footwear,27.2,COD,4,1,704,Tier2,7,5.0,1
ORD105969,2152.52,Beauty,28.4,Prepaid,5,1,40,Tier2,6,4.4,0
ORD105970,639.57,Home,22.0,Prepaid,2,1,165,Metro,5,4.8,1
ORD105971,2818.83,Footwear,21.6,Prepaid,5,1,27,Tier2,2,3.8,1
ORD105972,272.6,Books,28.5,Prepaid,3,1,417,Tier2,4,4.0,0
ORD105973,1512.81,Electronics,14.8,COD,3,0,450,Metro,5,4.3,0
ORD105974,2709.68,Home,11.9,Prepaid,3,2,179,Tier2,8,2.8,0
ORD105975,571.84,Apparel,4.1,COD,5,0,49,Metro,9,3.2,1
ORD105976,2257.18,Beauty,20.8,COD,6,0,181,Tier2,8,3.7,0
ORD105977,5452.53,Electronics,11.3,COD,3,2,894,Metro,1,4.8,1
ORD105978,1272.96,Home,35.7,COD,4,2,56,Metro,5,4.5,0
ORD105979,2254.31,Electronics,36.7,Prepaid,1,0,78,Metro,7,3.9,0
ORD105980,643.72,Beauty,3.2,Prepaid,1,1,99,Tier2,8,4.7,1
ORD105981,351.9,Apparel,43.0,Prepaid,2,1,919,Tier2,9,3.5,0
ORD105982,1319.72,Home,36.7,Prepaid,4,1,94,Metro,5,3.7,0
ORD105983,1047.13,Beauty,10.5,Prepaid,3,0,55,Tier3,4,4.5,0
ORD105984,1356.99,Apparel,12.0,Prepaid,7,0,538,Tier2,3,4.4,0
ORD105985,568.23,Home,8.9,COD,7,0,610,Metro,1,3.9,1
ORD105986,788.5,Books,15.3,COD,4,0,209,Tier2,3,2.7,0
ORD105987,1108.05,Electronics,10.5,Prepaid,3,0,22,Metro,9,3.9,0
ORD105988,1197.85,Home,1.8,Prepaid,5,0,16,Metro,6,4.8,1
ORD105989,1152.14,Beauty,24.3,COD,6,0,140,Metro,9,4.0,1
ORD105990,531.37,Footwear,26.8,Prepaid,4,1,781,Metro,7,4.0,1
ORD105991,4019.5,Books,13.6,Prepaid,6,1,573,Metro,6,4.4,0
ORD105992,323.68,Beauty,20.4,Prepaid,3,0,142,Metro,9,3.6,0
ORD105993,3918.79,Groceries,15.6,COD,4,0,95,Tier3,9,4.1,1
ORD105994,1392.12,Beauty,14.1,Prepaid,1,0,217,Metro,5,3.4,0
ORD105995,2450.83,Home,20.4,COD,7,4,398,Tier2,8,4.1,1
ORD105996,2738.93,Beauty,27.5,Prepaid,3,0,52,Tier2,7,3.8,0
ORD105997,624.96,Home,20.6,Prepaid,4,0,229,Metro,4,4.3,0
ORD105998,615.03,Beauty,9.5,Prepaid,3,1,142,Tier2,5,4.3,0
ORD105999,1593.47,Home,38.3,COD,6,0,243,Metro,1,3.7,0
ORD106000,385.6,Apparel,34.1,COD,5,1,747,Metro,9,4.2,1
ORD106001,1641.1,Home,18.5,Prepaid,1,1,409,Metro,7,3.9,0
ORD106002,739.48,Groceries,9.6,Prepaid,5,0,1428,Tier2,1,3.5,0
ORD106003,852.82,Footwear,19.4,Prepaid,4,0,102,Metro,9,4.2,0
ORD106004,797.72,Home,7.2,Prepaid,1,1,381,Metro,3,4.2,1
ORD106005,2265.74,Apparel,27.3,Prepaid,5,0,1136,Metro,4,3.1,0
ORD106006,1812.47,Home,16.4,Prepaid,5,0,697,Metro,3,3.9,0
ORD106007,370.33,Books,7.3,COD,5,1,34,Metro,9,4.7,1
ORD106008,1818.35,Groceries,20.5,COD,10,2,770,Metro,1,3.4,0
ORD106009,545.87,Beauty,20.0,Prepaid,6,1,362,Metro,3,3.4,0
ORD106010,309.08,Electronics,3.2,Prepaid,5,0,330,Metro,5,3.9,0
ORD106011,3637.89,Footwear,23.3,COD,2,0,1,Tier3,4,3.7,0
ORD106012,90.01,Beauty,29.1,COD,4,1,578,Tier2,6,3.5,0
ORD106013,3714.01,Beauty,7.0,Prepaid,3,0,396,Metro,2,3.8,0
ORD106014,1946.37,Groceries,13.4,COD,4,1,118,Tier3,5,3.4,0
ORD106015,2996.52,Books,17.0,COD,3,3,344,Tier3,5,4.3,1
ORD106016,2381.66,Footwear,22.9,Prepaid,6,0,147,Tier3,2,5.0,1
ORD106017,3953.36,Beauty,21.2,Prepaid,6,0,22,Metro,7,4.3,0
ORD106018,2348.17,Beauty,11.6,Prepaid,3,0,73,Metro,8,4.5,0
ORD106019,975.9,Books,16.8,COD,8,1,36,Tier2,5,4.6,1
ORD106020,2381.27,Electronics,18.9,COD,6,0,453,Tier2,9,4.0,1
ORD106021,3644.25,Books,21.7,Prepaid,2,0,72,Metro,3,4.1,0
ORD106022,825.07,Footwear,8.2,Prepaid,3,1,865,Tier3,3,5.0,1
ORD106023,960.42,Electronics,57.8,Prepaid,4,0,983,Tier3,7,3.7,1
ORD106024,909.75,Electronics,34.5,COD,5,2,577,Metro,5,2.8,0
ORD106025,315.33,Electronics,33.3,Prepaid,0,0,225,Metro,2,4.0,0
ORD106026,1345.02,Groceries,28.6,Prepaid,1,0,115,Metro,8,4.6,0
ORD106027,118.53,Home,32.2,Prepaid,4,1,176,Metro,3,3.4,0
ORD106028,2351.42,Groceries,17.4,Prepaid,7,1,73,Tier2,9,4.5,0
ORD106029,1662.79,Beauty,38.4,COD,4,1,329,Tier2,3,3.9,1
ORD106030,1140.05,Footwear,11.3,COD,7,2,25,Metro,1,4.2,1
ORD106031,888.85,Books,15.5,Prepaid,1,1,396,Tier2,9,5.0,0
ORD106032,811.4,Apparel,8.5,Prepaid,4,0,338,Metro,6,4.0,0
ORD106033,1746.82,Groceries,10.5,COD,5,0,157,Tier2,3,5.0,0
ORD106034,4339.82,Groceries,15.2,COD,2,0,30,Metro,4,4.0,1
ORD106035,920.98,Electronics,46.0,Prepaid,5,3,615,Metro,3,4.4,0
ORD106036,745.93,Footwear,16.7,Prepaid,8,0,908,Metro,3,3.9,0
ORD106037,2214.14,Home,11.2,Prepaid,8,0,24,Tier2,7,4.0,0
ORD106038,2728.51,Groceries,9.5,COD,4,0,679,Tier3,4,3.6,0
ORD106039,892.15,Books,27.3,COD,6,3,6,Tier3,9,3.7,0
ORD106040,1804.59,Electronics,8.0,Prepaid,6,1,135,Metro,9,3.8,0
ORD106041,831.6,Home,6.7,Prepaid,2,0,175,Metro,8,4.0,1
ORD106042,473.49,Groceries,18.1,Prepaid,2,1,62,Tier3,1,3.6,0
ORD106043,578.95,Books,49.6,Prepaid,3,2,63,Tier3,8,3.3,1
ORD106044,1410.22,Beauty,17.2,Prepaid,2,0,339,Tier2,3,4.3,0
ORD106045,671.24,Electronics,21.8,COD,2,1,240,Metro,3,4.3,0
ORD106046,144.22,Books,37.0,Prepaid,4,0,388,Metro,5,3.7,0
ORD106047,3815.1,Beauty,18.2,COD,4,1,38,Metro,3,4.5,0
ORD106048,1755.03,Footwear,21.3,COD,5,0,85,Tier2,4,3.9,0
ORD106049,62.13,Electronics,25.8,Prepaid,5,0,164,Metro,2,4.8,0
ORD106050,315.46,Beauty,24.5,Prepaid,3,0,676,Tier2,3,3.6,0
ORD106051,1195.53,Home,10.5,Prepaid,6,1,171,Metro,8,2.5,0
ORD106052,979.94,Books,25.6,Prepaid,3,0,132,Tier2,3,4.2,0
ORD106053,2008.52,Home,26.0,Prepaid,2,2,191,Metro,2,3.4,1
ORD106054,410.6,Beauty,14.7,COD,8,0,54,Metro,2,4.8,0
ORD106055,2788.28,Beauty,35.2,Prepaid,2,1,296,Metro,4,4.3,0
ORD106056,2388.22,Home,40.6,COD,4,0,461,Metro,5,3.1,1
ORD106057,2459.81,Books,27.6,Prepaid,7,0,37,Tier3,1,3.2,0
ORD106058,1791.77,Electronics,28.3,COD,2,0,139,Metro,7,4.8,0
ORD106059,679.85,Books,42.9,COD,1,1,37,Metro,7,4.6,1
ORD106060,2760.66,Electronics,7.5,Prepaid,2,0,115,Metro,4,4.6,0
ORD106061,3150.62,Apparel,24.2,COD,6,1,344,Tier3,9,5.0,1
ORD106062,1105.23,Apparel,1.6,COD,1,0,983,Tier3,1,3.6,1
ORD106063,478.13,Footwear,15.6,COD,2,0,76,Metro,8,3.6,1
ORD106064,3245.74,Beauty,18.9,COD,2,0,975,Metro,2,4.6,0
ORD106065,1628.31,Groceries,11.1,Prepaid,6,1,325,Tier2,8,4.2,0
ORD106066,2476.38,Books,35.0,COD,3,1,519,Metro,9,3.4,0
ORD106067,756.01,Groceries,15.0,COD,2,1,68,Tier3,4,4.1,0
ORD106068,2056.64,Books,48.2,COD,3,0,286,Metro,5,3.9,0
ORD106069,455.07,Home,19.6,Prepaid,5,0,19,Tier3,6,3.5,1
ORD106070,520.08,Electronics,11.7,Prepaid,6,0,437,Tier2,6,3.7,0
ORD106071,2769.28,Books,16.3,Prepaid,5,0,864,Tier3,2,5.0,0
ORD106072,487.28,Apparel,25.9,COD,5,0,228,Tier2,5,4.2,1
ORD106073,869.43,Books,3.8,Prepaid,4,0,407,Tier2,6,4.0,0
ORD106074,5223.55,Groceries,20.8,COD,2,0,100,Metro,1,3.9,0
ORD106075,1517.39,Beauty,13.1,Prepaid,1,0,728,Tier3,3,4.7,0
ORD106076,495.83,Footwear,20.6,Prepaid,6,0,76,Metro,4,3.2,0
ORD106077,3042.71,Apparel,4.2,Prepaid,0,0,272,Tier2,5,2.4,1
ORD106078,3494.59,Electronics,34.6,Prepaid,6,0,170,Metro,5,4.5,0
ORD106079,1877.52,Apparel,7.1,COD,3,2,140,Metro,3,4.5,0
ORD106080,2106.2,Apparel,34.7,Prepaid,3,0,359,Metro,3,4.6,0
ORD106081,509.35,Electronics,24.6,Prepaid,4,0,15,Metro,3,3.9,0
ORD106082,2758.5,Beauty,8.0,COD,0,0,100,Tier2,9,3.4,0
ORD106083,1759.0,Home,15.3,Prepaid,4,0,440,Tier3,9,4.1,0
ORD106084,1776.85,Electronics,12.2,Prepaid,5,0,134,Tier3,5,4.4,1
ORD106085,921.4,Books,15.2,COD,2,0,281,Tier3,5,5.0,0
ORD106086,386.98,Groceries,29.1,COD,8,1,459,Metro,1,3.5,0
ORD106087,951.52,Footwear,41.5,Prepaid,4,0,367,Tier3,2,4.9,1
ORD106088,1108.79,Books,11.9,Prepaid,3,2,863,Metro,2,3.6,0
ORD106089,799.49,Groceries,5.5,Prepaid,4,1,50,Metro,2,3.5,0
ORD106090,478.69,Footwear,27.5,COD,4,0,8,Tier2,8,4.6,1
ORD106091,1165.66,Books,14.7,COD,2,1,266,Metro,8,4.4,0
ORD106092,1808.63,Electronics,4.4,Prepaid,4,0,64,Metro,7,3.9,0
ORD106093,246.36,Books,22.6,COD,3,0,440,Metro,1,3.4,0
ORD106094,2240.32,Groceries,30.4,COD,4,0,78,Tier3,3,4.4,1
ORD106095,2601.47,Apparel,21.4,COD,2,0,90,Tier2,6,3.9,1
ORD106096,1421.47,Footwear,24.8,Prepaid,2,2,569,Metro,1,4.4,0
ORD106097,3452.9,Groceries,24.5,Prepaid,3,0,224,Metro,6,3.0,0
ORD106098,1740.84,Beauty,12.6,COD,5,2,165,Tier2,1,4.0,0
ORD106099,805.03,Groceries,16.6,Prepaid,3,1,82,Metro,3,4.1,0
ORD106100,277.45,Footwear,19.5,COD,6,1,539,Metro,5,3.9,1
ORD106101,2242.75,Apparel,35.6,COD,2,0,257,Metro,8,4.5,0
ORD106102,1878.22,Beauty,2.1,COD,3,0,350,Tier2,4,4.6,0
ORD106103,976.57,Electronics,7.0,COD,4,0,133,Metro,4,4.6,0
ORD106104,795.97,Home,18.8,Prepaid,6,0,799,Tier2,1,4.1,0
ORD106105,1944.99,Groceries,45.8,COD,4,1,115,Metro,7,4.3,0
ORD106106,1762.12,Books,12.2,Prepaid,2,2,45,Metro,3,3.4,0
ORD106107,725.42,Beauty,23.0,Prepaid,4,3,263,Metro,7,3.9,0
ORD106108,1827.17,Home,5.3,Prepaid,3,0,28,Tier2,4,5.0,0
ORD106109,346.84,Apparel,17.6,Prepaid,4,0,90,Tier3,9,3.3,0
ORD106110,5563.07,Footwear,21.9,Prepaid,3,0,339,Tier2,4,3.7,1
ORD106111,769.23,Beauty,32.1,COD,7,0,142,Metro,6,3.1,0
ORD106112,2582.07,Beauty,19.4,Prepaid,3,1,189,Tier3,9,3.5,0
ORD106113,1503.03,Books,8.7,COD,6,0,568,Metro,9,3.6,1
ORD106114,250.33,Books,20.7,COD,2,0,272,Tier2,8,2.7,0
ORD106115,1062.08,Apparel,34.7,COD,4,0,199,Tier2,8,4.3,1
ORD106116,2255.25,Home,6.6,Prepaid,3,1,25,Metro,9,3.2,0
ORD106117,1060.85,Beauty,16.4,Prepaid,5,0,274,Metro,4,4.3,0
ORD106118,1400.03,Footwear,8.4,Prepaid,6,0,952,Tier2,2,4.7,0
ORD106119,2545.8,Groceries,30.6,COD,3,0,77,Metro,2,3.8,0
ORD106120,1035.39,Apparel,11.9,COD,3,0,222,Metro,1,3.6,0
ORD106121,1156.91,Electronics,13.5,Prepaid,7,0,388,Metro,7,3.1,1
ORD106122,137.97,Electronics,10.8,Prepaid,3,1,199,Metro,3,4.7,0
ORD106123,4480.32,Apparel,6.2,COD,5,0,312,Tier2,2,3.7,0
ORD106124,1826.37,Home,13.5,Prepaid,8,0,687,Metro,2,3.6,0
ORD106125,1563.86,Books,20.6,Prepaid,4,1,701,Tier2,5,4.6,0
ORD106126,2099.09,Footwear,15.1,COD,5,0,15,Metro,3,4.3,0
ORD106127,2341.55,Books,27.1,Prepaid,1,0,355,Metro,4,3.8,1
ORD106128,3362.42,Home,4.6,COD,5,1,204,Metro,3,4.0,0
ORD106129,634.54,Home,22.6,Prepaid,6,0,983,Metro,8,3.8,0
ORD106130,3234.86,Apparel,4.5,COD,3,0,54,Metro,9,4.9,1
ORD106131,1425.41,Home,33.5,COD,8,0,464,Tier3,3,3.4,0
ORD106132,808.32,Apparel,43.9,COD,4,0,391,Metro,7,4.2,1
ORD106133,3177.54,Beauty,12.7,COD,3,0,165,Tier3,8,3.4,1
ORD106134,1671.9,Apparel,33.6,Prepaid,4,0,172,Metro,3,4.8,1
ORD106135,1645.76,Electronics,7.2,COD,4,0,251,Tier2,6,4.8,0
ORD106136,888.74,Apparel,6.0,COD,4,0,223,Tier2,3,4.8,1
ORD106137,1102.99,Beauty,16.2,COD,3,1,113,Tier2,8,4.8,0
ORD106138,935.53,Footwear,7.8,Prepaid,5,3,52,Metro,8,3.8,0
ORD106139,655.44,Books,23.1,Prepaid,10,0,358,Tier2,7,3.0,0
ORD106140,1357.18,Home,31.7,COD,7,2,578,Metro,5,4.2,1
ORD106141,765.73,Electronics,8.6,Prepaid,6,0,117,Tier2,7,3.8,0
ORD106142,414.49,Footwear,11.3,COD,5,1,180,Metro,6,4.6,1
ORD106143,2774.28,Groceries,24.4,COD,1,1,273,Metro,5,3.7,1
ORD106144,414.13,Groceries,5.8,COD,3,0,92,Metro,2,3.8,0
ORD106145,971.58,Books,4.3,Prepaid,3,0,73,Metro,6,3.9,0
ORD106146,2390.61,Home,10.7,Prepaid,5,1,11,Metro,8,4.1,1
ORD106147,579.82,Electronics,18.1,Prepaid,4,0,247,Tier2,9,3.5,1
ORD106148,4944.34,Home,29.6,Prepaid,1,0,370,Tier3,4,4.8,0
ORD106149,1807.03,Home,26.6,Prepaid,3,0,63,Metro,3,3.1,0
ORD106150,1028.63,Apparel,30.3,Prepaid,2,0,195,Tier3,8,5.0,0
ORD106151,373.24,Books,36.9,Prepaid,3,0,897,Tier3,1,4.8,0
ORD106152,451.0,Groceries,26.2,Prepaid,2,0,265,Tier2,7,2.6,0
ORD106153,232.58,Footwear,8.2,Prepaid,6,0,8,Tier2,4,3.6,0
ORD106154,1003.33,Home,18.1,Prepaid,1,0,130,Metro,8,3.6,0
ORD106155,1672.11,Groceries,15.3,Prepaid,6,2,648,Tier2,3,3.6,0
ORD106156,983.98,Books,34.0,Prepaid,5,0,126,Tier2,9,4.5,0
ORD106157,859.64,Footwear,36.8,Prepaid,4,1,125,Metro,7,4.5,1
ORD106158,827.37,Books,5.7,Prepaid,1,0,39,Metro,7,4.2,0
ORD106159,672.89,Groceries,11.0,COD,2,0,70,Tier2,6,4.1,0
ORD106160,602.25,Apparel,17.7,Prepaid,2,0,152,Tier2,2,3.2,0
ORD106161,904.9,Apparel,42.0,Prepaid,4,1,290,Tier2,8,2.9,1
ORD106162,1723.45,Beauty,3.1,COD,5,0,469,Tier2,4,4.9,0
ORD106163,1842.1,Books,4.4,Prepaid,2,1,30,Tier3,1,4.1,0
ORD106164,2081.23,Apparel,19.2,COD,5,0,84,Tier3,2,4.0,1
ORD106165,869.13,Groceries,19.9,COD,4,1,42,Metro,8,4.7,0
ORD106166,1506.47,Home,34.0,COD,3,0,175,Tier2,2,4.0,0
ORD106167,292.39,Books,3.6,Prepaid,3,0,365,Metro,1,3.8,0
ORD106168,4394.91,Beauty,41.2,Prepaid,2,0,211,Metro,4,4.0,0
ORD106169,1874.75,Groceries,20.0,COD,1,1,546,Tier3,7,4.6,0
ORD106170,2633.72,Groceries,8.1,Prepaid,6,0,54,Tier2,3,3.3,0
ORD106171,587.2,Apparel,10.9,COD,5,1,10,Tier3,1,4.0,1
ORD106172,558.12,Beauty,37.9,Prepaid,7,1,265,Tier3,7,2.7,0
ORD106173,984.05,Footwear,24.9,Prepaid,5,1,41,Metro,1,4.2,1
ORD106174,1869.8,Apparel,13.8,COD,6,0,284,Metro,7,4.5,1
ORD106175,900.57,Footwear,28.8,COD,4,0,110,Metro,6,4.2,1
ORD106176,1915.01,Apparel,41.2,Prepaid,2,0,51,Metro,1,4.7,1
ORD106177,691.7,Home,23.5,Prepaid,3,0,67,Metro,8,4.0,0
ORD106178,1378.27,Beauty,23.4,COD,3,1,187,Tier2,9,3.5,1
ORD106179,1315.68,Home,27.4,COD,4,0,274,Metro,9,4.6,0
ORD106180,816.78,Books,30.2,Prepaid,2,2,121,Metro,8,4.6,1
ORD106181,1639.35,Electronics,10.0,COD,3,1,144,Tier3,3,3.9,1
ORD106182,1360.31,Books,13.2,COD,7,0,28,Tier2,5,3.5,0
ORD106183,3756.27,Electronics,33.2,COD,2,0,19,Tier2,9,4.0,1
ORD106184,498.51,Home,26.4,COD,4,1,99,Tier2,5,3.0,1
ORD106185,520.41,Home,21.9,Prepaid,5,1,267,Tier3,2,3.5,0
ORD106186,2710.78,Home,10.3,COD,5,0,245,Tier3,7,3.4,0
ORD106187,1106.93,Home,27.3,COD,3,2,43,Tier2,8,4.2,0
ORD106188,1042.0,Beauty,31.5,Prepaid,6,1,325,Tier2,5,4.7,0
ORD106189,3413.09,Beauty,20.6,COD,5,1,344,Metro,9,3.5,0
ORD106190,1752.52,Home,18.4,COD,1,1,481,Tier2,7,3.8,1
ORD106191,772.76,Electronics,47.0,COD,1,1,283,Tier2,3,4.6,1
ORD106192,3744.34,Electronics,32.2,COD,3,1,150,Tier3,1,4.4,0
ORD106193,2509.66,Home,4.2,COD,1,0,5,Metro,2,3.7,0
ORD106194,4527.97,Beauty,27.2,COD,8,0,255,Tier2,5,4.2,1
ORD106195,1854.82,Apparel,6.8,Prepaid,3,0,389,Metro,2,3.1,1
ORD106196,7338.54,Footwear,11.8,COD,5,0,390,Metro,5,4.9,1
ORD106197,2286.46,Books,21.3,Prepaid,4,0,163,Metro,2,4.3,0
ORD106198,1698.86,Home,23.0,COD,4,0,344,Tier3,8,4.4,1
ORD106199,1915.43,Beauty,34.8,COD,2,1,111,Metro,9,3.2,1
ORD106200,574.13,Home,2.6,COD,4,1,1,Tier3,9,2.9,1
ORD106201,2901.44,Apparel,45.9,COD,5,1,217,Tier2,3,3.5,1
ORD106202,2800.98,Groceries,3.4,Prepaid,5,1,95,Metro,9,4.6,0
ORD106203,2769.59,Electronics,35.9,Prepaid,5,2,321,Tier3,6,3.2,0
ORD106204,453.96,Groceries,19.7,COD,2,0,331,Metro,3,4.3,0
ORD106205,1555.32,Groceries,26.3,Prepaid,3,1,391,Tier2,7,4.3,0
ORD106206,2424.95,Footwear,26.6,Prepaid,3,0,288,Tier3,4,3.2,0
ORD106207,976.98,Home,22.1,Prepaid,5,1,61,Metro,8,4.2,1
ORD106208,627.37,Groceries,7.8,COD,6,0,99,Tier3,1,4.5,0
ORD106209,1051.36,Electronics,6.0,Prepaid,2,0,18,Tier3,4,3.9,0
ORD106210,2610.06,Groceries,29.1,COD,5,1,95,Tier2,8,3.2,1
ORD106211,3507.45,Books,16.9,COD,3,0,68,Tier2,1,2.8,0
ORD106212,2321.46,Apparel,12.8,COD,4,0,21,Metro,1,4.6,1
ORD106213,2861.07,Groceries,2.4,COD,5,3,22,Metro,2,3.7,1
ORD106214,245.59,Groceries,37.2,Prepaid,6,2,244,Metro,3,4.7,0
ORD106215,1694.81,Books,15.7,Prepaid,2,0,557,Tier2,2,3.4,0
ORD106216,511.06,Footwear,26.1,Prepaid,5,0,415,Metro,1,4.1,1
ORD106217,1140.53,Beauty,26.5,Prepaid,3,1,134,Metro,6,3.9,0
ORD106218,561.42,Groceries,19.8,Prepaid,5,0,46,Tier3,7,4.0,0
ORD106219,1220.76,Groceries,21.5,Prepaid,3,1,57,Tier2,6,4.2,0
ORD106220,2594.1,Books,17.0,Prepaid,4,2,271,Metro,7,4.4,0
ORD106221,404.23,Books,1.9,Prepaid,5,0,39,Tier3,2,4.6,1
ORD106222,1729.6,Home,19.3,Prepaid,2,1,207,Tier3,8,5.0,1
ORD106223,1189.14,Books,15.4,Prepaid,4,0,418,Metro,9,4.8,1
ORD106224,1940.95,Electronics,10.6,Prepaid,4,0,633,Metro,5,2.9,0
ORD106225,1596.61,Groceries,6.6,COD,5,0,108,Tier3,3,4.0,0
ORD106226,1418.16,Beauty,27.7,Prepaid,4,0,1023,Metro,6,4.0,0
ORD106227,1133.6,Apparel,17.5,Prepaid,6,1,72,Metro,6,4.6,0
ORD106228,4289.62,Apparel,24.1,COD,5,0,18,Tier3,3,4.6,0
ORD106229,2636.78,Groceries,34.8,Prepaid,4,1,1632,Metro,1,3.7,0
ORD106230,2047.37,Footwear,12.4,COD,5,0,466,Metro,3,3.7,0
ORD106231,1592.47,Groceries,30.3,COD,3,1,68,Tier3,4,3.6,1
ORD106232,2854.14,Footwear,4.3,COD,4,0,103,Tier2,1,4.2,0
ORD106233,1033.16,Home,19.3,Prepaid,3,1,343,Tier3,5,3.9,0
ORD106234,3574.31,Electronics,10.2,COD,3,1,342,Metro,4,3.5,1
ORD106235,2003.89,Footwear,45.6,Prepaid,2,1,26,Metro,9,5.0,1
ORD106236,2843.82,Footwear,43.8,COD,4,1,1267,Metro,4,4.2,1
ORD106237,1437.58,Apparel,51.9,Prepaid,6,0,282,Tier2,6,4.3,1
ORD106238,3079.1,Beauty,18.1,Prepaid,3,1,12,Metro,5,3.6,0
ORD106239,1548.28,Home,45.1,Prepaid,2,2,176,Tier2,7,3.5,1
ORD106240,1734.97,Footwear,5.2,COD,6,0,406,Tier3,8,4.3,1
ORD106241,1989.29,Beauty,18.5,Prepaid,5,1,163,Metro,5,4.3,0
ORD106242,956.74,Groceries,4.5,COD,2,2,349,Metro,5,3.0,0
ORD106243,946.47,Groceries,23.2,Prepaid,6,1,394,Metro,7,4.0,0
ORD106244,141.33,Groceries,45.6,Prepaid,2,0,115,Metro,3,4.1,0
ORD106245,2566.12,Groceries,3.3,Prepaid,3,0,47,Tier2,5,4.2,0
ORD106246,866.01,Home,16.7,Prepaid,5,0,80,Metro,2,4.4,0
ORD106247,1674.38,Home,1.8,Prepaid,3,3,245,Metro,6,4.1,1
ORD106248,2651.35,Groceries,17.9,COD,3,0,92,Metro,6,4.0,0
ORD106249,1476.11,Books,15.2,COD,3,1,201,Tier2,3,4.3,0
ORD106250,2641.82,Home,41.1,COD,3,0,142,Tier2,3,2.9,0
ORD106251,223.0,Groceries,2.5,COD,6,2,249,Tier2,3,3.5,0
ORD106252,1527.85,Apparel,4.2,Prepaid,1,0,158,Metro,4,3.6,1
ORD106253,1439.42,Apparel,28.4,Prepaid,4,1,86,Metro,7,4.9,1
ORD106254,554.12,Footwear,12.2,Prepaid,3,1,854,Tier2,4,3.2,0
ORD106255,836.39,Beauty,29.0,Prepaid,3,0,483,Tier2,1,3.6,0
ORD106256,1819.36,Electronics,38.1,COD,2,0,651,Tier2,7,4.8,0
ORD106257,457.85,Beauty,38.0,COD,2,0,1535,Tier2,5,4.5,0
ORD106258,1518.93,Home,30.6,Prepaid,5,0,367,Tier2,6,4.6,0
ORD106259,1651.16,Electronics,13.0,COD,3,0,84,Metro,1,3.6,0
ORD106260,1800.12,Footwear,31.0,Prepaid,2,1,625,Tier3,3,4.1,1
ORD106261,1053.27,Beauty,13.0,Prepaid,2,0,191,Tier3,5,4.3,0
ORD106262,839.22,Books,29.9,Prepaid,5,0,151,Metro,6,4.2,0
ORD106263,1000.19,Footwear,19.8,COD,10,0,210,Tier2,5,3.6,0
ORD106264,291.56,Groceries,14.9,COD,4,0,11,Metro,8,4.1,1
ORD106265,1880.51,Apparel,12.8,Prepaid,4,1,911,Tier3,3,3.9,0
ORD106266,759.56,Footwear,23.2,COD,4,0,8,Metro,4,3.8,0
ORD106267,2670.93,Footwear,23.4,COD,3,2,403,Tier2,8,3.8,0
ORD106268,1995.22,Electronics,26.8,COD,2,0,424,Metro,2,3.8,0
ORD106269,3010.52,Home,17.6,COD,3,0,94,Metro,7,4.8,1
ORD106270,1718.27,Groceries,3.9,Prepaid,6,1,310,Tier2,8,4.0,0
ORD106271,1183.45,Footwear,22.3,COD,3,1,40,Tier3,5,2.1,0
ORD106272,322.7,Beauty,22.6,Prepaid,0,0,200,Tier2,7,3.8,0
ORD106273,302.15,Groceries,27.3,COD,5,2,102,Tier2,7,4.5,1
ORD106274,2213.82,Beauty,37.8,COD,9,2,226,Metro,2,4.8,1
ORD106275,459.22,Footwear,9.1,COD,5,0,299,Metro,7,3.3,0
ORD106276,1757.82,Home,17.2,Prepaid,1,1,70,Metro,4,4.1,1
ORD106277,569.17,Electronics,23.7,Prepaid,2,2,27,Metro,6,4.8,1
ORD106278,655.38,Electronics,12.2,Prepaid,8,0,387,Tier3,6,5.0,0
ORD106279,3812.31,Groceries,10.1,COD,5,1,259,Metro,8,3.2,0
ORD106280,2617.0,Electronics,29.4,COD,7,0,322,Metro,2,3.5,0
ORD106281,1287.28,Groceries,8.3,COD,3,1,301,Tier3,6,3.3,1
ORD106282,592.89,Groceries,18.6,Prepaid,3,1,6,Metro,8,3.7,0
ORD106283,4903.22,Footwear,13.8,COD,3,0,456,Metro,2,3.2,1
ORD106284,794.48,Books,17.2,Prepaid,8,1,339,Tier2,8,3.7,0
ORD106285,921.62,Home,21.9,COD,1,1,137,Metro,5,3.4,1
ORD106286,2988.09,Electronics,34.7,Prepaid,4,3,221,Tier2,6,3.6,1
ORD106287,793.54,Footwear,8.8,COD,0,0,477,Tier2,7,4.3,1
ORD106288,2307.21,Electronics,30.0,Prepaid,3,0,332,Tier2,4,3.4,0
ORD106289,2253.87,Electronics,33.8,COD,3,0,1454,Tier3,1,3.6,0
ORD106290,889.54,Home,5.5,Prepaid,7,0,246,Tier3,1,3.9,0
ORD106291,5330.6,Beauty,52.5,Prepaid,1,1,436,Metro,5,5.0,0
ORD106292,521.45,Beauty,16.8,Prepaid,4,0,31,Metro,3,3.8,1
ORD106293,1140.62,Footwear,4.8,COD,4,0,874,Metro,2,4.9,0
ORD106294,607.51,Footwear,26.8,Prepaid,6,1,786,Tier3,6,3.7,0
ORD106295,2202.44,Electronics,11.7,Prepaid,8,0,190,Metro,5,4.9,0
ORD106296,5636.58,Beauty,25.0,COD,2,0,155,Metro,1,3.1,0
ORD106297,1612.78,Books,1.5,COD,6,0,144,Metro,1,4.4,0
ORD106298,1457.29,Apparel,8.1,Prepaid,4,0,502,Tier3,1,2.5,1
ORD106299,2948.03,Groceries,29.1,Prepaid,3,0,65,Metro,5,5.0,0
ORD106300,4556.59,Groceries,19.5,Prepaid,3,0,37,Metro,1,4.7,0
ORD106301,855.43,Footwear,31.8,Prepaid,3,0,65,Tier2,5,4.6,0
ORD106302,1397.94,Footwear,27.6,Prepaid,2,1,22,Metro,8,2.9,0
ORD106303,3661.83,Beauty,20.4,Prepaid,5,0,477,Metro,9,3.9,0
ORD106304,5816.13,Apparel,45.5,COD,2,1,103,Metro,4,2.3,1
ORD106305,1775.11,Books,12.1,Prepaid,1,1,22,Metro,1,4.1,0
ORD106306,2129.68,Footwear,8.6,COD,2,2,11,Metro,5,3.3,1
ORD106307,2317.49,Electronics,20.5,Prepaid,5,0,77,Metro,3,3.5,0
ORD106308,1403.08,Apparel,19.4,Prepaid,3,0,25,Tier3,7,3.7,1
ORD106309,1116.43,Home,26.1,COD,4,0,538,Metro,4,4.2,0
ORD106310,1279.84,Footwear,15.2,COD,2,0,216,Tier2,9,4.4,1
ORD106311,3152.22,Home,20.3,COD,1,1,74,Tier2,2,3.2,1
ORD106312,2210.54,Home,18.1,Prepaid,2,0,245,Metro,8,4.3,1
ORD106313,1198.44,Groceries,25.8,COD,4,1,555,Tier3,2,4.4,0
ORD106314,1371.63,Beauty,15.5,Prepaid,3,2,414,Metro,6,4.7,0
ORD106315,3077.75,Books,9.0,Prepaid,4,0,435,Metro,7,3.4,0
ORD106316,2611.89,Beauty,20.7,Prepaid,4,1,447,Tier2,8,5.0,0
ORD106317,480.9,Apparel,8.8,COD,1,0,12,Tier2,4,3.1,0
ORD106318,985.58,Beauty,14.7,COD,3,0,286,Metro,1,4.4,0
ORD106319,1304.21,Beauty,28.2,Prepaid,3,0,743,Tier2,4,3.5,0
ORD106320,1524.2,Beauty,14.4,Prepaid,3,0,36,Tier2,6,3.9,0
ORD106321,1205.58,Books,18.0,COD,6,1,637,Tier3,4,4.3,0
ORD106322,2761.97,Electronics,22.7,Prepaid,2,0,204,Tier2,4,4.9,0
ORD106323,1368.28,Books,29.4,COD,1,0,5,Tier3,4,3.9,0
ORD106324,100.73,Apparel,26.0,Prepaid,3,0,121,Metro,2,4.4,0
ORD106325,1686.83,Apparel,30.0,Prepaid,5,0,196,Metro,8,4.3,0
ORD106326,492.79,Electronics,12.1,COD,3,0,475,Tier2,8,4.1,0
ORD106327,817.19,Electronics,26.1,COD,3,1,60,Tier3,7,4.4,0
ORD106328,1152.93,Footwear,36.5,COD,1,1,674,Metro,7,4.1,1
ORD106329,2252.49,Apparel,20.5,COD,5,0,1330,Metro,6,3.4,0
ORD106330,3121.95,Home,18.4,Prepaid,9,0,1113,Tier2,1,3.9,1
ORD106331,3517.15,Beauty,38.3,Prepaid,4,0,378,Tier2,7,4.5,0
ORD106332,393.28,Groceries,31.0,Prepaid,4,0,179,Tier2,2,4.0,0
ORD106333,1257.26,Beauty,15.1,COD,1,1,466,Metro,4,5.0,0
ORD106334,2204.03,Footwear,16.2,Prepaid,3,0,1280,Metro,1,4.0,1
ORD106335,1361.09,Footwear,31.0,Prepaid,8,2,65,Metro,7,4.1,0
ORD106336,637.02,Apparel,23.0,Prepaid,7,0,479,Tier2,8,2.7,0
ORD106337,7448.45,Groceries,20.1,COD,1,0,13,Tier3,5,3.9,0
ORD106338,787.68,Beauty,10.9,COD,2,1,107,Metro,3,4.0,0
ORD106339,2289.2,Home,24.4,COD,4,0,334,Metro,6,3.6,0
ORD106340,2519.49,Apparel,18.1,COD,8,0,549,Tier3,6,3.8,0
ORD106341,368.19,Groceries,14.2,COD,5,0,283,Metro,4,5.0,1
ORD106342,589.06,Groceries,18.0,COD,3,0,558,Metro,2,3.5,0
ORD106343,2238.23,Footwear,43.9,Prepaid,4,0,552,Tier2,1,4.2,1
ORD106344,122.5,Beauty,8.1,Prepaid,5,1,103,Tier2,1,3.6,0
ORD106345,1796.14,Groceries,22.1,COD,5,0,455,Metro,9,3.2,0
ORD106346,4061.52,Books,24.4,Prepaid,5,1,82,Metro,1,4.8,0
ORD106347,406.25,Beauty,39.5,Prepaid,3,3,155,Metro,7,3.5,1
ORD106348,2401.69,Apparel,32.9,COD,4,1,283,Metro,9,4.2,0
ORD106349,359.44,Electronics,5.7,Prepaid,6,1,217,Tier3,4,4.4,0
ORD106350,1508.18,Books,21.9,COD,5,0,147,Tier2,4,4.4,1
ORD106351,1474.81,Home,15.1,COD,7,0,310,Tier3,8,3.6,0
ORD106352,909.09,Apparel,2.8,Prepaid,5,1,1002,Metro,9,3.7,0
ORD106353,1451.72,Apparel,28.0,Prepaid,3,3,1153,Metro,7,3.3,1
ORD106354,1442.52,Apparel,10.2,Prepaid,3,0,27,Metro,1,3.9,0
ORD106355,748.47,Groceries,29.4,Prepaid,2,0,409,Metro,7,5.0,0
ORD106356,1160.4,Groceries,15.7,Prepaid,4,0,93,Tier3,3,3.9,0
ORD106357,1667.32,Apparel,27.8,Prepaid,1,1,70,Metro,2,3.9,0
ORD106358,2438.53,Footwear,15.1,Prepaid,3,1,168,Metro,9,5.0,0
ORD106359,1841.55,Books,30.8,Prepaid,1,0,309,Tier3,7,4.5,0
ORD106360,1992.38,Footwear,37.8,Prepaid,5,1,172,Tier2,8,3.8,1
ORD106361,237.17,Footwear,20.7,COD,2,0,1365,Tier2,5,4.3,1
ORD106362,455.17,Books,3.4,COD,7,0,40,Metro,4,4.9,1
ORD106363,633.56,Footwear,39.3,Prepaid,4,2,225,Tier3,3,3.4,0
ORD106364,1905.36,Footwear,22.5,Prepaid,11,0,212,Metro,8,3.8,0
ORD106365,1006.05,Home,40.5,COD,3,0,70,Metro,1,3.4,1
ORD106366,375.39,Electronics,22.3,COD,7,1,1510,Tier2,9,4.1,0
ORD106367,359.34,Books,24.7,COD,4,1,98,Metro,2,3.7,1
ORD106368,2578.61,Footwear,21.9,COD,5,1,1007,Tier2,5,5.0,0
ORD106369,1821.31,Groceries,20.4,COD,3,1,315,Metro,1,4.3,0
ORD106370,2791.28,Groceries,24.3,Prepaid,4,0,332,Metro,5,4.8,0
ORD106371,3179.51,Apparel,16.0,Prepaid,9,0,444,Metro,7,5.0,1
ORD106372,434.31,Books,15.7,COD,4,0,137,Metro,6,5.0,1
ORD106373,1049.41,Beauty,27.9,Prepaid,4,0,630,Metro,2,3.8,0
ORD106374,229.58,Beauty,26.5,COD,2,0,14,Metro,8,3.0,0
ORD106375,3138.0,Beauty,9.4,Prepaid,3,2,72,Metro,5,3.5,0
ORD106376,1038.41,Apparel,23.2,Prepaid,3,1,308,Metro,2,5.0,1
ORD106377,899.86,Footwear,21.4,Prepaid,5,1,231,Tier2,7,4.9,1
ORD106378,6871.72,Footwear,15.4,Prepaid,9,1,139,Tier2,1,3.4,1
ORD106379,2831.76,Books,19.8,COD,4,1,219,Metro,4,3.0,0
ORD106380,5536.07,Groceries,10.5,Prepaid,6,0,200,Tier3,5,3.4,0
ORD106381,2610.03,Electronics,8.9,COD,2,0,18,Metro,6,3.8,0
ORD106382,1214.67,Electronics,22.7,Prepaid,2,1,92,Metro,8,4.5,0
ORD106383,798.56,Groceries,15.2,Prepaid,3,0,437,Tier3,8,4.8,0
ORD106384,1539.55,Books,45.5,Prepaid,3,0,184,Tier3,4,3.6,0
ORD106385,1541.75,Books,39.9,Prepaid,2,2,321,Tier2,8,3.7,0
ORD106386,1786.11,Books,30.6,Prepaid,1,0,67,Metro,1,2.5,0
ORD106387,3813.29,Beauty,13.2,Prepaid,3,0,302,Metro,1,4.1,0
ORD106388,5579.12,Apparel,48.7,COD,3,2,390,Tier3,6,2.8,1
ORD106389,2431.86,Home,23.3,COD,2,0,127,Metro,2,4.7,1
ORD106390,251.36,Groceries,31.3,Prepaid,2,1,338,Tier3,4,2.6,0
ORD106391,1443.57,Apparel,39.6,Prepaid,5,1,285,Tier3,3,3.6,0
ORD106392,3764.63,Home,8.1,COD,4,0,68,Tier3,5,3.2,1
ORD106393,1864.77,Apparel,26.3,Prepaid,7,0,1927,Metro,1,3.4,1
ORD106394,1365.81,Electronics,37.6,Prepaid,5,0,9,Tier3,1,4.6,1
ORD106395,1098.41,Groceries,25.7,COD,5,1,74,Metro,5,4.0,0
ORD106396,324.95,Electronics,1.8,COD,3,1,87,Metro,2,4.2,0
ORD106397,449.57,Home,18.3,Prepaid,3,0,165,Metro,6,3.0,0
ORD106398,922.84,Books,31.3,Prepaid,5,1,114,Metro,1,3.1,0
ORD106399,91.66,Footwear,28.8,Prepaid,2,2,124,Metro,5,5.0,1
ORD106400,2643.53,Beauty,12.3,Prepaid,2,1,1076,Tier3,2,3.7,0
ORD106401,2577.91,Beauty,18.9,COD,4,0,174,Metro,4,4.4,0
ORD106402,3310.76,Books,21.7,COD,2,0,406,Metro,2,3.6,0
ORD106403,1796.5,Home,28.2,COD,4,1,232,Tier2,7,4.3,0
ORD106404,2315.87,Books,36.4,Prepaid,5,0,473,Tier3,9,4.2,0
ORD106405,1016.97,Beauty,21.1,Prepaid,10,0,29,Metro,4,3.9,0
ORD106406,1297.23,Electronics,36.5,Prepaid,4,1,689,Metro,5,3.7,1
ORD106407,1093.69,Electronics,6.8,Prepaid,2,0,173,Tier2,8,3.4,0
ORD106408,2410.0,Electronics,31.0,Prepaid,4,0,221,Tier2,1,3.7,0
ORD106409,1706.38,Home,6.0,COD,9,0,265,Tier2,5,4.0,0
ORD106410,424.85,Apparel,30.3,Prepaid,6,4,485,Tier2,9,3.8,0
ORD106411,1663.31,Apparel,6.6,COD,6,1,320,Metro,7,3.6,1
ORD106412,599.08,Groceries,18.1,COD,1,0,113,Metro,1,4.2,1
ORD106413,2394.01,Home,26.3,COD,4,0,21,Tier2,3,4.5,0
ORD106414,1815.18,Apparel,5.4,COD,3,0,76,Tier3,2,5.0,1
ORD106415,359.98,Footwear,46.2,Prepaid,4,1,178,Metro,6,4.1,1
ORD106416,1447.27,Books,23.8,COD,7,0,2073,Metro,6,3.1,0
ORD106417,1425.06,Apparel,48.4,COD,2,0,199,Tier3,2,3.7,0
ORD106418,3145.42,Groceries,15.5,Prepaid,3,1,30,Tier3,9,4.4,1
ORD106419,2136.15,Books,10.1,COD,3,0,297,Tier2,2,2.9,1
ORD106420,3047.87,Home,27.1,Prepaid,3,0,325,Metro,5,2.4,0
ORD106421,1187.62,Electronics,15.8,Prepaid,2,1,494,Metro,9,3.9,1
ORD106422,923.22,Beauty,16.4,COD,7,2,249,Metro,9,3.7,1
ORD106423,884.29,Groceries,7.9,Prepaid,3,0,409,Metro,4,4.6,0
ORD106424,1869.09,Footwear,17.5,COD,6,1,171,Tier3,8,4.8,1
ORD106425,209.34,Books,16.1,COD,2,1,289,Tier3,7,4.1,0
ORD106426,2068.47,Groceries,21.0,Prepaid,3,1,89,Metro,9,4.4,0
ORD106427,194.06,Groceries,30.7,Prepaid,6,0,160,Tier3,3,3.2,0
ORD106428,4032.97,Electronics,17.8,Prepaid,3,0,1049,Tier3,6,4.0,1
ORD106429,388.45,Groceries,19.3,Prepaid,1,0,58,Metro,1,2.6,0
ORD106430,669.77,Beauty,2.9,COD,2,0,15,Tier2,2,3.6,1
ORD106431,1154.5,Electronics,8.1,COD,3,2,171,Tier3,6,4.0,1
ORD106432,884.91,Books,7.7,Prepaid,4,1,363,Tier2,3,4.0,0
ORD106433,250.28,Books,29.5,Prepaid,5,0,920,Tier2,2,4.0,0
ORD106434,674.13,Electronics,13.6,Prepaid,5,0,49,Tier2,3,3.8,1
ORD106435,931.64,Groceries,9.0,COD,1,0,1710,Tier3,1,4.2,0
ORD106436,1277.99,Footwear,22.8,COD,4,1,222,Metro,6,4.5,0
ORD106437,941.44,Electronics,25.5,COD,4,0,573,Tier2,5,3.7,1
ORD106438,340.89,Home,22.7,Prepaid,3,1,289,Tier2,8,2.8,0
ORD106439,1696.0,Apparel,28.5,COD,6,0,488,Metro,6,3.6,1
ORD106440,3259.52,Home,17.7,COD,5,0,142,Tier3,2,4.4,0
ORD106441,521.19,Books,23.1,Prepaid,5,0,498,Tier2,9,3.8,0
ORD106442,1166.23,Apparel,34.6,COD,7,1,114,Metro,2,4.8,1
ORD106443,524.56,Home,0.4,COD,2,0,150,Metro,6,4.0,1
ORD106444,701.3,Groceries,21.5,Prepaid,3,0,0,Metro,1,3.8,0
ORD106445,758.86,Home,13.5,COD,5,0,84,Tier3,3,4.2,0
ORD106446,4648.93,Electronics,11.0,Prepaid,6,2,104,Tier3,8,3.9,1
ORD106447,832.14,Apparel,15.7,COD,5,1,86,Metro,2,4.0,0
ORD106448,1074.36,Beauty,6.3,Prepaid,4,0,190,Tier2,4,3.5,0
ORD106449,2227.49,Footwear,20.6,COD,9,0,130,Metro,4,4.2,0
ORD106450,5349.26,Apparel,25.8,COD,7,0,185,Metro,4,4.1,1
ORD106451,833.17,Books,27.6,COD,1,0,771,Tier3,1,3.4,0
ORD106452,564.67,Groceries,46.7,COD,5,0,692,Tier2,2,4.5,0
ORD106453,397.57,Apparel,20.2,COD,3,1,214,Metro,4,4.0,0
ORD106454,2601.23,Footwear,18.1,Prepaid,3,1,13,Metro,6,3.1,1
ORD106455,579.88,Home,18.1,Prepaid,2,0,433,Tier2,9,5.0,1
ORD106456,2973.44,Groceries,37.6,COD,6,0,65,Tier3,2,4.2,1
ORD106457,345.28,Apparel,15.4,Prepaid,6,0,776,Metro,8,3.8,1
ORD106458,1007.45,Groceries,20.3,Prepaid,6,2,105,Tier2,8,4.4,0
ORD106459,1405.01,Footwear,7.1,COD,3,1,264,Tier2,3,3.2,0
ORD106460,702.22,Home,11.2,Prepaid,2,0,161,Metro,1,2.9,1
ORD106461,607.28,Groceries,1.8,Prepaid,6,1,49,Tier2,4,3.1,0
ORD106462,1828.78,Books,10.6,Prepaid,7,0,48,Metro,5,4.8,0
ORD106463,644.02,Home,25.5,Prepaid,3,1,248,Metro,8,4.1,1
ORD106464,1792.31,Beauty,30.0,Prepaid,3,0,137,Metro,8,4.3,0
ORD106465,2170.31,Electronics,5.5,COD,3,0,690,Metro,5,3.9,0
ORD106466,2412.49,Apparel,32.7,COD,3,1,86,Metro,8,3.3,1
ORD106467,1417.3,Apparel,4.8,COD,6,1,432,Tier3,8,3.1,0
ORD106468,2723.24,Groceries,25.2,COD,3,1,148,Metro,9,4.2,0
ORD106469,2030.67,Groceries,5.4,COD,3,0,179,Metro,2,4.6,1
ORD106470,340.08,Beauty,22.9,Prepaid,5,0,75,Metro,1,3.5,0
ORD106471,1401.77,Books,8.8,COD,4,4,270,Tier2,5,4.1,1
ORD106472,46.78,Footwear,18.2,Prepaid,6,1,46,Tier2,4,4.2,0
ORD106473,1040.79,Home,29.2,Prepaid,6,0,164,Metro,6,3.1,0
ORD106474,611.63,Home,23.8,COD,0,0,240,Metro,5,4.5,0
ORD106475,772.19,Home,13.1,Prepaid,7,1,73,Metro,5,4.1,1
ORD106476,2416.0,Electronics,19.7,COD,2,0,683,Tier3,5,4.1,0
ORD106477,1710.05,Electronics,7.4,Prepaid,3,0,85,Tier2,7,3.2,0
ORD106478,1344.57,Home,29.5,COD,4,1,256,Tier2,7,3.9,0
ORD106479,864.24,Apparel,37.3,Prepaid,5,1,44,Metro,2,3.8,1
ORD106480,1630.26,Electronics,7.6,Prepaid,1,1,207,Tier3,3,4.3,1
ORD106481,1840.09,Books,22.9,Prepaid,3,1,492,Metro,9,4.7,0
ORD106482,1331.9,Books,7.9,COD,4,0,691,Metro,4,3.5,1
ORD106483,1734.46,Electronics,33.9,Prepaid,3,3,646,Metro,9,3.5,1
ORD106484,2104.45,Electronics,4.2,Prepaid,6,0,16,Metro,7,4.5,0
ORD106485,582.1,Books,17.6,Prepaid,3,0,226,Tier2,4,3.4,0
ORD106486,1593.73,Apparel,23.2,Prepaid,5,1,338,Metro,3,3.8,1
ORD106487,2334.48,Beauty,22.9,Prepaid,3,2,195,Metro,7,4.5,1
ORD106488,3776.0,Electronics,4.8,Prepaid,2,1,489,Metro,1,4.1,0
ORD106489,1973.63,Beauty,37.6,Prepaid,5,0,788,Metro,5,3.9,0
ORD106490,327.48,Beauty,11.6,Prepaid,3,0,855,Tier3,9,2.6,0
ORD106491,605.4,Footwear,17.4,COD,4,0,380,Metro,9,4.3,1
ORD106492,684.97,Home,17.1,Prepaid,5,2,403,Metro,1,2.9,0
ORD106493,3917.29,Beauty,9.6,COD,8,1,363,Tier2,1,4.3,0
ORD106494,333.59,Electronics,19.5,Prepaid,3,0,53,Metro,5,4.7,0
ORD106495,638.39,Beauty,26.2,Prepaid,4,3,77,Tier3,7,3.3,0
ORD106496,881.55,Beauty,18.2,COD,4,0,689,Metro,3,4.2,1
ORD106497,1024.69,Books,19.8,Prepaid,4,0,136,Tier2,9,3.6,0
ORD106498,1084.33,Electronics,39.4,COD,8,0,125,Metro,5,3.7,0
ORD106499,2934.47,Beauty,2.4,Prepaid,6,0,202,Metro,9,3.9,0
ORD106500,1344.73,Books,9.0,COD,5,0,1159,Metro,5,4.0,0
ORD106501,1473.65,Footwear,17.6,Prepaid,5,0,86,Metro,3,4.0,0
ORD106502,877.54,Beauty,37.2,Prepaid,2,1,103,Metro,2,3.3,1
ORD106503,1023.76,Books,18.7,Prepaid,2,2,90,Metro,6,4.1,0
ORD106504,1009.06,Home,30.8,COD,2,0,18,Tier2,4,2.3,1
ORD106505,543.63,Apparel,7.6,COD,8,1,194,Tier2,7,4.6,1
ORD106506,927.57,Footwear,26.3,COD,4,0,21,Tier3,2,4.0,0
ORD106507,3390.74,Home,16.2,COD,7,1,137,Tier2,6,5.0,1
ORD106508,1587.45,Books,8.2,COD,3,0,162,Metro,3,4.2,0
ORD106509,3023.58,Beauty,24.2,Prepaid,8,0,326,Metro,3,3.1,0
ORD106510,3310.88,Footwear,5.7,Prepaid,3,0,1100,Metro,2,2.2,0
ORD106511,996.52,Footwear,18.4,Prepaid,3,0,207,Metro,2,3.4,1
ORD106512,2657.26,Electronics,16.7,Prepaid,4,0,317,Metro,2,4.2,0
ORD106513,2396.36,Electronics,28.1,Prepaid,3,0,205,Metro,9,4.7,0
ORD106514,1246.15,Apparel,9.4,Prepaid,5,0,1054,Tier2,3,3.9,0
ORD106515,890.35,Home,8.3,COD,3,0,27,Metro,8,4.7,1
ORD106516,412.75,Home,34.2,Prepaid,4,1,263,Tier2,4,2.7,0
ORD106517,4160.16,Books,13.1,Prepaid,6,0,35,Metro,1,4.1,0
ORD106518,1462.78,Footwear,9.7,Prepaid,3,0,27,Tier2,1,3.4,0
ORD106519,1998.89,Electronics,20.2,COD,4,2,498,Tier2,9,4.4,1
ORD106520,2711.13,Books,1.9,Prepaid,3,0,284,Metro,3,4.1,0
ORD106521,4272.0,Groceries,35.3,Prepaid,6,1,22,Tier3,5,3.2,0
ORD106522,2328.45,Books,27.6,Prepaid,3,0,497,Metro,2,3.6,0
ORD106523,1460.39,Groceries,21.3,Prepaid,5,1,244,Metro,5,3.7,0
ORD106524,465.63,Footwear,12.7,Prepaid,3,0,237,Tier2,8,3.1,0
ORD106525,752.72,Books,12.1,Prepaid,1,0,64,Tier2,3,2.7,1
ORD106526,552.89,Apparel,15.8,COD,3,0,134,Metro,6,5.0,1
ORD106527,1797.82,Books,14.4,COD,3,1,954,Tier2,1,3.5,0
ORD106528,1605.09,Footwear,25.5,Prepaid,3,0,1,Tier2,8,3.1,1
ORD106529,3664.02,Groceries,38.4,COD,4,2,131,Metro,5,3.5,1
ORD106530,1782.96,Home,24.3,Prepaid,4,0,26,Metro,5,4.9,1
ORD106531,498.34,Electronics,25.2,COD,5,0,159,Tier2,3,4.1,0
ORD106532,2139.02,Footwear,37.1,Prepaid,4,1,852,Tier3,1,2.7,1
ORD106533,324.13,Books,12.1,Prepaid,6,1,348,Tier2,7,5.0,0
ORD106534,1239.79,Electronics,27.4,COD,2,1,56,Tier3,2,3.4,1
ORD106535,1504.88,Home,15.8,Prepaid,5,0,197,Tier2,9,3.8,0
ORD106536,399.84,Apparel,37.4,Prepaid,7,2,276,Metro,5,4.7,1
ORD106537,583.25,Beauty,10.0,Prepaid,4,1,650,Tier2,7,3.5,0
ORD106538,1737.58,Groceries,6.9,COD,4,1,231,Tier2,7,4.2,0
ORD106539,1182.96,Apparel,11.7,COD,5,1,213,Metro,6,4.1,0
ORD106540,2295.81,Electronics,26.0,Prepaid,2,0,32,Metro,5,4.5,1
ORD106541,818.02,Home,25.7,COD,4,1,346,Metro,3,4.1,0
ORD106542,3854.06,Beauty,30.2,Prepaid,2,1,994,Metro,8,4.8,0
ORD106543,1827.25,Groceries,28.3,COD,3,2,451,Tier2,5,3.9,0
ORD106544,278.08,Beauty,22.8,Prepaid,3,1,296,Tier2,1,3.4,1
ORD106545,880.02,Home,12.3,Prepaid,2,0,108,Tier2,3,3.7,0
ORD106546,1115.44,Footwear,15.4,Prepaid,5,1,332,Tier3,2,4.4,1
ORD106547,3112.11,Apparel,35.8,COD,4,0,168,Metro,7,3.1,1
ORD106548,1228.06,Electronics,12.9,COD,1,1,111,Metro,7,4.5,0
ORD106549,529.95,Beauty,14.6,Prepaid,3,1,110,Metro,2,5.0,0
ORD106550,910.14,Groceries,29.8,Prepaid,6,0,164,Metro,3,3.6,0
ORD106551,2282.33,Books,30.2,Prepaid,3,0,165,Tier3,4,4.4,0
ORD106552,3436.66,Footwear,16.2,Prepaid,4,1,158,Tier2,2,3.7,1
ORD106553,1007.47,Home,21.8,Prepaid,6,1,646,Metro,9,5.0,0
ORD106554,2229.66,Home,16.3,COD,7,1,315,Tier2,6,4.6,0
ORD106555,2050.17,Apparel,14.2,COD,2,0,183,Tier2,2,4.3,1
ORD106556,999.89,Beauty,10.8,COD,5,0,251,Tier3,8,4.5,1
ORD106557,364.35,Home,0.6,Prepaid,7,0,126,Metro,2,5.0,1
ORD106558,1341.35,Footwear,18.4,Prepaid,0,0,61,Metro,4,4.5,0
ORD106559,1724.49,Beauty,37.4,COD,1,0,312,Tier3,3,4.5,1
ORD106560,2171.1,Apparel,17.8,Prepaid,3,0,51,Tier2,2,4.3,0
ORD106561,959.14,Electronics,11.6,COD,5,3,102,Tier3,3,3.8,0
ORD106562,1458.63,Electronics,12.1,COD,6,0,1490,Metro,5,3.9,0
ORD106563,1314.17,Beauty,39.6,Prepaid,3,1,633,Metro,1,4.7,0
ORD106564,254.92,Electronics,23.1,Prepaid,7,0,1231,Metro,2,3.6,0
ORD106565,977.23,Books,35.0,Prepaid,1,0,417,Tier3,7,3.7,0
ORD106566,1883.11,Home,14.4,Prepaid,6,2,33,Tier2,2,3.7,0
ORD106567,1161.28,Electronics,15.5,COD,2,0,549,Tier2,7,4.9,0
ORD106568,2459.74,Apparel,15.9,Prepaid,3,1,202,Tier2,5,3.8,0
ORD106569,2715.91,Apparel,30.3,Prepaid,10,1,48,Tier3,7,4.1,0
ORD106570,320.09,Groceries,12.9,COD,3,0,1055,Metro,7,4.8,0
ORD106571,532.77,Groceries,34.4,COD,5,1,31,Tier2,3,4.0,0
ORD106572,4453.63,Footwear,21.4,Prepaid,4,0,453,Metro,2,3.8,0
ORD106573,1016.86,Footwear,41.6,COD,4,1,59,Metro,7,4.8,1
ORD106574,2177.04,Electronics,42.3,COD,4,0,8,Tier2,2,4.3,1
ORD106575,2015.16,Footwear,12.9,COD,2,0,500,Metro,8,3.9,0
ORD106576,1084.69,Books,8.4,Prepaid,4,0,39,Metro,4,4.7,0
ORD106577,2845.63,Beauty,30.0,Prepaid,4,1,441,Metro,9,3.7,0
ORD106578,1787.38,Beauty,28.8,Prepaid,3,1,38,Metro,2,4.1,0
ORD106579,2143.75,Home,11.6,COD,4,0,922,Metro,6,4.2,1
ORD106580,2144.33,Groceries,6.0,COD,3,0,230,Tier2,6,4.4,0
ORD106581,271.71,Groceries,44.2,Prepaid,5,1,42,Metro,2,2.9,0
ORD106582,247.42,Beauty,32.8,Prepaid,3,2,252,Metro,8,3.7,0
ORD106583,460.68,Apparel,8.0,COD,0,0,315,Tier2,2,3.5,1
ORD106584,2865.94,Footwear,25.6,Prepaid,5,1,163,Metro,8,4.6,0
ORD106585,1797.08,Groceries,21.4,Prepaid,6,1,85,Tier3,2,5.0,0
ORD106586,1693.43,Groceries,14.1,COD,4,2,443,Metro,6,4.2,0
ORD106587,569.15,Electronics,16.4,Prepaid,2,0,419,Tier2,2,4.0,0
ORD106588,2959.32,Groceries,20.0,COD,2,0,412,Tier3,9,3.4,0
ORD106589,1260.06,Beauty,6.4,COD,7,2,65,Tier3,5,4.5,0
ORD106590,3014.72,Footwear,18.1,Prepaid,5,2,903,Tier2,3,2.9,1
ORD106591,3132.84,Groceries,10.6,COD,4,1,846,Tier2,8,3.2,1
ORD106592,1553.5,Beauty,14.0,COD,6,0,109,Tier3,6,3.0,0
ORD106593,1701.45,Footwear,21.4,Prepaid,3,0,45,Tier3,1,4.2,0
ORD106594,2585.76,Groceries,26.3,Prepaid,6,0,649,Tier3,4,3.7,0
ORD106595,832.83,Books,17.3,Prepaid,6,0,53,Tier2,2,2.7,0
ORD106596,917.49,Beauty,16.5,COD,4,1,234,Metro,5,5.0,0
ORD106597,1852.75,Home,2.0,COD,3,0,844,Metro,9,4.8,0
ORD106598,645.18,Groceries,22.2,Prepaid,1,1,319,Metro,5,5.0,0
ORD106599,351.7,Footwear,19.2,COD,1,1,39,Metro,5,3.5,0
ORD106600,1266.49,Groceries,11.9,COD,1,0,156,Tier2,8,4.4,0
ORD106601,1646.05,Home,12.7,Prepaid,1,1,655,Tier2,5,4.4,0
ORD106602,1723.65,Home,24.2,Prepaid,4,0,1243,Tier2,9,5.0,0
ORD106603,1411.93,Electronics,13.7,Prepaid,5,1,292,Metro,3,3.9,0
ORD106604,1070.54,Electronics,15.1,COD,5,0,48,Metro,5,3.6,1
ORD106605,1209.62,Apparel,14.5,COD,4,0,370,Tier3,5,4.2,1
ORD106606,317.27,Apparel,10.6,COD,3,0,377,Tier3,8,3.9,1
ORD106607,1096.82,Footwear,19.4,Prepaid,5,0,51,Tier2,4,5.0,0
ORD106608,938.66,Apparel,7.0,Prepaid,2,0,95,Tier2,6,3.0,0
ORD106609,608.81,Footwear,18.8,Prepaid,7,0,61,Tier3,9,3.0,0
ORD106610,801.48,Apparel,3.3,COD,4,1,79,Tier3,4,3.4,0
ORD106611,670.48,Apparel,39.4,Prepaid,6,1,17,Tier3,1,5.0,1
ORD106612,3057.9,Beauty,28.3,Prepaid,3,0,181,Metro,9,3.9,1
ORD106613,447.98,Books,23.3,COD,2,0,14,Metro,5,3.9,1
ORD106614,1642.65,Groceries,17.7,Prepaid,5,0,75,Metro,6,4.7,0
ORD106615,2315.4,Footwear,14.6,COD,2,0,12,Tier2,4,4.0,1
ORD106616,2389.95,Footwear,3.4,Prepaid,5,1,25,Tier2,4,4.8,0
ORD106617,849.1,Home,4.6,Prepaid,8,2,330,Tier3,6,3.7,0
ORD106618,1442.56,Apparel,16.1,COD,6,0,418,Metro,7,4.6,0
ORD106619,824.57,Home,12.5,Prepaid,1,1,18,Tier2,3,3.8,1
ORD106620,2329.38,Beauty,9.8,Prepaid,6,1,179,Tier2,8,4.6,0
ORD106621,2580.97,Electronics,21.5,Prepaid,5,1,239,Metro,9,4.1,0
ORD106622,1573.87,Home,13.5,Prepaid,6,1,1175,Metro,7,3.3,0
ORD106623,243.22,Beauty,19.7,Prepaid,3,1,1083,Metro,5,3.0,0
ORD106624,174.17,Electronics,29.1,Prepaid,4,0,92,Metro,2,4.7,0
ORD106625,1506.95,Electronics,13.8,COD,4,0,35,Metro,8,3.3,1
ORD106626,550.67,Beauty,40.4,Prepaid,2,0,0,Metro,2,5.0,0
ORD106627,2050.36,Groceries,18.7,COD,9,1,38,Metro,9,3.4,0
ORD106628,2043.44,Beauty,6.6,Prepaid,6,1,249,Tier2,5,3.5,0
ORD106629,4541.78,Footwear,8.9,Prepaid,7,0,24,Tier3,1,3.7,0
ORD106630,957.63,Footwear,38.2,Prepaid,3,1,276,Tier3,7,4.7,1
ORD106631,4124.61,Home,8.3,Prepaid,4,0,90,Metro,6,3.8,0
ORD106632,1233.54,Beauty,6.8,COD,9,2,61,Metro,3,4.7,0
ORD106633,3186.78,Books,10.0,COD,0,0,753,Tier2,2,3.5,0
ORD106634,832.1,Groceries,16.5,Prepaid,6,0,936,Tier2,1,3.8,1
ORD106635,1683.17,Home,26.5,COD,3,1,356,Metro,4,3.7,1
ORD106636,681.69,Apparel,28.7,Prepaid,2,0,179,Metro,7,3.3,0
ORD106637,1518.24,Groceries,2.2,Prepaid,4,3,135,Metro,4,2.6,0
ORD106638,1952.9,Home,23.1,Prepaid,3,1,146,Tier2,6,3.8,0
ORD106639,2039.85,Apparel,25.8,COD,2,1,224,Tier2,1,4.2,0
ORD106640,1773.04,Books,5.7,Prepaid,8,0,365,Metro,2,4.5,0
ORD106641,1881.29,Home,22.3,COD,6,0,539,Metro,2,4.0,0
ORD106642,808.22,Home,14.1,Prepaid,3,0,328,Tier2,6,3.0,1
ORD106643,1356.9,Home,20.4,COD,2,0,306,Metro,5,3.6,0
ORD106644,838.2,Groceries,13.5,Prepaid,4,0,193,Tier3,8,3.6,0
ORD106645,1619.24,Beauty,7.4,COD,5,0,411,Tier2,5,4.2,1
ORD106646,883.93,Beauty,21.9,COD,5,0,191,Tier3,7,3.3,0
ORD106647,449.69,Electronics,42.9,COD,3,0,31,Tier2,8,4.4,1
ORD106648,1349.56,Electronics,4.0,COD,2,0,490,Tier2,3,3.8,1
ORD106649,5477.75,Apparel,21.4,Prepaid,3,0,57,Tier2,7,4.3,0
ORD106650,1013.02,Footwear,14.4,COD,2,1,216,Tier3,9,3.6,1
ORD106651,1458.66,Electronics,34.7,Prepaid,4,1,14,Tier2,9,4.6,1
ORD106652,1917.26,Electronics,41.3,Prepaid,3,0,125,Tier3,2,3.7,0
ORD106653,6308.82,Home,29.5,Prepaid,2,0,164,Metro,6,3.9,0
ORD106654,515.23,Electronics,38.7,COD,3,0,469,Tier3,2,3.9,0
ORD106655,891.24,Footwear,12.7,COD,4,0,153,Tier3,3,4.3,1
ORD106656,1181.69,Books,20.2,COD,5,1,213,Metro,1,4.3,0
ORD106657,1532.33,Apparel,33.4,COD,3,0,165,Tier2,1,4.2,1
ORD106658,873.4,Groceries,21.4,Prepaid,5,2,130,Metro,7,3.4,0
ORD106659,369.69,Footwear,12.3,Prepaid,6,0,217,Metro,9,3.5,1
ORD106660,1976.63,Footwear,16.5,Prepaid,3,0,40,Tier3,9,3.4,1
ORD106661,1676.44,Electronics,27.2,COD,3,0,587,Metro,9,3.7,0
ORD106662,1722.98,Electronics,4.5,Prepaid,2,1,69,Tier3,2,4.3,1
ORD106663,741.86,Home,21.4,Prepaid,4,0,42,Metro,1,3.8,0
ORD106664,2186.11,Beauty,4.2,COD,9,1,8,Metro,1,4.0,0
ORD106665,1467.34,Apparel,9.6,Prepaid,3,0,291,Metro,5,3.6,0
ORD106666,1762.85,Home,6.8,Prepaid,5,0,348,Metro,8,4.2,1
ORD106667,1064.61,Footwear,12.2,Prepaid,3,1,471,Metro,9,5.0,1
ORD106668,2434.36,Beauty,33.2,COD,3,0,17,Tier2,5,4.1,0
ORD106669,1385.05,Home,14.2,COD,1,0,430,Tier2,4,4.1,0
ORD106670,317.35,Electronics,8.8,Prepaid,4,1,28,Tier3,5,4.3,0
ORD106671,1105.29,Books,10.3,Prepaid,1,0,297,Metro,9,4.0,0
ORD106672,311.92,Home,9.1,COD,6,1,1055,Tier2,8,2.8,1
ORD106673,1725.05,Groceries,32.3,Prepaid,7,0,76,Metro,4,3.9,0
ORD106674,824.34,Electronics,4.7,COD,6,1,130,Metro,8,5.0,0
ORD106675,117.44,Beauty,47.0,COD,2,0,249,Metro,1,2.9,0
ORD106676,1343.93,Electronics,23.1,COD,3,0,294,Tier2,1,4.6,0
ORD106677,1513.41,Groceries,13.6,Prepaid,4,1,645,Tier2,9,4.3,0
ORD106678,706.7,Groceries,39.8,COD,2,1,309,Metro,3,3.5,0
ORD106679,1029.11,Electronics,9.0,COD,4,0,145,Tier2,8,3.6,1
ORD106680,1808.11,Electronics,5.0,Prepaid,1,1,304,Tier2,7,3.9,1
ORD106681,1895.93,Books,56.1,Prepaid,4,1,897,Tier3,9,3.3,0
ORD106682,812.74,Footwear,22.9,Prepaid,3,0,37,Tier2,1,4.0,1
ORD106683,852.6,Electronics,26.0,Prepaid,4,0,219,Tier2,3,4.3,1
ORD106684,749.72,Beauty,1.3,COD,6,0,153,Metro,1,3.9,0
ORD106685,715.86,Electronics,15.1,Prepaid,5,2,231,Tier2,2,4.3,0
ORD106686,1348.48,Groceries,9.0,COD,9,0,185,Tier2,5,3.7,1
ORD106687,932.56,Apparel,29.7,COD,4,2,317,Metro,9,3.4,1
ORD106688,1150.81,Groceries,18.9,Prepaid,4,0,284,Metro,7,3.7,0
ORD106689,3741.62,Home,37.7,Prepaid,5,1,790,Metro,2,2.6,1
ORD106690,3652.48,Groceries,38.0,COD,1,1,176,Tier3,5,4.8,0
ORD106691,132.02,Groceries,16.2,COD,9,1,89,Tier2,2,4.0,0
ORD106692,836.62,Apparel,38.9,Prepaid,3,0,17,Tier3,1,4.0,0
ORD106693,1098.65,Beauty,32.6,COD,7,2,54,Metro,3,4.1,0
ORD106694,1028.48,Beauty,14.2,COD,5,0,319,Tier2,5,3.6,0
ORD106695,1371.75,Books,25.2,Prepaid,2,0,279,Metro,4,4.0,0
ORD106696,2770.0,Apparel,20.3,COD,1,0,689,Metro,5,4.2,1
ORD106697,1983.19,Electronics,10.3,COD,0,0,192,Metro,3,3.2,1
ORD106698,1021.75,Electronics,13.2,Prepaid,5,1,1322,Metro,1,4.2,0
ORD106699,1742.15,Groceries,20.1,COD,2,0,329,Metro,8,4.5,0
ORD106700,596.19,Electronics,31.4,Prepaid,7,0,241,Metro,3,4.7,1
ORD106701,1645.71,Groceries,10.9,Prepaid,3,0,309,Metro,9,3.5,0
ORD106702,3963.0,Books,15.9,COD,4,1,5,Metro,4,5.0,0
ORD106703,1037.96,Groceries,5.3,COD,4,1,16,Tier3,9,4.1,1
ORD106704,263.98,Groceries,18.9,Prepaid,0,0,682,Metro,9,4.8,0
ORD106705,674.0,Home,7.2,Prepaid,2,0,403,Tier3,4,4.4,0
ORD106706,946.43,Beauty,8.8,COD,4,1,352,Tier2,2,3.3,1
ORD106707,1320.64,Groceries,23.1,Prepaid,3,1,54,Metro,2,4.3,0
ORD106708,2075.37,Books,15.8,Prepaid,4,0,48,Tier3,7,3.9,0
ORD106709,3397.7,Home,33.7,COD,2,1,564,Metro,8,3.0,0
ORD106710,3667.63,Home,18.0,COD,2,0,1884,Metro,5,3.5,1
ORD106711,518.2,Electronics,18.2,Prepaid,1,0,5,Tier3,6,4.0,0
ORD106712,2055.69,Electronics,29.8,COD,5,1,484,Tier3,4,3.5,0
ORD106713,1602.56,Home,15.6,COD,3,0,334,Tier3,3,5.0,1
ORD106714,2403.38,Books,1.5,Prepaid,2,2,22,Metro,5,4.6,1
ORD106715,876.85,Apparel,18.5,COD,5,1,592,Metro,1,3.4,1
ORD106716,1906.18,Home,4.6,COD,4,0,2,Metro,2,3.7,0
ORD106717,552.14,Footwear,12.9,Prepaid,1,0,781,Metro,9,4.3,0
ORD106718,1683.05,Apparel,26.4,Prepaid,6,0,82,Metro,6,4.4,0
ORD106719,634.77,Footwear,2.0,COD,6,2,264,Metro,7,4.3,1
ORD106720,293.83,Beauty,20.6,COD,0,0,32,Tier2,7,5.0,1
ORD106721,2377.56,Footwear,21.0,Prepaid,1,0,151,Metro,2,4.3,0
ORD106722,1455.91,Home,24.0,Prepaid,5,0,980,Tier3,7,3.9,0
ORD106723,1502.7,Books,10.4,COD,7,0,691,Tier3,6,3.1,0
ORD106724,1027.85,Home,29.3,COD,6,1,452,Metro,5,3.6,0
ORD106725,2098.85,Groceries,2.9,Prepaid,2,0,134,Tier3,5,4.5,0
ORD106726,1419.78,Groceries,25.3,Prepaid,7,1,249,Metro,2,4.5,0
ORD106727,337.92,Electronics,41.5,Prepaid,6,1,2,Tier2,1,4.1,0
ORD106728,1408.13,Groceries,7.5,COD,4,0,96,Metro,8,4.5,0
ORD106729,4657.01,Home,25.0,Prepaid,4,1,217,Tier3,1,4.5,0
ORD106730,499.02,Footwear,7.9,Prepaid,3,1,634,Metro,6,3.3,0
ORD106731,1222.45,Home,37.1,Prepaid,8,2,576,Tier2,4,5.0,0
ORD106732,944.75,Groceries,17.5,Prepaid,2,0,110,Tier2,4,5.0,0
ORD106733,2579.96,Beauty,1.8,COD,5,0,175,Metro,4,4.5,0
ORD106734,1409.83,Apparel,15.2,COD,5,1,296,Metro,7,4.2,0
ORD106735,3610.34,Electronics,24.5,COD,5,0,33,Metro,5,3.3,0
ORD106736,1026.41,Footwear,25.7,COD,5,0,264,Metro,4,3.5,1
ORD106737,1894.21,Beauty,17.1,Prepaid,7,0,70,Metro,2,3.9,0
ORD106738,872.19,Beauty,12.0,Prepaid,4,0,555,Metro,2,3.6,0
ORD106739,2447.45,Home,10.2,COD,3,0,178,Metro,1,5.0,1
ORD106740,957.77,Electronics,21.0,Prepaid,3,0,154,Tier3,1,3.9,1
ORD106741,1523.04,Books,15.9,COD,3,1,1298,Metro,4,3.9,0
ORD106742,1597.37,Apparel,28.3,COD,4,1,12,Metro,6,3.9,0
ORD106743,2258.82,Books,31.7,COD,8,0,713,Tier3,5,3.9,0
ORD106744,623.04,Groceries,31.6,Prepaid,5,0,28,Metro,1,3.6,0
ORD106745,42.8,Groceries,26.3,Prepaid,3,1,157,Metro,1,4.1,0
ORD106746,3573.31,Apparel,2.2,Prepaid,0,0,448,Tier3,1,3.8,1
ORD106747,2594.25,Footwear,8.6,Prepaid,1,1,92,Metro,7,3.8,0
ORD106748,1904.4,Groceries,14.0,Prepaid,6,0,82,Metro,3,3.2,0
ORD106749,715.19,Electronics,22.9,Prepaid,3,1,603,Tier2,8,3.7,0
ORD106750,2204.13,Home,7.8,Prepaid,1,1,224,Tier2,5,4.4,1
ORD106751,686.68,Electronics,9.4,Prepaid,3,1,160,Tier3,7,3.9,0
ORD106752,1831.26,Beauty,34.0,Prepaid,6,0,111,Metro,2,3.8,1
ORD106753,420.34,Beauty,10.8,Prepaid,3,0,64,Tier2,6,4.4,1
ORD106754,355.05,Electronics,11.5,Prepaid,7,1,78,Metro,9,4.4,0
ORD106755,1331.77,Apparel,20.0,COD,3,1,243,Metro,9,5.0,1
ORD106756,3628.54,Home,30.1,COD,2,1,129,Tier3,4,3.3,0
ORD106757,2600.71,Footwear,14.5,COD,5,0,332,Metro,9,3.3,0
ORD106758,2767.43,Footwear,9.7,Prepaid,3,0,106,Tier2,5,4.4,1
ORD106759,525.46,Footwear,31.0,COD,4,0,967,Metro,1,5.0,1
ORD106760,1209.84,Books,15.8,Prepaid,3,1,43,Metro,2,3.7,0
ORD106761,416.56,Groceries,23.4,Prepaid,1,0,108,Metro,4,3.9,1
ORD106762,626.22,Apparel,4.9,Prepaid,4,0,58,Tier2,3,4.7,1
ORD106763,378.26,Groceries,20.5,Prepaid,8,0,32,Metro,9,4.2,0
ORD106764,1102.3,Books,18.0,Prepaid,4,0,160,Metro,6,4.5,0
ORD106765,1832.7,Home,10.6,Prepaid,2,0,623,Metro,2,3.2,0
ORD106766,1872.39,Electronics,51.2,Prepaid,2,0,125,Metro,9,3.2,0
ORD106767,627.73,Footwear,5.6,Prepaid,7,0,1474,Tier3,8,3.6,1
ORD106768,2164.39,Beauty,27.4,COD,6,1,577,Tier2,1,3.7,1
ORD106769,393.72,Groceries,9.3,COD,2,1,1042,Tier3,6,3.3,1
ORD106770,1084.69,Home,16.3,Prepaid,2,1,857,Tier2,1,4.9,1
ORD106771,1023.49,Footwear,3.9,Prepaid,4,0,145,Tier3,5,5.0,1
ORD106772,582.03,Footwear,25.3,Prepaid,5,0,890,Metro,4,3.8,0
ORD106773,3165.98,Books,23.7,Prepaid,5,1,128,Metro,9,3.3,0
ORD106774,1769.99,Footwear,22.3,COD,4,0,135,Tier3,6,4.3,1
ORD106775,2353.79,Footwear,2.8,Prepaid,4,1,122,Metro,9,3.8,0
ORD106776,608.66,Groceries,12.9,Prepaid,5,0,440,Tier3,2,3.4,0
ORD106777,1049.06,Groceries,9.6,Prepaid,5,2,601,Tier2,7,3.0,1
ORD106778,1546.04,Beauty,54.3,COD,9,0,971,Tier3,6,3.9,1
ORD106779,1770.94,Books,12.5,COD,6,0,346,Tier2,3,4.3,0
ORD106780,1100.03,Electronics,14.7,COD,4,0,280,Metro,3,3.3,1
ORD106781,6148.96,Apparel,6.1,COD,4,0,1396,Metro,4,3.9,1
ORD106782,537.56,Apparel,40.4,Prepaid,4,0,39,Tier2,5,3.6,0
ORD106783,831.17,Apparel,9.8,Prepaid,5,0,175,Metro,5,4.4,0
ORD106784,2343.49,Footwear,27.0,COD,3,2,390,Metro,1,4.0,1
ORD106785,1406.49,Apparel,7.3,COD,3,0,15,Metro,3,4.9,1
ORD106786,1210.27,Groceries,21.1,Prepaid,2,1,1721,Tier3,7,3.3,1
ORD106787,1449.98,Books,18.1,Prepaid,3,2,236,Tier3,9,4.7,1
ORD106788,2997.61,Beauty,29.6,Prepaid,3,1,295,Metro,2,4.6,0
ORD106789,1548.4,Home,19.9,Prepaid,4,1,899,Tier2,5,4.7,0
ORD106790,956.39,Home,21.5,COD,6,0,30,Tier2,5,3.4,0
ORD106791,332.56,Apparel,4.0,Prepaid,5,0,249,Tier2,2,4.7,0
ORD106792,1085.28,Beauty,15.6,Prepaid,5,1,35,Metro,6,3.7,0
ORD106793,878.64,Groceries,21.8,COD,3,1,324,Metro,1,3.4,0
ORD106794,674.19,Footwear,5.0,Prepaid,2,0,161,Tier2,5,3.6,1
ORD106795,718.4,Groceries,8.9,COD,6,1,283,Tier2,7,3.4,1
ORD106796,837.44,Books,16.9,COD,5,0,892,Metro,5,3.4,0
ORD106797,3040.23,Apparel,16.6,Prepaid,2,0,35,Tier2,2,2.8,0
ORD106798,702.99,Beauty,2.9,COD,6,1,119,Tier2,9,4.6,0
ORD106799,3509.3,Electronics,7.5,COD,4,0,231,Metro,7,3.5,0
ORD106800,752.81,Electronics,19.1,Prepaid,4,2,394,Metro,1,3.8,1
ORD106801,1585.21,Books,9.9,Prepaid,5,2,82,Tier2,6,3.3,1
ORD106802,1117.09,Books,32.8,COD,4,0,745,Tier3,3,4.1,0
ORD106803,673.0,Books,23.6,COD,4,0,159,Tier2,6,4.4,0
ORD106804,361.07,Electronics,35.9,Prepaid,3,0,126,Metro,5,3.6,0
ORD106805,1510.5,Beauty,6.3,Prepaid,2,2,382,Tier3,6,3.0,0
ORD106806,1455.73,Footwear,18.1,COD,3,0,63,Metro,7,4.0,0
ORD106807,1660.75,Home,34.0,COD,1,0,323,Tier2,3,3.7,0
ORD106808,1102.48,Apparel,17.4,Prepaid,3,1,232,Tier2,2,3.2,0
ORD106809,1086.07,Groceries,11.7,Prepaid,5,0,500,Tier3,7,4.4,0
ORD106810,1920.43,Footwear,17.6,Prepaid,4,3,210,Metro,3,3.6,1
ORD106811,295.58,Books,25.1,COD,6,0,25,Tier3,6,3.8,0
ORD106812,2403.38,Beauty,13.8,Prepaid,1,0,594,Tier3,3,3.3,1
ORD106813,3533.06,Books,42.3,Prepaid,7,0,43,Metro,3,3.8,0
ORD106814,2247.59,Apparel,26.5,COD,4,2,267,Metro,5,4.1,0
ORD106815,2801.0,Groceries,21.1,Prepaid,5,1,171,Metro,5,4.0,0
ORD106816,1199.45,Books,13.7,COD,5,0,315,Metro,1,3.8,0
ORD106817,411.27,Groceries,21.5,Prepaid,3,1,187,Tier2,5,4.1,0
ORD106818,2475.56,Beauty,5.6,COD,10,2,47,Metro,4,4.5,0
ORD106819,977.62,Electronics,20.5,COD,4,1,165,Tier3,3,4.8,1
ORD106820,2314.07,Home,41.6,Prepaid,5,1,422,Tier3,9,3.5,1
ORD106821,2013.08,Home,17.4,Prepaid,7,0,1121,Tier3,7,3.7,0
ORD106822,867.56,Books,10.5,Prepaid,7,0,2,Tier2,8,4.5,0
ORD106823,1499.9,Footwear,13.1,Prepaid,5,1,92,Metro,5,4.8,0
ORD106824,892.42,Electronics,7.1,COD,9,1,1385,Metro,6,4.0,0
ORD106825,588.94,Electronics,14.5,COD,3,2,204,Metro,8,3.9,1
ORD106826,731.79,Footwear,36.6,COD,3,1,54,Metro,4,3.3,1
ORD106827,557.78,Beauty,34.7,Prepaid,2,2,605,Tier3,3,3.7,0
ORD106828,1109.79,Footwear,9.3,COD,5,0,102,Tier2,9,4.1,0
ORD106829,1845.54,Footwear,40.2,Prepaid,4,2,335,Tier3,5,3.7,1
ORD106830,1565.51,Electronics,7.7,COD,3,0,19,Metro,1,4.0,1
ORD106831,841.29,Electronics,16.3,COD,3,0,34,Metro,9,4.5,0
ORD106832,1541.81,Electronics,21.6,COD,3,0,564,Metro,3,4.6,0
ORD106833,1184.65,Home,5.1,COD,4,1,650,Metro,8,4.0,0
ORD106834,2798.21,Electronics,1.2,Prepaid,5,0,411,Metro,4,4.4,0
ORD106835,1670.9,Home,40.5,COD,6,1,467,Tier3,9,3.6,0
ORD106836,3190.53,Electronics,11.8,COD,5,1,298,Tier3,8,3.5,0
ORD106837,773.77,Beauty,24.6,COD,5,0,413,Tier2,3,4.7,0
ORD106838,787.09,Electronics,41.2,Prepaid,6,0,649,Tier3,1,2.6,0
ORD106839,2130.94,Electronics,7.0,Prepaid,4,0,951,Tier2,3,3.3,0
ORD106840,566.37,Beauty,24.4,Prepaid,2,2,333,Metro,9,4.0,0
ORD106841,5191.41,Footwear,21.7,Prepaid,8,0,223,Metro,3,3.2,0
ORD106842,2117.31,Home,22.8,COD,3,1,2,Tier2,9,4.2,0
ORD106843,6691.96,Apparel,8.3,Prepaid,3,0,457,Metro,4,4.3,1
ORD106844,888.36,Electronics,23.5,COD,8,0,137,Tier2,9,4.0,1
ORD106845,1171.02,Books,15.1,Prepaid,3,0,704,Tier2,3,4.1,0
ORD106846,794.07,Beauty,26.3,Prepaid,3,0,346,Metro,6,4.1,0
ORD106847,2182.47,Electronics,32.9,Prepaid,6,0,161,Tier3,2,4.1,1
ORD106848,1566.08,Home,37.2,Prepaid,4,0,210,Tier2,9,3.6,0
ORD106849,863.97,Apparel,26.3,Prepaid,6,1,519,Metro,2,3.7,0
ORD106850,1242.37,Books,15.0,Prepaid,2,0,709,Tier2,5,4.1,0
ORD106851,1026.64,Footwear,32.5,COD,4,0,210,Tier2,2,4.2,0
ORD106852,505.56,Apparel,16.6,Prepaid,2,0,647,Metro,7,4.4,0
ORD106853,1027.65,Books,17.0,COD,2,1,205,Metro,1,3.4,0
ORD106854,2061.76,Electronics,14.1,Prepaid,1,1,589,Tier2,5,4.6,1
ORD106855,1215.64,Apparel,48.8,COD,0,0,899,Metro,5,4.4,1
ORD106856,1967.91,Apparel,3.1,Prepaid,5,0,161,Tier2,4,4.5,1
ORD106857,1279.7,Footwear,16.0,Prepaid,3,0,387,Metro,4,4.2,0
ORD106858,2379.37,Electronics,4.5,Prepaid,5,0,244,Tier3,1,4.2,0
ORD106859,2720.25,Apparel,31.3,Prepaid,1,0,314,Metro,4,4.9,0
ORD106860,2305.56,Electronics,25.7,COD,3,1,264,Metro,7,4.3,0
ORD106861,392.16,Books,6.0,Prepaid,4,0,258,Metro,8,3.3,0
ORD106862,1449.68,Apparel,24.6,Prepaid,3,2,482,Tier2,8,3.9,1
ORD106863,4296.14,Home,14.8,Prepaid,2,0,115,Tier2,9,3.4,0
ORD106864,2037.03,Groceries,13.7,COD,6,0,78,Tier3,6,4.5,0
ORD106865,536.64,Apparel,22.4,Prepaid,5,1,211,Tier3,3,4.5,0
ORD106866,1013.46,Beauty,4.8,COD,6,1,146,Tier2,3,4.0,0
ORD106867,815.27,Books,29.2,COD,2,0,29,Tier3,8,5.0,0
ORD106868,146.3,Groceries,10.4,Prepaid,2,0,269,Tier2,3,4.6,0
ORD106869,323.88,Beauty,22.2,COD,6,1,260,Metro,2,4.5,1
ORD106870,3631.82,Electronics,9.6,Prepaid,5,0,743,Metro,4,2.9,0
ORD106871,3749.04,Footwear,1.4,COD,8,1,385,Metro,7,4.8,1
ORD106872,1040.18,Groceries,26.6,Prepaid,4,0,62,Tier2,7,4.4,0
ORD106873,1883.21,Electronics,44.1,COD,6,1,74,Metro,1,4.0,0
ORD106874,651.93,Groceries,14.6,Prepaid,3,1,231,Tier2,7,4.5,1
ORD106875,761.58,Home,15.9,COD,4,0,710,Metro,7,2.6,1
ORD106876,3859.13,Footwear,25.2,COD,2,0,245,Tier3,6,4.3,1
ORD106877,2606.02,Groceries,23.3,Prepaid,5,2,288,Tier2,4,3.7,0
ORD106878,1032.59,Beauty,18.8,Prepaid,4,0,1760,Metro,9,4.4,1
ORD106879,923.66,Beauty,31.9,Prepaid,3,0,395,Tier2,5,4.3,0
ORD106880,1010.7,Groceries,13.9,COD,4,1,291,Metro,3,4.0,0
ORD106881,1473.48,Groceries,11.7,Prepaid,6,1,256,Metro,6,3.6,0
ORD106882,1129.61,Home,15.5,Prepaid,2,0,332,Metro,3,3.1,0
ORD106883,1844.91,Footwear,45.2,Prepaid,1,0,219,Metro,3,3.7,0
ORD106884,2011.46,Beauty,24.8,Prepaid,5,0,34,Metro,3,4.0,0
ORD106885,500.12,Books,37.7,Prepaid,6,0,56,Tier3,5,3.8,0
ORD106886,1145.46,Groceries,9.6,COD,6,1,364,Metro,5,4.6,0
ORD106887,1283.44,Books,18.9,COD,6,2,194,Tier2,6,5.0,0
ORD106888,705.93,Books,25.1,COD,0,0,1026,Tier3,8,4.3,0
ORD106889,3717.32,Groceries,17.9,COD,4,1,163,Tier3,5,2.7,0
ORD106890,131.87,Home,16.7,Prepaid,7,0,138,Tier3,2,4.9,0
ORD106891,2632.82,Beauty,20.6,Prepaid,4,1,97,Metro,8,3.5,1
ORD106892,1828.63,Books,14.9,Prepaid,4,1,43,Tier2,7,4.1,0
ORD106893,1707.02,Apparel,7.2,Prepaid,6,0,128,Metro,9,4.2,0
ORD106894,748.31,Books,22.4,Prepaid,5,0,178,Tier2,5,3.9,0
ORD106895,1843.4,Apparel,28.9,COD,7,1,324,Metro,2,4.1,1
ORD106896,33.15,Beauty,14.0,COD,4,0,472,Metro,3,3.5,0
ORD106897,2242.46,Apparel,22.3,COD,2,1,45,Metro,8,5.0,0
ORD106898,396.9,Electronics,14.2,Prepaid,4,0,121,Metro,2,3.5,0
ORD106899,968.31,Apparel,3.1,COD,4,1,126,Tier2,3,4.4,0
ORD106900,2018.97,Footwear,28.7,COD,1,0,71,Metro,8,4.3,1
ORD106901,4773.07,Beauty,8.1,COD,4,0,40,Metro,1,4.2,0
ORD106902,3488.47,Beauty,11.5,COD,2,0,133,Metro,5,4.5,1
ORD106903,1218.88,Apparel,36.5,Prepaid,3,1,265,Metro,8,4.1,1
ORD106904,3402.76,Books,34.1,Prepaid,2,0,89,Tier2,8,4.5,0
ORD106905,2180.58,Groceries,2.7,COD,4,1,387,Metro,8,4.4,1
ORD106906,783.92,Electronics,24.7,COD,5,0,573,Tier2,3,4.0,0
ORD106907,3006.37,Home,12.6,Prepaid,5,0,319,Tier2,5,4.3,0
ORD106908,1327.03,Apparel,5.8,COD,1,0,127,Metro,9,2.7,0
ORD106909,1590.69,Electronics,31.4,COD,8,0,289,Tier2,8,3.4,1
ORD106910,1839.17,Books,10.3,Prepaid,4,1,140,Metro,3,3.8,0
ORD106911,978.99,Electronics,17.5,Prepaid,4,0,38,Tier2,1,4.3,0
ORD106912,906.12,Footwear,18.6,COD,5,0,313,Metro,4,4.1,0
ORD106913,380.03,Home,35.5,COD,5,0,292,Tier2,9,4.5,1
ORD106914,708.7,Apparel,5.6,COD,7,0,405,Metro,1,3.9,1
ORD106915,987.57,Books,12.9,COD,2,1,224,Tier3,2,3.3,1
ORD106916,1184.11,Home,37.1,Prepaid,2,1,289,Metro,3,4.4,0
ORD106917,3691.49,Books,13.2,COD,1,0,438,Tier2,8,2.9,1
ORD106918,2617.34,Home,40.2,Prepaid,3,3,254,Tier3,2,4.7,1
ORD106919,3048.94,Groceries,21.7,Prepaid,3,1,124,Metro,8,3.4,0
ORD106920,624.77,Books,25.8,Prepaid,4,0,851,Metro,7,3.8,0
ORD106921,888.05,Apparel,10.3,Prepaid,7,0,174,Metro,4,2.8,0
ORD106922,920.24,Home,16.4,COD,4,2,102,Metro,2,4.7,0
ORD106923,1418.26,Groceries,14.6,COD,5,1,186,Tier2,2,3.2,0
ORD106924,3682.25,Groceries,10.5,COD,5,0,60,Metro,9,3.5,0
ORD106925,436.2,Electronics,21.9,COD,4,1,437,Tier2,2,5.0,0
ORD106926,1440.93,Books,14.8,COD,9,0,276,Tier2,5,5.0,0
ORD106927,1019.0,Footwear,6.9,Prepaid,2,2,55,Metro,3,4.4,1
ORD106928,577.26,Footwear,19.3,COD,1,0,71,Metro,9,2.5,1
ORD106929,1106.87,Books,45.7,COD,4,1,419,Tier2,6,4.5,0
ORD106930,2178.47,Books,14.1,Prepaid,3,0,140,Tier2,6,4.7,0
ORD106931,1097.0,Apparel,20.7,Prepaid,5,1,362,Metro,3,4.1,1
ORD106932,3766.77,Electronics,8.4,Prepaid,4,0,33,Metro,8,4.1,0
ORD106933,789.55,Books,34.2,COD,5,0,870,Metro,5,5.0,1
ORD106934,2941.76,Books,13.1,Prepaid,3,0,114,Metro,2,3.8,0
ORD106935,605.66,Apparel,13.0,Prepaid,4,0,32,Tier3,1,4.5,1
ORD106936,3052.57,Electronics,25.5,COD,1,1,578,Tier3,4,4.3,1
ORD106937,327.0,Groceries,26.9,Prepaid,6,1,241,Tier2,9,3.5,0
ORD106938,1033.58,Footwear,38.8,COD,4,0,414,Tier2,7,4.1,0
ORD106939,950.89,Groceries,7.7,Prepaid,2,0,153,Tier2,7,5.0,0
ORD106940,439.95,Books,12.2,Prepaid,5,1,133,Tier3,5,3.6,0
ORD106941,878.67,Groceries,8.0,Prepaid,2,0,514,Metro,8,3.8,0
ORD106942,1871.4,Electronics,1.8,COD,4,2,346,Tier3,5,4.5,0
ORD106943,286.51,Electronics,17.5,COD,5,0,330,Metro,5,4.1,0
ORD106944,626.1,Books,4.6,COD,5,0,414,Metro,3,3.6,0
ORD106945,1616.81,Footwear,17.4,COD,7,1,316,Tier2,8,3.9,1
ORD106946,891.22,Home,12.3,COD,2,1,1326,Tier2,8,4.1,1
ORD106947,200.14,Electronics,10.8,Prepaid,3,0,67,Metro,2,3.6,0
ORD106948,3517.39,Beauty,12.8,COD,3,0,363,Metro,8,3.8,0
ORD106949,394.87,Electronics,26.3,Prepaid,5,0,355,Tier3,2,4.7,0
ORD106950,565.23,Footwear,12.4,COD,7,1,4,Tier3,7,4.5,0
ORD106951,1212.88,Electronics,20.7,COD,1,1,663,Tier2,3,4.0,1
ORD106952,3682.04,Books,27.0,Prepaid,4,0,165,Metro,7,4.8,0
ORD106953,3127.16,Groceries,16.9,Prepaid,3,2,124,Metro,6,4.5,0
ORD106954,615.55,Groceries,18.2,Prepaid,4,0,563,Tier2,2,3.5,0
ORD106955,2748.52,Apparel,9.9,Prepaid,3,2,1,Metro,3,2.9,1
ORD106956,584.26,Electronics,8.2,COD,3,0,83,Metro,9,3.8,0
ORD106957,1889.74,Apparel,33.0,Prepaid,2,1,168,Tier2,8,5.0,0
ORD106958,1011.85,Books,4.2,COD,4,1,10,Metro,8,3.8,1
ORD106959,2942.13,Books,18.2,Prepaid,4,0,115,Metro,1,4.7,0
ORD106960,919.76,Apparel,27.9,COD,6,0,87,Tier2,2,3.5,1
ORD106961,381.69,Groceries,12.8,COD,5,0,726,Tier2,3,4.2,0
ORD106962,695.75,Apparel,3.6,Prepaid,5,1,880,Metro,7,3.5,1
ORD106963,312.51,Apparel,42.8,COD,3,1,25,Tier2,8,4.3,1
ORD106964,2186.18,Books,28.7,Prepaid,7,1,170,Tier2,8,4.5,0
ORD106965,605.52,Groceries,13.9,Prepaid,4,1,362,Tier2,2,4.3,0
ORD106966,3110.46,Apparel,17.0,COD,3,1,383,Tier3,6,3.6,0
ORD106967,1226.8,Groceries,55.5,COD,5,1,96,Metro,1,4.1,0
ORD106968,1360.43,Footwear,13.6,COD,4,1,83,Metro,4,4.3,0
ORD106969,1808.66,Electronics,17.3,Prepaid,1,0,269,Metro,5,4.6,0
ORD106970,3520.88,Apparel,32.8,COD,3,0,1405,Tier2,1,4.1,0
ORD106971,1865.38,Electronics,17.2,Prepaid,5,1,475,Tier3,5,3.8,0
ORD106972,4742.58,Electronics,9.0,Prepaid,4,3,151,Metro,2,4.2,1
ORD106973,3982.41,Footwear,19.0,Prepaid,4,0,599,Tier3,4,4.8,0
ORD106974,1463.63,Books,21.9,COD,1,1,711,Tier2,9,4.4,1
ORD106975,1443.94,Books,15.6,COD,5,1,766,Metro,8,4.8,1
ORD106976,3182.19,Apparel,18.3,COD,5,0,66,Metro,8,3.5,1
ORD106977,890.14,Beauty,38.7,COD,5,0,168,Metro,3,3.0,0
ORD106978,3059.1,Apparel,9.8,Prepaid,5,0,1,Tier2,5,3.2,0
ORD106979,1662.47,Books,21.1,Prepaid,5,1,138,Tier2,5,4.4,0
ORD106980,3506.71,Beauty,23.1,Prepaid,5,2,401,Metro,2,4.2,0
ORD106981,1449.89,Electronics,15.1,COD,4,0,1174,Tier2,7,4.0,0
ORD106982,774.61,Apparel,21.7,Prepaid,2,0,11,Tier2,7,3.1,1
ORD106983,1852.36,Groceries,20.9,Prepaid,4,0,360,Tier2,8,4.6,0
ORD106984,701.79,Groceries,16.6,COD,6,1,77,Metro,9,3.6,1
ORD106985,916.7,Apparel,8.2,Prepaid,6,0,9,Tier2,8,3.7,1
ORD106986,2035.19,Electronics,9.8,Prepaid,5,0,1355,Metro,2,3.4,0
ORD106987,676.25,Apparel,7.6,COD,3,0,574,Tier3,5,4.5,1
ORD106988,617.74,Apparel,29.4,COD,4,0,559,Metro,8,3.0,1
ORD106989,153.58,Footwear,12.3,Prepaid,3,1,47,Metro,1,4.7,0
ORD106990,775.55,Electronics,17.7,COD,3,0,219,Tier2,1,2.7,0
ORD106991,1183.02,Books,7.1,Prepaid,4,0,381,Tier2,7,3.1,1
ORD106992,1006.23,Books,24.3,COD,3,1,242,Tier2,9,4.1,0
ORD106993,1546.49,Home,19.5,Prepaid,5,1,447,Tier2,1,3.7,0
ORD106994,1122.45,Electronics,31.7,Prepaid,1,0,867,Metro,6,4.6,0
ORD106995,781.06,Books,48.7,COD,4,0,18,Metro,2,3.9,1
ORD106996,578.04,Beauty,23.7,COD,2,0,103,Metro,8,3.2,0
ORD106997,1529.64,Apparel,10.7,COD,8,0,170,Metro,2,4.4,1
ORD106998,1322.19,Beauty,42.8,Prepaid,5,0,254,Metro,5,3.6,0
ORD106999,1284.33,Apparel,24.9,Prepaid,4,0,73,Tier3,7,3.4,1
ORD107000,2097.76,Home,4.0,COD,5,2,50,Metro,1,4.1,0
ORD107001,69.99,Home,12.0,Prepaid,4,0,154,Tier2,4,3.9,1
ORD107002,3193.97,Groceries,21.4,Prepaid,2,0,125,Tier2,7,3.3,0
ORD107003,4123.68,Apparel,29.7,COD,1,1,125,Tier2,2,3.8,1
ORD107004,1286.88,Apparel,11.4,COD,7,1,813,Metro,7,3.8,1
ORD107005,1930.16,Beauty,16.5,Prepaid,2,1,277,Metro,6,4.0,0
ORD107006,1958.35,Footwear,26.9,Prepaid,2,2,213,Tier2,8,4.3,1
ORD107007,2231.7,Home,14.0,Prepaid,0,0,38,Tier3,5,3.4,0
ORD107008,781.92,Footwear,5.5,Prepaid,8,0,151,Metro,7,4.3,1
ORD107009,1533.52,Apparel,25.1,COD,2,0,198,Metro,3,4.5,1
ORD107010,1120.4,Groceries,14.3,COD,5,1,572,Metro,4,3.6,0
ORD107011,289.29,Apparel,22.2,COD,6,1,970,Tier3,6,3.6,1
ORD107012,782.69,Beauty,17.7,Prepaid,5,0,27,Tier2,9,4.4,0
ORD107013,3952.81,Home,25.4,Prepaid,5,2,145,Tier3,1,3.3,0
ORD107014,1141.34,Home,6.2,Prepaid,5,1,57,Tier2,7,4.1,0
ORD107015,761.56,Groceries,19.1,Prepaid,2,0,629,Metro,9,3.4,0
ORD107016,846.42,Home,16.1,COD,4,0,502,Metro,6,2.7,0
ORD107017,2088.46,Beauty,5.4,Prepaid,2,1,450,Tier3,8,4.0,1
ORD107018,409.05,Electronics,4.4,COD,6,0,57,Metro,6,4.8,0
ORD107019,2678.71,Home,11.6,COD,7,1,59,Metro,5,4.5,0
ORD107020,4442.69,Books,6.3,COD,9,0,378,Metro,9,3.3,0
ORD107021,434.1,Books,20.1,Prepaid,5,0,691,Tier2,7,4.3,0
ORD107022,2769.78,Groceries,41.2,COD,4,0,389,Metro,5,3.5,1
ORD107023,378.11,Books,25.8,Prepaid,4,0,757,Tier3,9,3.6,0
ORD107024,2381.19,Home,4.3,Prepaid,3,1,678,Tier3,7,4.4,0
ORD107025,5309.12,Electronics,5.6,Prepaid,0,0,76,Tier2,1,4.6,0
ORD107026,1715.67,Apparel,38.1,Prepaid,6,0,403,Metro,1,3.2,0
ORD107027,1193.57,Home,30.5,Prepaid,5,0,113,Tier2,9,3.6,1
ORD107028,796.64,Books,42.3,Prepaid,3,1,146,Metro,7,4.0,0
ORD107029,556.52,Groceries,10.9,COD,6,0,337,Metro,7,4.5,0
ORD107030,739.68,Electronics,24.4,Prepaid,3,1,608,Metro,9,4.9,0
ORD107031,1784.51,Apparel,14.8,Prepaid,4,1,243,Tier2,5,4.2,0
ORD107032,2744.58,Groceries,9.6,Prepaid,3,0,13,Tier3,8,4.0,0
ORD107033,868.81,Groceries,23.7,COD,8,0,633,Metro,8,4.3,0
ORD107034,1924.52,Beauty,10.4,COD,2,1,369,Tier2,6,3.7,0
ORD107035,672.57,Electronics,19.3,COD,2,2,108,Metro,8,4.1,1
ORD107036,894.17,Electronics,12.8,Prepaid,6,1,263,Tier3,7,3.9,0
ORD107037,2029.48,Home,20.6,COD,4,0,95,Tier2,1,3.5,0
ORD107038,1663.05,Electronics,31.0,COD,3,0,208,Metro,4,3.9,0
ORD107039,42.53,Electronics,19.8,Prepaid,4,4,597,Metro,3,3.6,1
ORD107040,1603.78,Beauty,10.5,Prepaid,4,0,529,Tier3,6,5.0,1
ORD107041,2261.68,Apparel,21.9,COD,4,0,126,Metro,7,2.8,1
ORD107042,465.45,Electronics,39.9,Prepaid,3,0,218,Tier3,7,4.5,0
ORD107043,585.51,Books,5.0,Prepaid,3,0,132,Tier2,5,4.6,0
ORD107044,1199.12,Books,31.6,Prepaid,5,1,193,Metro,7,4.6,0
ORD107045,852.21,Footwear,14.6,COD,6,0,317,Metro,6,4.2,1
ORD107046,401.94,Apparel,22.9,COD,6,1,21,Tier2,9,4.0,0
ORD107047,1055.14,Footwear,21.2,Prepaid,4,2,80,Metro,1,4.0,1
ORD107048,470.38,Groceries,13.6,Prepaid,4,0,202,Metro,3,2.5,0
ORD107049,1665.09,Footwear,21.7,COD,3,0,151,Tier2,2,4.7,1
ORD107050,1357.08,Electronics,11.9,Prepaid,2,1,584,Tier2,9,3.4,0
ORD107051,630.29,Apparel,7.1,Prepaid,5,2,202,Tier3,4,3.8,1
ORD107052,1472.24,Apparel,10.7,Prepaid,3,3,110,Metro,5,4.6,0
ORD107053,1696.04,Beauty,10.6,COD,6,2,125,Metro,8,4.0,0
ORD107054,2456.57,Apparel,44.8,COD,2,0,32,Metro,5,3.9,0
ORD107055,821.4,Home,28.5,COD,5,0,390,Metro,7,4.1,1
ORD107056,972.95,Electronics,30.0,COD,7,1,69,Metro,3,4.2,1
ORD107057,1019.33,Footwear,46.9,Prepaid,2,0,9,Metro,3,4.5,0
ORD107058,147.49,Books,14.5,Prepaid,5,0,148,Tier2,7,4.3,0
ORD107059,4430.63,Books,24.8,COD,6,1,50,Metro,8,3.7,0
ORD107060,910.41,Books,3.4,COD,6,0,338,Tier3,5,3.6,0
ORD107061,676.9,Groceries,9.0,Prepaid,4,3,502,Metro,7,3.3,0
ORD107062,235.68,Footwear,18.4,COD,5,0,225,Tier2,9,4.2,0
ORD107063,3040.29,Footwear,19.0,COD,7,2,23,Tier3,5,3.4,0
ORD107064,1567.54,Electronics,18.1,COD,7,2,575,Tier2,8,4.1,0
ORD107065,799.61,Electronics,28.2,Prepaid,4,0,62,Tier2,6,4.5,0
ORD107066,1490.61,Books,26.8,COD,4,2,369,Metro,1,4.5,0
ORD107067,5165.08,Home,10.6,Prepaid,1,0,170,Metro,8,4.1,0
ORD107068,1208.49,Beauty,22.8,Prepaid,4,0,407,Tier2,7,4.2,0
ORD107069,1009.67,Beauty,29.2,Prepaid,4,0,250,Metro,7,3.4,0
ORD107070,1189.11,Footwear,16.6,Prepaid,8,2,158,Metro,1,4.1,1
ORD107071,4156.25,Groceries,15.1,Prepaid,3,1,257,Tier3,4,4.9,0
ORD107072,3277.12,Beauty,24.3,Prepaid,6,0,926,Tier2,6,4.8,0
ORD107073,622.31,Groceries,36.9,Prepaid,4,0,35,Metro,4,3.3,0
ORD107074,635.41,Groceries,11.9,Prepaid,4,0,63,Tier2,7,4.3,0
ORD107075,1197.56,Home,36.9,COD,6,1,436,Metro,1,3.5,0
ORD107076,954.04,Footwear,19.3,COD,3,0,249,Tier2,8,3.6,0
ORD107077,2909.96,Books,13.4,COD,3,0,24,Metro,9,4.8,0
ORD107078,1306.45,Books,32.1,Prepaid,7,0,204,Metro,4,3.2,0
ORD107079,2193.91,Beauty,41.0,Prepaid,3,2,34,Tier2,9,4.0,0
ORD107080,2160.66,Beauty,22.4,COD,4,0,348,Tier2,2,3.8,0
ORD107081,1002.59,Beauty,10.7,Prepaid,2,0,274,Tier3,5,4.6,0
ORD107082,2472.71,Groceries,17.3,COD,5,1,10,Metro,4,4.5,0
ORD107083,1956.28,Books,28.4,Prepaid,2,0,1300,Metro,7,4.2,0
ORD107084,1212.75,Groceries,30.1,Prepaid,3,0,435,Tier3,8,3.3,0
ORD107085,1107.39,Electronics,11.0,COD,5,1,703,Tier2,2,3.4,0
ORD107086,1405.44,Footwear,20.0,Prepaid,2,1,429,Metro,5,3.8,0
ORD107087,2524.98,Footwear,33.5,Prepaid,7,0,244,Tier2,9,4.6,1
ORD107088,3083.57,Beauty,16.4,COD,3,0,1040,Tier3,1,4.2,1
ORD107089,1933.5,Electronics,28.9,Prepaid,3,0,82,Metro,2,3.9,0
ORD107090,859.91,Beauty,7.0,COD,3,0,282,Tier3,2,3.4,0
ORD107091,629.79,Beauty,11.2,Prepaid,3,0,138,Tier2,4,3.8,0
ORD107092,2885.07,Footwear,28.6,Prepaid,5,0,704,Tier2,8,3.7,0
ORD107093,3749.5,Home,19.4,COD,3,3,155,Tier2,4,4.2,1
ORD107094,1105.77,Electronics,26.8,Prepaid,6,0,225,Tier3,6,3.5,0
ORD107095,788.12,Electronics,9.8,COD,5,1,294,Tier3,9,4.2,0
ORD107096,1234.59,Apparel,13.6,Prepaid,6,0,557,Tier3,1,4.0,0
ORD107097,1915.14,Books,17.8,COD,1,0,70,Metro,5,4.6,0
ORD107098,1948.04,Books,22.7,Prepaid,2,0,165,Tier3,4,3.6,0
ORD107099,1627.31,Beauty,31.6,Prepaid,4,0,1151,Tier2,3,4.7,0
ORD107100,1404.73,Apparel,32.4,Prepaid,5,2,262,Metro,6,3.1,1
ORD107101,1274.75,Apparel,17.0,COD,5,0,90,Tier2,6,4.0,0
ORD107102,1213.52,Beauty,7.2,Prepaid,2,0,21,Tier2,6,3.6,1
ORD107103,1911.19,Electronics,9.2,Prepaid,5,0,436,Metro,2,4.3,0
ORD107104,304.41,Electronics,12.2,COD,7,1,257,Tier3,8,3.7,1
ORD107105,552.74,Books,16.7,Prepaid,10,1,122,Tier2,2,4.1,0
ORD107106,794.13,Home,9.7,Prepaid,5,0,5,Tier2,5,3.5,0
ORD107107,522.88,Beauty,13.9,COD,2,0,103,Tier2,6,4.5,0
ORD107108,1579.12,Home,7.4,COD,6,1,25,Tier2,6,3.8,1
ORD107109,3364.55,Groceries,20.8,COD,3,2,90,Metro,2,3.9,0
ORD107110,2214.17,Beauty,10.6,COD,4,3,26,Tier3,9,4.4,0
ORD107111,1803.12,Books,27.5,Prepaid,3,0,1157,Tier2,2,4.5,0
ORD107112,2422.09,Books,27.6,COD,5,0,685,Tier2,4,4.4,0
ORD107113,769.95,Books,34.8,COD,8,0,114,Tier3,8,5.0,1
ORD107114,822.15,Apparel,24.6,COD,3,1,753,Metro,8,3.6,0
ORD107115,2324.75,Apparel,5.6,COD,2,0,203,Tier2,1,4.1,1
ORD107116,295.88,Electronics,34.1,Prepaid,4,0,40,Tier2,7,3.9,0
ORD107117,3865.23,Footwear,5.3,Prepaid,5,2,54,Tier2,9,3.9,1
ORD107118,724.95,Apparel,15.3,COD,4,1,195,Metro,6,3.6,1
ORD107119,2833.3,Apparel,12.8,COD,5,1,88,Tier2,3,3.6,0
ORD107120,2392.22,Beauty,10.2,Prepaid,5,1,148,Metro,9,3.6,0
ORD107121,63.06,Beauty,7.5,Prepaid,4,1,166,Metro,4,4.5,0
ORD107122,965.86,Books,8.7,Prepaid,3,0,107,Metro,1,4.2,0
ORD107123,2420.33,Electronics,11.0,COD,7,1,1236,Tier2,1,4.0,1
ORD107124,455.56,Apparel,19.5,Prepaid,6,0,947,Metro,2,3.5,0
ORD107125,1638.66,Electronics,8.1,COD,2,2,253,Tier2,5,3.7,0
ORD107126,4929.02,Books,27.7,Prepaid,3,1,37,Tier2,8,4.2,0
ORD107127,1734.16,Apparel,22.8,COD,3,0,277,Tier2,8,5.0,1
ORD107128,4215.69,Footwear,24.2,Prepaid,6,0,86,Metro,9,4.6,0
ORD107129,863.5,Electronics,23.5,Prepaid,3,1,538,Tier2,7,4.7,0
ORD107130,1237.53,Footwear,12.0,Prepaid,4,0,459,Tier2,3,3.8,0
ORD107131,1862.39,Beauty,20.7,Prepaid,5,3,103,Tier3,5,4.4,0
ORD107132,336.37,Beauty,11.2,COD,5,1,21,Tier2,7,4.6,1
ORD107133,899.19,Footwear,28.6,Prepaid,2,0,172,Metro,9,4.8,1
ORD107134,4192.46,Footwear,47.3,Prepaid,4,1,237,Tier3,5,3.7,1
ORD107135,939.65,Books,27.4,COD,2,0,199,Metro,3,4.4,0
ORD107136,756.76,Books,41.4,Prepaid,2,1,395,Metro,3,4.1,1
ORD107137,1810.36,Groceries,23.8,COD,1,0,96,Tier3,6,3.2,0
ORD107138,1513.4,Apparel,6.7,Prepaid,2,2,144,Tier3,1,4.2,1
ORD107139,478.36,Beauty,34.1,COD,0,0,217,Metro,5,3.8,1
ORD107140,1381.66,Home,20.0,Prepaid,8,0,989,Metro,1,4.1,0
ORD107141,1635.22,Apparel,16.5,COD,3,1,219,Tier3,3,4.4,0
ORD107142,904.47,Groceries,11.0,COD,3,2,28,Metro,2,4.2,0
ORD107143,1147.45,Books,18.1,COD,4,2,121,Metro,3,4.2,0
ORD107144,1125.24,Beauty,12.4,COD,4,1,187,Metro,7,4.1,1
ORD107145,664.05,Beauty,21.4,Prepaid,6,0,338,Metro,1,4.6,0
ORD107146,1567.66,Beauty,10.8,COD,6,1,146,Metro,6,4.4,0
ORD107147,1224.27,Beauty,9.7,COD,3,0,347,Metro,6,4.2,1
ORD107148,676.77,Home,19.1,COD,3,1,276,Metro,6,4.4,1
ORD107149,1863.83,Home,15.7,Prepaid,2,0,582,Tier2,6,5.0,0
ORD107150,819.69,Beauty,29.8,COD,4,0,586,Metro,3,4.0,1
ORD107151,1602.86,Groceries,4.4,COD,1,1,410,Metro,3,5.0,1
ORD107152,1467.73,Home,32.9,Prepaid,3,3,306,Metro,9,4.6,0
ORD107153,1553.18,Footwear,59.0,Prepaid,1,0,142,Metro,1,4.7,0
ORD107154,358.25,Books,21.7,COD,5,0,205,Metro,6,4.5,0
ORD107155,1644.44,Electronics,16.4,COD,6,1,1123,Tier3,2,4.0,0
ORD107156,669.6,Books,31.0,COD,5,0,830,Metro,9,4.9,0
ORD107157,2896.65,Apparel,28.2,Prepaid,6,0,11,Metro,1,4.6,1
ORD107158,1281.21,Apparel,12.1,COD,4,1,432,Tier3,8,3.7,1
ORD107159,1643.07,Home,25.2,COD,4,1,77,Tier3,5,3.3,1
ORD107160,1241.38,Footwear,28.0,Prepaid,1,1,51,Tier3,9,3.3,1
ORD107161,3652.38,Electronics,15.7,Prepaid,4,0,15,Tier2,1,4.5,1
ORD107162,1250.37,Home,2.0,Prepaid,3,1,138,Tier2,6,3.6,0
ORD107163,887.4,Groceries,36.4,Prepaid,3,1,33,Metro,4,3.1,0
ORD107164,761.38,Beauty,30.2,Prepaid,9,0,164,Tier3,1,4.5,0
ORD107165,1710.4,Books,26.2,Prepaid,3,2,275,Metro,9,4.2,1
ORD107166,1048.91,Beauty,10.7,Prepaid,5,0,94,Metro,8,4.3,0
ORD107167,1172.15,Beauty,12.2,Prepaid,1,0,516,Metro,5,3.8,0
ORD107168,400.85,Apparel,34.3,Prepaid,5,0,375,Metro,3,4.2,0
ORD107169,1348.44,Beauty,4.2,Prepaid,1,1,120,Metro,9,4.0,1
ORD107170,1677.63,Electronics,10.2,Prepaid,3,0,149,Metro,5,3.9,0
ORD107171,962.21,Footwear,16.3,Prepaid,5,1,167,Tier3,6,3.9,0
ORD107172,274.16,Home,21.2,Prepaid,6,0,585,Tier3,9,4.9,0
ORD107173,2306.69,Footwear,3.8,Prepaid,4,1,140,Metro,4,3.8,0
ORD107174,921.22,Electronics,19.1,COD,6,0,73,Tier3,5,3.1,0
ORD107175,496.96,Apparel,14.0,COD,3,1,260,Metro,7,4.0,0
ORD107176,840.58,Footwear,25.0,Prepaid,3,0,61,Tier2,9,3.7,0
ORD107177,682.35,Electronics,41.4,Prepaid,5,0,7,Metro,7,4.8,1
ORD107178,4602.91,Electronics,40.0,COD,5,0,984,Tier2,2,4.1,0
ORD107179,1180.07,Books,25.1,Prepaid,3,1,372,Metro,3,3.3,0
ORD107180,1393.61,Books,34.2,Prepaid,5,1,120,Tier3,7,3.8,0
ORD107181,1295.29,Apparel,10.2,Prepaid,3,0,450,Metro,5,4.5,1
ORD107182,3274.73,Books,23.5,Prepaid,0,0,239,Metro,1,3.6,0
ORD107183,1180.25,Beauty,19.5,COD,2,0,210,Metro,4,3.9,1
ORD107184,372.31,Home,11.4,COD,9,2,628,Metro,9,4.4,0
ORD107185,809.99,Apparel,6.6,Prepaid,3,1,81,Metro,8,4.3,1
ORD107186,915.55,Beauty,6.9,Prepaid,6,0,349,Metro,1,3.8,0
ORD107187,1043.62,Apparel,8.1,COD,0,0,337,Metro,2,5.0,1
ORD107188,1845.07,Apparel,7.0,COD,2,1,48,Metro,3,3.7,1
ORD107189,716.01,Home,22.6,Prepaid,7,0,20,Tier3,4,4.3,0
ORD107190,841.86,Beauty,23.5,Prepaid,5,2,1024,Tier2,4,4.4,0
ORD107191,1484.71,Beauty,44.0,Prepaid,6,2,94,Tier2,9,4.2,1
ORD107192,1933.76,Books,6.3,COD,5,0,261,Tier3,1,4.3,0
ORD107193,1147.46,Beauty,16.2,COD,4,0,233,Tier3,8,4.4,0
ORD107194,1121.13,Apparel,11.4,COD,5,1,442,Tier2,5,3.5,0
ORD107195,1864.38,Books,3.0,COD,5,1,110,Tier2,8,3.4,0
ORD107196,3213.83,Beauty,25.6,COD,7,1,341,Tier2,5,4.1,0
ORD107197,576.11,Beauty,18.6,Prepaid,7,0,22,Tier3,8,4.8,1
ORD107198,2281.63,Footwear,8.5,Prepaid,4,0,132,Metro,4,3.9,0
ORD107199,1524.66,Footwear,39.6,Prepaid,10,0,199,Tier2,6,4.0,0
ORD107200,780.96,Groceries,12.1,Prepaid,7,0,86,Metro,7,4.5,0
ORD107201,1366.22,Electronics,12.8,COD,7,0,183,Tier3,5,4.0,1
ORD107202,294.42,Beauty,5.0,Prepaid,7,0,221,Tier3,6,5.0,0
ORD107203,1186.03,Electronics,6.9,Prepaid,2,1,149,Metro,1,2.8,0
ORD107204,1103.3,Beauty,25.1,COD,4,1,58,Metro,8,4.0,0
ORD107205,87.43,Electronics,10.8,COD,12,0,738,Tier2,4,3.4,0
ORD107206,1412.77,Beauty,31.5,Prepaid,3,0,130,Metro,4,3.6,0
ORD107207,1114.64,Home,40.2,Prepaid,5,0,50,Metro,2,3.4,0
ORD107208,824.02,Home,16.1,Prepaid,4,0,161,Metro,3,4.0,0
ORD107209,689.97,Books,25.9,Prepaid,4,0,92,Tier3,6,3.5,0
ORD107210,1276.26,Home,8.3,Prepaid,2,0,40,Metro,5,3.9,0
ORD107211,1728.3,Footwear,18.1,Prepaid,5,0,18,Tier3,8,4.4,1
ORD107212,4824.39,Home,7.4,COD,4,1,1259,Metro,9,3.8,1
ORD107213,1826.29,Home,7.4,COD,2,1,9,Metro,7,2.8,1
ORD107214,1000.69,Apparel,19.9,Prepaid,2,1,270,Metro,3,4.1,0
ORD107215,2681.46,Books,48.1,Prepaid,4,1,218,Metro,7,4.4,0
ORD107216,1110.61,Footwear,7.8,COD,6,0,233,Tier2,7,4.4,1
ORD107217,1218.25,Apparel,14.2,COD,4,1,59,Metro,1,4.0,1
ORD107218,430.45,Footwear,13.7,COD,5,1,230,Metro,9,4.0,1
ORD107219,3758.33,Books,2.2,Prepaid,3,0,411,Tier2,5,4.1,0
ORD107220,1530.48,Groceries,17.5,Prepaid,6,0,346,Tier2,4,3.9,0
ORD107221,693.76,Electronics,20.2,COD,7,1,481,Tier2,3,4.3,1
ORD107222,1462.09,Apparel,28.1,COD,5,0,474,Metro,6,4.8,1
ORD107223,2194.92,Home,30.4,COD,5,3,167,Metro,9,4.2,0
ORD107224,2281.43,Electronics,7.9,COD,3,0,136,Tier3,6,3.9,0
ORD107225,5231.4,Home,15.9,COD,3,1,920,Metro,4,4.3,0
ORD107226,3227.74,Home,32.1,COD,0,0,449,Metro,3,4.2,0
ORD107227,4351.2,Apparel,23.4,Prepaid,3,0,389,Metro,4,3.7,0
ORD107228,3365.33,Home,4.2,COD,8,1,94,Tier3,3,3.3,0
ORD107229,1184.03,Home,24.2,Prepaid,3,0,489,Tier2,1,4.8,0
ORD107230,712.83,Home,24.8,Prepaid,5,0,312,Tier2,6,3.5,1
ORD107231,3181.23,Beauty,8.9,COD,0,0,245,Tier3,2,4.3,0
ORD107232,857.33,Apparel,22.2,COD,2,1,27,Metro,4,4.3,1
ORD107233,1159.04,Beauty,21.9,Prepaid,5,1,24,Tier3,3,5.0,0
ORD107234,1008.94,Groceries,10.3,Prepaid,4,0,54,Tier3,5,2.7,0
ORD107235,5545.1,Home,9.0,Prepaid,3,0,632,Tier3,3,4.1,0
ORD107236,1400.04,Electronics,18.6,Prepaid,3,1,768,Tier2,7,4.0,0
ORD107237,164.71,Footwear,26.7,COD,2,0,449,Tier3,9,3.7,1
ORD107238,2295.8,Beauty,16.8,COD,3,0,5,Metro,1,3.8,0
ORD107239,1527.18,Books,21.5,Prepaid,6,0,912,Tier2,8,3.7,0
ORD107240,1319.53,Electronics,6.8,Prepaid,2,0,15,Tier3,1,4.0,0
ORD107241,1067.76,Beauty,28.9,COD,3,1,46,Tier3,4,5.0,1
ORD107242,182.47,Books,5.8,COD,3,0,508,Metro,2,3.0,0
ORD107243,378.08,Home,20.8,Prepaid,3,0,439,Tier3,3,3.2,1
ORD107244,1922.53,Home,22.2,Prepaid,1,1,181,Tier3,6,3.4,1
ORD107245,1420.33,Groceries,12.9,COD,5,0,116,Tier2,6,3.5,0
ORD107246,1717.9,Beauty,12.3,Prepaid,4,0,58,Tier2,5,4.1,0
ORD107247,1510.98,Groceries,16.0,Prepaid,8,0,45,Metro,4,4.3,0
ORD107248,2589.44,Home,38.6,COD,4,1,1267,Tier3,2,5.0,1
ORD107249,1825.39,Electronics,8.6,COD,2,0,690,Metro,2,4.5,0
ORD107250,4096.74,Apparel,17.7,Prepaid,2,1,176,Metro,3,3.9,0
ORD107251,3072.08,Apparel,33.3,COD,6,0,166,Tier3,5,4.2,0
ORD107252,148.05,Beauty,1.4,Prepaid,3,0,313,Tier2,1,3.3,0
ORD107253,1248.66,Groceries,18.4,Prepaid,3,1,205,Tier2,6,3.3,0
ORD107254,3601.48,Groceries,12.3,COD,4,2,70,Metro,5,4.2,1
ORD107255,2428.92,Groceries,23.3,COD,4,2,251,Metro,4,4.0,0
ORD107256,1159.99,Electronics,29.6,COD,4,0,300,Metro,9,3.8,1
ORD107257,5636.89,Beauty,50.2,Prepaid,3,0,560,Tier3,1,5.0,0
ORD107258,830.56,Books,18.7,Prepaid,6,1,750,Tier2,9,4.5,1
ORD107259,2777.69,Groceries,19.5,Prepaid,4,1,253,Metro,5,4.6,0
ORD107260,580.62,Footwear,20.8,COD,3,3,41,Tier2,4,4.6,1
ORD107261,1517.41,Footwear,15.4,Prepaid,3,0,425,Tier2,2,4.5,1
ORD107262,425.76,Apparel,5.5,Prepaid,5,1,332,Metro,7,3.2,0
ORD107263,4904.25,Groceries,11.6,Prepaid,4,2,863,Tier2,2,3.9,0
ORD107264,4752.08,Beauty,29.3,COD,4,0,252,Tier3,6,4.1,0
ORD107265,4480.15,Beauty,26.7,Prepaid,4,1,126,Metro,5,3.8,0
ORD107266,1682.33,Books,8.3,Prepaid,5,0,304,Metro,1,4.2,0
ORD107267,1617.06,Books,17.6,Prepaid,3,3,105,Tier2,3,3.9,0
ORD107268,918.8,Apparel,9.0,Prepaid,5,1,565,Tier3,5,3.1,1
ORD107269,2915.05,Books,10.9,Prepaid,1,0,23,Metro,6,4.3,0
ORD107270,3487.46,Books,28.4,COD,5,0,193,Tier2,2,3.2,1
ORD107271,2900.11,Apparel,4.2,Prepaid,6,0,350,Tier2,5,4.4,1
ORD107272,1836.82,Electronics,20.1,Prepaid,2,1,21,Metro,6,3.2,0
ORD107273,2466.91,Books,26.0,Prepaid,1,1,110,Tier2,3,4.3,1
ORD107274,507.55,Footwear,40.7,COD,6,0,391,Tier2,3,3.3,1
ORD107275,3544.09,Electronics,25.1,Prepaid,5,1,541,Tier2,6,3.6,0
ORD107276,246.6,Groceries,28.2,Prepaid,4,1,254,Metro,9,3.8,0
ORD107277,1319.41,Books,19.9,COD,2,1,124,Tier3,4,4.4,1
ORD107278,2820.67,Electronics,16.7,COD,7,0,85,Tier3,5,4.0,0
ORD107279,1401.63,Home,9.4,COD,4,0,22,Tier2,9,4.7,1
ORD107280,1531.17,Home,21.9,COD,5,1,192,Tier2,3,3.4,0
ORD107281,1885.61,Apparel,10.9,COD,2,0,433,Tier2,3,4.4,0
ORD107282,2081.23,Apparel,3.0,COD,3,0,93,Metro,7,5.0,0
ORD107283,1934.93,Beauty,17.8,Prepaid,3,1,382,Metro,8,3.6,0
ORD107284,1636.58,Groceries,3.8,Prepaid,2,1,87,Metro,3,3.3,0
ORD107285,1765.74,Beauty,13.4,Prepaid,8,1,594,Tier2,1,4.3,0
ORD107286,1347.24,Apparel,9.9,Prepaid,4,0,1682,Tier3,3,3.5,1
ORD107287,2401.94,Books,20.0,Prepaid,7,0,17,Metro,4,3.9,0
ORD107288,1589.43,Books,9.2,COD,7,2,0,Tier2,9,4.1,0
ORD107289,610.73,Electronics,10.9,Prepaid,5,0,344,Metro,9,4.9,0
ORD107290,219.61,Groceries,10.4,COD,5,1,205,Tier3,3,5.0,1
ORD107291,944.4,Apparel,46.2,Prepaid,1,1,204,Metro,8,5.0,0
ORD107292,1542.98,Home,39.6,Prepaid,4,2,429,Metro,4,5.0,1
ORD107293,833.1,Apparel,30.2,COD,5,0,967,Metro,1,3.8,0
ORD107294,4081.46,Apparel,10.7,Prepaid,4,1,206,Tier2,4,4.1,0
ORD107295,2050.45,Books,15.6,Prepaid,2,0,312,Metro,4,4.4,0
ORD107296,120.15,Home,4.5,Prepaid,5,0,426,Metro,9,3.6,1
ORD107297,1836.33,Apparel,41.6,COD,2,2,982,Tier3,7,4.0,1
ORD107298,961.7,Beauty,24.1,COD,4,1,34,Tier2,9,4.9,1
ORD107299,2452.88,Beauty,35.0,COD,4,0,443,Tier2,3,3.9,1
ORD107300,410.08,Groceries,20.3,Prepaid,3,0,289,Metro,4,4.2,0
ORD107301,177.41,Groceries,12.6,Prepaid,9,2,564,Tier3,1,3.5,0
ORD107302,274.61,Groceries,7.0,COD,3,2,69,Tier3,9,4.7,0
ORD107303,398.63,Home,9.5,Prepaid,3,0,182,Metro,5,4.9,0
ORD107304,943.72,Groceries,27.3,Prepaid,5,0,386,Metro,6,4.4,0
ORD107305,2126.2,Books,6.7,Prepaid,2,0,129,Metro,5,4.8,0
ORD107306,994.57,Footwear,5.8,Prepaid,1,1,338,Metro,1,5.0,1
ORD107307,650.49,Books,44.6,COD,2,0,639,Metro,1,4.6,0
ORD107308,1556.22,Books,11.9,Prepaid,7,0,206,Metro,3,3.9,0
ORD107309,1217.69,Footwear,17.4,COD,2,0,107,Tier3,4,4.4,1
ORD107310,862.19,Books,11.8,Prepaid,6,0,564,Metro,6,4.3,0
ORD107311,710.88,Electronics,13.2,COD,4,1,230,Metro,2,3.1,0
ORD107312,2167.74,Groceries,19.5,COD,3,0,255,Metro,9,4.6,0
ORD107313,2267.25,Electronics,26.7,Prepaid,4,0,263,Tier2,2,4.3,0
ORD107314,979.04,Footwear,6.6,COD,4,1,87,Metro,6,5.0,1
ORD107315,2285.11,Home,29.8,COD,3,1,34,Metro,3,4.2,1
ORD107316,1995.82,Home,33.1,Prepaid,3,0,176,Tier2,5,4.4,0
ORD107317,226.39,Footwear,14.5,COD,4,2,293,Metro,6,3.8,1
ORD107318,3548.74,Home,19.6,COD,2,0,56,Tier2,3,3.8,1
ORD107319,331.29,Home,2.4,Prepaid,6,3,684,Metro,8,3.9,1
ORD107320,2663.33,Groceries,33.4,Prepaid,5,2,997,Tier3,3,4.0,0
ORD107321,678.09,Books,10.6,Prepaid,2,1,123,Metro,9,3.8,1
ORD107322,967.41,Groceries,16.3,Prepaid,6,1,31,Metro,3,4.7,0
ORD107323,1432.23,Home,41.3,COD,6,0,93,Tier3,6,2.5,0
ORD107324,442.63,Beauty,31.2,Prepaid,5,0,52,Metro,4,4.2,0
ORD107325,1263.23,Home,27.6,Prepaid,4,0,161,Tier2,3,4.6,0
ORD107326,1229.88,Books,28.2,Prepaid,4,0,699,Metro,8,4.1,0
ORD107327,1836.3,Apparel,40.0,Prepaid,1,0,102,Tier2,6,3.8,0
ORD107328,1756.66,Electronics,6.2,Prepaid,6,1,246,Metro,7,3.6,0
ORD107329,299.53,Home,25.2,Prepaid,4,0,300,Metro,3,4.4,0
ORD107330,1861.33,Home,9.5,Prepaid,4,4,176,Metro,7,4.0,0
ORD107331,2141.18,Groceries,37.7,Prepaid,4,2,599,Tier2,3,4.4,0
ORD107332,1322.98,Footwear,20.3,Prepaid,5,0,45,Tier2,7,5.0,1
ORD107333,1143.75,Beauty,21.8,COD,3,1,9,Tier3,2,3.6,1
ORD107334,677.29,Footwear,20.2,COD,3,3,7,Tier2,4,3.3,1
ORD107335,424.44,Electronics,19.2,Prepaid,4,0,152,Metro,5,4.6,0
ORD107336,1296.27,Apparel,30.1,Prepaid,2,1,1294,Metro,4,3.1,1
ORD107337,1202.64,Apparel,7.0,Prepaid,8,0,71,Metro,1,4.0,0
ORD107338,3202.82,Groceries,12.1,Prepaid,4,1,1490,Tier3,5,3.6,0
ORD107339,999.37,Beauty,15.3,Prepaid,3,0,293,Metro,6,4.0,0
ORD107340,920.93,Groceries,20.9,COD,1,1,588,Tier3,7,4.5,0
ORD107341,1792.21,Groceries,17.2,Prepaid,3,0,201,Tier2,4,3.9,0
ORD107342,1040.95,Beauty,14.7,Prepaid,3,0,242,Tier2,8,3.8,0
ORD107343,1506.3,Electronics,5.9,Prepaid,4,0,187,Metro,2,4.3,0
ORD107344,2253.34,Electronics,6.7,COD,0,0,563,Metro,2,4.2,0
ORD107345,2145.98,Footwear,16.0,Prepaid,6,1,413,Metro,9,3.9,1
ORD107346,3251.46,Groceries,30.1,COD,4,1,29,Metro,6,4.2,0
ORD107347,753.97,Home,4.9,Prepaid,9,0,143,Tier3,6,4.1,0
ORD107348,1113.84,Beauty,10.8,Prepaid,3,0,51,Tier2,5,4.0,0
ORD107349,1896.14,Footwear,16.7,Prepaid,3,1,803,Metro,1,2.5,0
ORD107350,1611.63,Apparel,17.9,Prepaid,4,3,350,Metro,7,5.0,0
ORD107351,2460.17,Footwear,21.9,Prepaid,5,0,90,Tier2,7,4.6,0
ORD107352,1539.97,Groceries,8.1,Prepaid,7,0,735,Metro,3,5.0,0
ORD107353,1886.81,Home,19.3,Prepaid,1,1,251,Tier3,2,3.7,1
ORD107354,2449.95,Footwear,22.3,COD,4,1,152,Metro,3,4.6,0
ORD107355,872.94,Beauty,37.2,Prepaid,1,1,452,Metro,3,3.6,1
ORD107356,883.42,Electronics,7.6,COD,4,0,27,Tier2,3,5.0,0
ORD107357,806.14,Electronics,31.4,Prepaid,3,1,185,Metro,2,3.0,0
ORD107358,4487.64,Books,37.5,COD,2,0,315,Tier3,9,3.8,0
ORD107359,675.6,Books,10.0,Prepaid,7,0,780,Metro,2,3.5,0
ORD107360,1381.13,Footwear,11.2,COD,10,1,71,Tier3,9,4.1,1
ORD107361,1086.66,Home,22.1,Prepaid,4,1,77,Tier2,7,3.5,1
ORD107362,1086.07,Beauty,40.6,COD,3,0,15,Tier2,5,4.2,0
ORD107363,2150.59,Home,3.6,COD,6,0,1305,Metro,9,4.2,0
ORD107364,1270.09,Footwear,41.8,Prepaid,3,0,326,Metro,1,4.3,1
ORD107365,1482.55,Beauty,13.1,Prepaid,4,0,267,Tier2,3,3.6,0
ORD107366,885.24,Electronics,11.4,Prepaid,1,1,232,Metro,2,5.0,1
ORD107367,1785.56,Books,26.3,Prepaid,5,2,18,Tier2,1,4.1,0
ORD107368,1862.95,Footwear,8.2,COD,5,0,163,Metro,2,3.3,1
ORD107369,3302.49,Footwear,25.3,COD,3,1,312,Metro,2,4.2,1
ORD107370,1085.69,Apparel,15.2,Prepaid,4,0,174,Tier3,8,3.5,0
ORD107371,6948.34,Electronics,10.9,Prepaid,5,1,58,Metro,1,4.2,0
ORD107372,1174.4,Electronics,37.4,Prepaid,7,1,436,Metro,9,4.1,0
ORD107373,1428.25,Footwear,31.1,COD,3,1,92,Metro,7,4.5,1
ORD107374,2813.97,Home,4.5,COD,2,1,93,Tier3,7,3.8,0
ORD107375,2378.21,Beauty,20.1,Prepaid,6,3,251,Metro,9,4.0,0
ORD107376,692.72,Apparel,18.8,COD,4,1,772,Metro,7,4.6,1
ORD107377,2063.73,Footwear,25.0,Prepaid,3,0,192,Metro,1,4.6,1
ORD107378,2236.5,Electronics,32.1,COD,7,1,528,Metro,5,4.2,1
ORD107379,436.01,Groceries,20.7,Prepaid,4,0,25,Metro,7,4.1,0
ORD107380,594.5,Apparel,39.4,Prepaid,7,1,251,Tier2,9,3.8,1
ORD107381,493.98,Groceries,29.8,Prepaid,1,1,21,Metro,1,4.1,0
ORD107382,2111.85,Apparel,30.5,Prepaid,8,0,1949,Tier3,7,5.0,0
ORD107383,418.66,Books,29.3,COD,3,2,69,Metro,5,3.8,1
ORD107384,717.75,Apparel,38.3,Prepaid,2,0,234,Tier2,8,3.4,1
ORD107385,3045.4,Beauty,11.9,COD,2,0,19,Metro,2,4.0,1
ORD107386,2684.63,Apparel,44.5,COD,0,0,138,Metro,3,3.6,1
ORD107387,360.55,Apparel,34.8,COD,5,0,176,Metro,9,3.1,1
ORD107388,846.64,Books,23.8,Prepaid,3,0,592,Metro,1,3.5,0
ORD107389,1008.69,Beauty,36.0,Prepaid,2,0,183,Metro,1,4.5,0
ORD107390,1174.95,Apparel,14.1,COD,1,1,48,Tier2,4,4.1,1
ORD107391,2966.16,Groceries,20.0,Prepaid,6,0,283,Tier3,4,4.2,0
ORD107392,4955.18,Footwear,11.3,COD,6,0,128,Metro,4,4.3,0
ORD107393,895.5,Electronics,10.4,Prepaid,8,2,98,Metro,9,4.2,0
ORD107394,3412.57,Groceries,31.6,Prepaid,3,1,134,Metro,9,3.4,1
ORD107395,2700.85,Books,41.7,Prepaid,4,0,1056,Metro,1,2.9,1
ORD107396,2060.31,Home,24.8,Prepaid,4,1,299,Metro,8,4.0,0
ORD107397,1883.33,Beauty,8.6,Prepaid,4,0,590,Metro,5,4.0,0
ORD107398,676.76,Groceries,4.7,Prepaid,9,2,188,Metro,3,3.8,0
ORD107399,1861.3,Books,28.7,Prepaid,3,0,139,Metro,4,4.1,0
ORD107400,1757.24,Apparel,18.3,Prepaid,3,0,425,Metro,4,4.7,0
ORD107401,2562.65,Home,23.0,Prepaid,3,1,1269,Tier2,4,3.8,0
ORD107402,1121.72,Home,23.5,Prepaid,2,0,277,Tier3,7,3.9,0
ORD107403,1096.88,Electronics,16.8,Prepaid,5,0,50,Tier3,6,3.6,0
ORD107404,1157.01,Groceries,30.0,COD,1,1,219,Tier3,4,4.2,1
ORD107405,377.39,Home,10.1,COD,1,1,106,Metro,9,3.4,1
ORD107406,961.24,Apparel,38.8,COD,4,0,499,Metro,6,4.0,0
ORD107407,751.66,Electronics,9.9,Prepaid,1,1,227,Metro,7,4.9,1
ORD107408,1397.36,Groceries,15.7,COD,4,0,677,Metro,2,3.0,0
ORD107409,1476.79,Footwear,13.9,COD,5,2,393,Metro,1,5.0,1
ORD107410,807.33,Footwear,24.0,Prepaid,5,0,235,Tier2,1,4.8,0
ORD107411,2440.29,Groceries,14.2,COD,2,0,698,Metro,6,5.0,0
ORD107412,640.5,Apparel,21.9,Prepaid,5,2,523,Metro,9,3.8,0
ORD107413,4237.89,Footwear,15.8,Prepaid,2,2,86,Tier2,3,4.4,0
ORD107414,2477.15,Apparel,27.5,Prepaid,3,0,686,Metro,3,4.0,0
ORD107415,3015.37,Footwear,8.1,Prepaid,10,0,1137,Tier3,4,4.0,0
ORD107416,2381.33,Groceries,24.4,Prepaid,3,0,710,Metro,6,3.8,0
ORD107417,2065.35,Home,24.5,Prepaid,3,1,131,Tier3,8,3.0,1
ORD107418,2350.54,Home,55.2,COD,3,0,79,Tier3,2,4.6,0
ORD107419,1626.97,Books,11.7,Prepaid,3,0,106,Metro,5,4.5,0
ORD107420,2167.89,Beauty,21.7,Prepaid,7,2,251,Metro,1,5.0,0
ORD107421,2756.22,Beauty,17.8,Prepaid,8,0,28,Tier2,3,3.6,0
ORD107422,1330.43,Home,21.3,Prepaid,4,0,519,Metro,6,4.5,0
ORD107423,134.8,Beauty,17.3,COD,3,1,538,Metro,5,4.7,0
ORD107424,2202.38,Groceries,11.4,Prepaid,3,2,441,Tier2,5,4.1,0
ORD107425,388.29,Groceries,17.1,Prepaid,2,2,245,Metro,6,2.8,0
ORD107426,2042.57,Home,40.3,COD,1,0,69,Tier3,4,4.5,1
ORD107427,979.52,Footwear,26.6,COD,5,0,472,Tier3,3,3.7,1
ORD107428,2083.41,Books,21.0,Prepaid,4,0,69,Tier3,6,3.2,0
ORD107429,667.65,Books,6.7,Prepaid,5,1,367,Metro,9,4.0,1
ORD107430,1325.51,Apparel,5.6,Prepaid,2,2,217,Metro,5,3.7,0
ORD107431,827.3,Books,19.3,COD,0,0,676,Metro,6,4.5,0
ORD107432,645.3,Apparel,41.6,Prepaid,5,2,1253,Tier3,5,3.9,0
ORD107433,1329.27,Beauty,5.3,COD,4,2,810,Tier2,7,4.5,0
ORD107434,434.54,Books,24.3,Prepaid,1,1,225,Metro,2,3.7,1
ORD107435,889.49,Footwear,11.6,COD,4,0,993,Tier3,1,2.5,1
ORD107436,746.88,Apparel,46.5,COD,3,1,604,Metro,7,4.1,0
ORD107437,811.26,Groceries,13.7,COD,3,0,522,Tier2,4,4.4,0
ORD107438,1115.35,Groceries,27.9,COD,1,1,59,Metro,5,3.5,1
ORD107439,2167.19,Apparel,36.3,COD,1,0,168,Tier3,5,4.0,1
ORD107440,1785.34,Apparel,3.2,Prepaid,3,3,135,Tier3,3,3.4,0
ORD107441,2972.39,Groceries,5.8,COD,4,0,28,Metro,6,4.1,0
ORD107442,235.45,Apparel,27.7,COD,4,0,162,Metro,9,3.9,1
ORD107443,286.01,Books,5.7,Prepaid,5,1,3,Metro,4,3.7,0
ORD107444,3273.53,Electronics,33.2,Prepaid,6,0,42,Tier2,3,3.3,0
ORD107445,283.2,Electronics,8.3,COD,6,1,484,Metro,4,5.0,0
ORD107446,1062.64,Books,8.3,Prepaid,7,1,113,Metro,6,4.1,0
ORD107447,3542.33,Footwear,26.1,Prepaid,1,1,183,Tier3,8,3.7,1
ORD107448,654.49,Groceries,12.2,Prepaid,8,0,437,Tier2,9,5.0,0
ORD107449,3051.9,Apparel,14.3,Prepaid,4,0,18,Tier2,2,3.4,0
ORD107450,887.98,Books,41.8,COD,4,0,108,Metro,6,3.6,0
ORD107451,496.34,Apparel,8.6,COD,5,1,322,Tier3,3,3.8,1
ORD107452,924.03,Beauty,10.3,COD,9,0,80,Tier3,1,3.1,0
ORD107453,332.6,Beauty,2.4,COD,3,0,765,Tier2,1,3.1,0
ORD107454,486.19,Groceries,32.3,Prepaid,8,0,1,Metro,5,3.5,0
ORD107455,1486.2,Apparel,9.7,COD,2,0,187,Metro,8,3.3,1
ORD107456,3423.42,Footwear,24.2,COD,5,0,224,Metro,9,3.9,1
ORD107457,1783.74,Home,23.0,COD,4,1,167,Metro,4,5.0,0
ORD107458,783.86,Electronics,58.7,Prepaid,3,1,111,Tier3,2,4.1,1
ORD107459,262.98,Electronics,5.2,COD,4,0,64,Tier2,3,4.4,1
ORD107460,1826.6,Apparel,10.8,COD,4,0,240,Metro,7,2.6,0
ORD107461,2082.48,Electronics,25.5,Prepaid,2,0,1013,Tier2,6,4.2,0
ORD107462,2147.38,Beauty,27.2,Prepaid,2,0,461,Tier2,7,4.5,0
ORD107463,3140.95,Beauty,15.7,COD,5,0,13,Tier2,9,3.9,0
ORD107464,866.11,Footwear,39.2,COD,5,2,435,Tier3,5,3.5,0
ORD107465,688.86,Electronics,19.5,COD,5,0,19,Metro,3,4.2,1
ORD107466,1877.57,Apparel,3.5,Prepaid,4,0,106,Metro,9,3.8,0
ORD107467,572.98,Electronics,44.1,Prepaid,7,0,299,Metro,5,4.9,0
ORD107468,873.77,Books,4.1,Prepaid,4,2,119,Tier2,6,4.5,0
ORD107469,1341.55,Electronics,12.3,Prepaid,5,0,584,Metro,2,4.6,0
ORD107470,621.32,Footwear,24.0,Prepaid,7,0,636,Metro,3,3.1,0
ORD107471,4133.93,Footwear,26.4,COD,8,0,376,Metro,8,3.9,0
ORD107472,1342.38,Beauty,27.7,COD,5,0,331,Metro,9,3.4,0
ORD107473,1302.1,Books,34.1,COD,1,0,61,Tier2,5,4.1,1
ORD107474,1598.56,Beauty,27.3,Prepaid,6,0,162,Tier2,5,3.8,0
ORD107475,1404.68,Apparel,16.5,Prepaid,1,0,41,Tier3,1,3.6,0
ORD107476,1133.52,Groceries,27.5,COD,7,0,109,Metro,2,3.5,0
ORD107477,2932.96,Groceries,19.9,Prepaid,5,0,170,Metro,1,4.5,0
ORD107478,489.77,Home,30.3,COD,7,1,689,Metro,8,4.7,0
ORD107479,1041.44,Home,12.2,Prepaid,5,0,227,Metro,5,3.5,0
ORD107480,1362.12,Groceries,24.7,Prepaid,2,1,379,Tier2,2,4.5,0
ORD107481,218.36,Apparel,22.2,COD,3,1,690,Tier3,5,3.4,0
ORD107482,2022.2,Footwear,25.1,Prepaid,2,1,202,Tier2,6,3.7,1
ORD107483,554.79,Groceries,32.8,COD,2,0,61,Tier2,9,4.2,1
ORD107484,240.2,Home,22.2,COD,1,0,88,Metro,9,3.9,1
ORD107485,3863.52,Apparel,25.4,Prepaid,7,0,36,Metro,8,3.2,1
ORD107486,1455.79,Apparel,21.7,Prepaid,4,0,123,Tier2,1,3.5,0
ORD107487,1253.01,Footwear,34.9,Prepaid,3,0,192,Tier3,3,3.0,1
ORD107488,461.35,Beauty,12.9,COD,8,0,122,Tier2,6,3.6,1
ORD107489,824.02,Groceries,11.0,Prepaid,5,0,260,Metro,7,4.9,0
ORD107490,3652.23,Home,41.7,Prepaid,2,1,147,Metro,5,4.1,0
ORD107491,662.73,Apparel,15.2,Prepaid,2,0,270,Tier3,9,3.2,1
ORD107492,2696.6,Electronics,15.1,Prepaid,4,0,148,Metro,4,4.2,0
ORD107493,447.19,Home,13.7,COD,7,0,386,Tier2,9,5.0,0
ORD107494,1254.72,Electronics,15.4,Prepaid,2,0,213,Metro,6,3.3,0
ORD107495,347.01,Home,32.0,COD,5,1,53,Metro,9,4.0,0
ORD107496,1884.87,Electronics,20.5,Prepaid,3,0,38,Metro,4,4.4,0
ORD107497,2753.25,Books,9.0,Prepaid,4,2,159,Metro,4,4.3,0
ORD107498,585.72,Footwear,15.7,Prepaid,3,0,601,Metro,2,4.3,0
ORD107499,1078.13,Electronics,17.2,Prepaid,4,1,218,Metro,4,3.6,1
ORD107500,587.15,Electronics,13.7,Prepaid,1,0,267,Tier2,8,3.7,1
ORD107501,2818.55,Beauty,13.5,Prepaid,8,0,658,Metro,1,4.2,0
ORD107502,2681.89,Books,10.3,COD,6,0,583,Metro,7,3.4,0
ORD107503,1081.81,Groceries,30.1,COD,4,1,545,Metro,7,3.6,0
ORD107504,920.41,Footwear,42.0,COD,4,0,117,Tier2,4,5.0,1
ORD107505,882.94,Beauty,24.8,COD,6,1,142,Tier2,2,4.3,0
ORD107506,2184.76,Electronics,43.3,COD,2,0,260,Tier2,6,4.8,0
ORD107507,4074.67,Groceries,18.1,COD,1,0,636,Tier2,9,3.5,0
ORD107508,1513.51,Books,11.8,Prepaid,4,2,36,Metro,5,3.8,0
ORD107509,104.16,Books,26.1,Prepaid,7,0,370,Metro,3,3.9,0
ORD107510,1444.01,Beauty,22.0,Prepaid,5,1,131,Metro,8,3.7,0
ORD107511,1761.71,Beauty,37.5,COD,2,0,3,Metro,3,4.5,0
ORD107512,741.28,Groceries,32.8,Prepaid,2,0,536,Metro,6,3.8,0
ORD107513,895.38,Books,29.2,COD,6,1,147,Tier2,3,3.8,0
ORD107514,220.11,Footwear,18.9,COD,3,0,129,Metro,2,3.7,0
ORD107515,299.65,Footwear,12.3,Prepaid,1,1,494,Tier2,3,3.9,0
ORD107516,1867.09,Books,6.3,Prepaid,5,2,129,Metro,1,5.0,0
ORD107517,2565.41,Footwear,11.6,COD,4,1,146,Tier2,1,3.7,0
ORD107518,2079.43,Beauty,34.2,COD,1,0,426,Tier3,1,3.8,0
ORD107519,946.41,Groceries,32.0,COD,5,0,1462,Metro,1,4.5,0
ORD107520,1851.74,Groceries,10.1,Prepaid,4,0,146,Tier3,3,3.7,1
ORD107521,510.84,Home,9.5,COD,5,1,125,Tier2,7,4.1,1
ORD107522,142.41,Books,33.2,Prepaid,4,0,568,Tier2,9,3.9,0
ORD107523,1242.67,Apparel,13.2,COD,3,1,497,Tier3,3,4.3,1
ORD107524,1248.31,Apparel,25.4,COD,2,2,38,Metro,2,4.9,1
ORD107525,2635.9,Footwear,21.9,COD,8,0,161,Metro,2,4.6,1
ORD107526,2005.88,Footwear,12.1,Prepaid,3,1,1125,Metro,5,3.8,1
ORD107527,2451.88,Home,27.3,COD,4,0,60,Tier2,9,4.6,1
ORD107528,845.4,Footwear,40.9,COD,2,0,64,Metro,1,3.0,1
ORD107529,273.23,Electronics,12.4,COD,5,2,71,Tier3,2,3.3,1
ORD107530,622.2,Apparel,17.0,Prepaid,3,0,242,Metro,2,4.4,0
ORD107531,2505.27,Beauty,24.8,Prepaid,3,0,665,Tier2,7,3.9,0
ORD107532,1769.22,Footwear,31.6,COD,4,0,1951,Metro,9,3.5,1
ORD107533,972.16,Electronics,55.2,COD,5,0,293,Metro,4,4.5,0
ORD107534,590.76,Footwear,7.5,COD,8,0,127,Tier2,8,4.5,1
ORD107535,1047.16,Electronics,14.8,COD,2,0,894,Tier3,2,5.0,1
ORD107536,4161.55,Electronics,14.2,COD,5,1,2,Metro,6,2.9,0
ORD107537,2733.37,Groceries,10.4,Prepaid,5,1,175,Tier3,8,4.0,1
ORD107538,1628.88,Beauty,20.9,COD,3,0,218,Metro,8,4.2,0
ORD107539,2831.78,Beauty,16.2,Prepaid,4,0,439,Metro,2,2.9,0
ORD107540,397.55,Footwear,29.9,COD,8,0,310,Tier3,8,4.5,0
ORD107541,1682.87,Books,31.7,COD,5,0,463,Metro,2,4.9,0
ORD107542,2141.93,Electronics,32.3,COD,5,0,225,Tier3,3,4.2,1
ORD107543,626.15,Home,23.5,COD,9,2,269,Metro,9,4.1,1
ORD107544,780.62,Apparel,14.9,Prepaid,1,0,148,Metro,9,3.3,0
ORD107545,438.81,Apparel,32.4,Prepaid,5,0,695,Metro,3,3.7,0
ORD107546,541.6,Groceries,40.4,COD,3,0,771,Metro,5,4.3,0
ORD107547,1482.16,Footwear,8.0,COD,4,0,191,Metro,1,3.8,0
ORD107548,2158.58,Books,16.4,Prepaid,5,1,569,Tier3,8,2.9,1
ORD107549,1043.54,Books,17.7,Prepaid,4,1,353,Tier2,4,4.4,0
ORD107550,1928.15,Beauty,39.4,Prepaid,6,0,1059,Tier3,3,3.0,0
ORD107551,5730.1,Home,13.5,COD,4,2,196,Metro,5,3.6,1
ORD107552,1421.25,Beauty,24.7,Prepaid,0,0,399,Tier2,4,3.6,0
ORD107553,1188.29,Footwear,24.1,COD,3,1,102,Tier2,2,4.3,1
ORD107554,2223.82,Footwear,21.8,COD,2,1,694,Tier3,3,4.0,1
ORD107555,276.63,Books,37.6,COD,2,0,144,Metro,6,3.7,0
ORD107556,2264.14,Electronics,25.4,COD,2,0,205,Metro,5,4.9,0
ORD107557,1999.68,Books,20.9,Prepaid,9,0,241,Metro,6,3.6,0
ORD107558,727.74,Beauty,15.6,COD,1,0,34,Tier2,2,5.0,0
ORD107559,239.95,Beauty,44.6,Prepaid,4,0,515,Metro,9,4.1,1
ORD107560,2511.52,Footwear,42.8,COD,5,0,10,Tier2,9,3.8,1
ORD107561,837.48,Groceries,28.7,Prepaid,3,0,238,Tier3,1,3.5,1
ORD107562,1904.82,Home,21.7,Prepaid,12,3,278,Metro,9,3.8,0
ORD107563,1029.63,Home,36.9,COD,3,0,283,Metro,7,3.0,1
ORD107564,957.22,Electronics,30.5,Prepaid,9,0,160,Tier2,4,4.1,0
ORD107565,304.11,Electronics,18.0,COD,3,2,74,Metro,4,4.7,1
ORD107566,3366.65,Apparel,8.6,Prepaid,3,0,112,Tier3,9,4.9,1
ORD107567,958.47,Books,22.9,Prepaid,5,1,3,Tier3,2,4.3,0
ORD107568,969.47,Beauty,7.0,COD,2,0,111,Tier2,1,4.0,0
ORD107569,278.45,Books,14.9,COD,4,1,154,Tier2,5,3.6,0
ORD107570,869.67,Footwear,36.4,COD,4,0,602,Tier2,7,4.0,0
ORD107571,1757.26,Groceries,49.0,Prepaid,8,0,347,Tier3,2,4.7,0
ORD107572,341.84,Books,30.2,Prepaid,4,0,45,Metro,7,4.7,1
ORD107573,2632.2,Footwear,21.7,COD,5,0,70,Tier2,7,3.8,0
ORD107574,441.95,Beauty,9.7,COD,2,0,283,Metro,3,3.4,1
ORD107575,1202.25,Electronics,25.9,Prepaid,4,0,1987,Tier3,3,4.3,1
ORD107576,2655.24,Books,17.8,COD,4,0,132,Metro,5,4.9,0
ORD107577,2248.35,Home,17.6,COD,5,0,280,Metro,9,4.5,1
ORD107578,5309.98,Groceries,28.8,COD,4,1,929,Tier3,6,4.2,0
ORD107579,3102.56,Electronics,11.5,COD,7,1,112,Tier2,4,3.4,0
ORD107580,289.92,Electronics,14.2,Prepaid,4,1,71,Tier3,4,3.9,0
ORD107581,1776.52,Apparel,23.7,Prepaid,4,1,154,Tier2,1,3.2,0
ORD107582,2356.01,Electronics,41.4,COD,1,1,135,Tier3,7,5.0,1
ORD107583,415.61,Apparel,33.8,COD,2,0,247,Tier2,4,3.7,1
ORD107584,2269.43,Beauty,21.3,Prepaid,2,0,510,Metro,5,4.2,0
ORD107585,1030.46,Electronics,26.0,Prepaid,2,1,297,Tier3,2,3.5,0
ORD107586,4828.91,Home,9.6,Prepaid,4,0,10,Tier3,2,3.8,0
ORD107587,2684.8,Beauty,29.0,Prepaid,3,0,140,Tier2,5,4.5,0
ORD107588,92.04,Apparel,13.9,Prepaid,7,2,1672,Tier2,8,4.8,1
ORD107589,1356.87,Groceries,19.4,COD,3,0,174,Tier2,6,3.4,0
ORD107590,1899.73,Home,28.8,Prepaid,4,0,472,Tier3,3,4.5,0
ORD107591,3644.78,Books,27.7,Prepaid,3,0,147,Metro,7,4.5,0
ORD107592,3480.54,Books,22.1,COD,3,1,575,Metro,5,3.6,0
ORD107593,1563.49,Home,6.4,Prepaid,4,2,552,Tier2,5,4.6,0
ORD107594,2054.4,Footwear,41.6,COD,3,1,14,Tier2,1,4.0,1
ORD107595,5162.9,Books,25.2,Prepaid,4,1,204,Metro,2,3.0,0
ORD107596,2997.28,Footwear,15.1,Prepaid,0,0,64,Tier2,5,4.8,0
ORD107597,1189.34,Home,26.5,COD,4,3,103,Metro,4,3.4,0
ORD107598,1111.68,Home,21.0,Prepaid,2,1,862,Metro,2,3.2,1
ORD107599,874.65,Electronics,25.4,COD,4,0,45,Tier2,5,4.4,0
ORD107600,1109.17,Books,43.9,COD,5,0,121,Tier3,2,3.2,0
ORD107601,1207.08,Apparel,23.7,Prepaid,1,0,41,Metro,8,4.0,0
ORD107602,1259.34,Groceries,26.1,Prepaid,4,0,146,Metro,8,4.3,0
ORD107603,756.74,Apparel,24.0,Prepaid,4,2,172,Tier2,3,4.4,0
ORD107604,493.17,Home,9.4,COD,6,0,277,Metro,7,5.0,0
ORD107605,671.74,Beauty,20.3,Prepaid,4,0,522,Metro,4,3.7,0
ORD107606,1526.89,Books,23.0,Prepaid,4,1,1126,Tier2,5,4.4,0
ORD107607,1276.12,Home,35.2,Prepaid,3,1,484,Tier2,4,4.1,1
ORD107608,1603.47,Home,7.3,Prepaid,3,1,99,Tier2,9,3.9,0
ORD107609,901.43,Groceries,6.8,Prepaid,4,1,602,Metro,7,3.2,0
ORD107610,2859.0,Books,33.9,COD,6,0,250,Metro,9,5.0,1
ORD107611,1034.54,Electronics,23.2,Prepaid,5,1,687,Tier2,2,4.1,0
ORD107612,3546.84,Books,22.2,Prepaid,3,1,130,Tier3,6,2.9,0
ORD107613,1557.15,Electronics,9.5,Prepaid,4,0,200,Metro,1,3.4,1
ORD107614,594.84,Apparel,22.8,Prepaid,2,0,41,Metro,3,3.3,0
ORD107615,383.19,Electronics,13.2,Prepaid,1,0,369,Tier2,8,3.5,0
ORD107616,1840.53,Electronics,25.1,Prepaid,1,1,104,Metro,3,5.0,0
ORD107617,1801.25,Groceries,36.0,COD,2,1,547,Tier2,3,3.7,0
ORD107618,1002.7,Beauty,28.2,COD,5,0,125,Tier3,2,4.2,1
ORD107619,1637.19,Books,12.5,Prepaid,4,2,422,Tier3,5,5.0,0
ORD107620,2415.1,Groceries,4.3,Prepaid,5,1,198,Metro,8,3.0,0
ORD107621,2211.32,Apparel,31.9,COD,4,0,172,Tier2,1,4.8,1
ORD107622,3718.81,Footwear,13.6,COD,4,0,0,Metro,8,3.4,1
ORD107623,1301.27,Groceries,6.3,COD,3,2,217,Tier3,4,4.3,0
ORD107624,281.43,Groceries,28.5,Prepaid,7,1,297,Metro,6,3.8,0
ORD107625,1165.99,Books,35.2,COD,0,0,0,Metro,9,4.0,0
ORD107626,2481.46,Books,6.9,COD,7,2,205,Tier3,5,4.0,0
ORD107627,2527.5,Books,10.7,COD,2,0,95,Metro,1,3.5,0
ORD107628,337.16,Apparel,4.0,COD,3,0,37,Metro,7,3.1,0
ORD107629,1322.27,Groceries,14.1,COD,6,0,306,Metro,2,4.5,0
ORD107630,981.01,Footwear,11.9,COD,7,2,226,Metro,8,4.0,0
ORD107631,561.43,Groceries,12.6,Prepaid,2,2,286,Tier2,3,3.0,0
ORD107632,822.96,Books,9.9,Prepaid,4,0,17,Tier2,8,5.0,1
ORD107633,2044.43,Beauty,27.7,Prepaid,3,0,1011,Tier3,6,4.5,0
ORD107634,2115.24,Beauty,4.6,Prepaid,4,1,350,Metro,6,4.3,0
ORD107635,993.69,Electronics,21.0,COD,2,1,126,Metro,4,4.3,0
ORD107636,1706.44,Groceries,28.7,Prepaid,3,0,159,Metro,9,4.6,0
ORD107637,3370.99,Electronics,13.9,Prepaid,7,0,86,Tier3,6,3.3,0
ORD107638,877.47,Footwear,13.2,Prepaid,7,1,823,Metro,6,4.0,0
ORD107639,1588.52,Apparel,35.9,COD,3,0,504,Tier2,9,3.9,0
ORD107640,2460.64,Electronics,6.1,COD,0,0,527,Tier2,8,4.5,1
ORD107641,2172.57,Apparel,14.6,COD,2,0,521,Tier2,3,3.1,1
ORD107642,2004.56,Home,27.8,Prepaid,3,1,198,Tier2,4,4.2,0
ORD107643,3025.34,Books,28.8,COD,5,0,112,Metro,9,3.7,1
ORD107644,1800.6,Footwear,6.1,Prepaid,2,1,7,Tier2,4,2.9,0
ORD107645,692.98,Beauty,14.8,COD,4,1,2,Tier2,4,3.6,0
ORD107646,3186.24,Electronics,18.3,Prepaid,5,2,79,Metro,9,4.2,0
ORD107647,704.96,Beauty,30.9,COD,8,1,114,Tier2,3,3.9,0
ORD107648,1536.64,Groceries,4.9,Prepaid,9,1,235,Tier2,7,4.7,0
ORD107649,3141.0,Home,22.9,Prepaid,6,0,196,Metro,9,3.5,0
ORD107650,1070.08,Footwear,18.1,Prepaid,1,0,392,Tier2,9,4.5,1
ORD107651,1223.57,Electronics,16.8,COD,3,0,957,Metro,3,3.5,0
ORD107652,3383.11,Groceries,18.4,Prepaid,3,1,75,Metro,9,4.3,1
ORD107653,755.34,Beauty,14.0,Prepaid,4,3,321,Metro,4,4.1,0
ORD107654,690.74,Apparel,14.9,COD,6,0,208,Tier3,5,4.3,1
ORD107655,165.34,Footwear,16.4,Prepaid,6,0,191,Metro,4,5.0,0
ORD107656,439.56,Home,4.8,Prepaid,9,0,179,Metro,4,4.8,0
ORD107657,1082.08,Books,11.7,Prepaid,1,1,86,Tier2,1,4.1,1
ORD107658,425.91,Electronics,7.2,Prepaid,5,0,183,Metro,2,3.1,0
ORD107659,1779.7,Beauty,9.7,COD,3,1,202,Tier3,5,4.3,1
ORD107660,3140.29,Home,17.8,Prepaid,3,0,121,Tier2,3,4.2,0
ORD107661,2325.56,Books,17.6,COD,5,0,497,Tier2,7,3.9,0
ORD107662,2468.46,Footwear,19.1,COD,4,1,326,Tier2,8,4.7,1
ORD107663,1055.06,Footwear,21.3,Prepaid,5,0,51,Metro,4,5.0,1
ORD107664,1406.2,Footwear,12.7,COD,3,0,222,Tier2,5,5.0,1
ORD107665,864.17,Books,13.6,Prepaid,6,0,31,Metro,4,5.0,0
ORD107666,3013.28,Groceries,22.8,Prepaid,4,1,21,Metro,9,3.2,0
ORD107667,1996.35,Electronics,13.0,Prepaid,3,0,73,Metro,6,4.0,0
ORD107668,1797.93,Books,24.4,COD,2,1,41,Tier2,9,4.0,0
ORD107669,1835.79,Home,12.6,Prepaid,5,1,184,Tier2,2,2.6,1
ORD107670,611.26,Electronics,7.1,Prepaid,5,2,38,Tier3,6,4.5,0
ORD107671,1354.61,Footwear,25.1,Prepaid,1,0,731,Metro,2,3.9,0
ORD107672,146.5,Books,9.0,Prepaid,5,0,546,Metro,1,3.6,1
ORD107673,1146.68,Footwear,18.8,COD,5,0,518,Tier3,1,4.8,1
ORD107674,1257.93,Groceries,23.5,COD,3,0,1126,Tier2,6,4.0,1
ORD107675,809.02,Apparel,17.4,Prepaid,8,0,1063,Metro,1,3.4,0
ORD107676,2663.32,Books,20.9,COD,6,0,709,Tier2,6,3.6,0
ORD107677,1651.69,Home,16.7,Prepaid,6,0,414,Tier2,4,4.7,0
ORD107678,1092.36,Footwear,11.4,Prepaid,3,0,102,Metro,6,4.1,0
ORD107679,1697.11,Home,17.8,Prepaid,4,0,173,Metro,4,3.6,0
ORD107680,1835.3,Beauty,27.5,Prepaid,4,1,12,Metro,2,3.4,0
ORD107681,371.28,Beauty,17.9,Prepaid,6,1,1076,Tier2,4,5.0,0
ORD107682,1707.63,Footwear,20.1,Prepaid,9,1,273,Tier2,5,3.5,1
ORD107683,4493.87,Home,45.0,COD,1,0,232,Tier2,4,2.6,0
ORD107684,3019.47,Home,26.8,Prepaid,3,2,28,Tier2,2,4.0,0
ORD107685,803.57,Beauty,38.3,Prepaid,7,1,267,Tier2,7,3.8,0
ORD107686,962.09,Groceries,14.6,COD,3,1,113,Tier3,1,4.4,0
ORD107687,1930.68,Books,9.4,Prepaid,5,0,360,Tier2,1,3.3,0
ORD107688,1360.1,Electronics,2.2,Prepaid,3,1,774,Metro,2,4.0,0
ORD107689,2802.62,Groceries,45.5,Prepaid,3,2,415,Metro,8,5.0,1
ORD107690,2083.11,Footwear,25.7,COD,6,1,35,Metro,7,3.5,0
ORD107691,1491.83,Footwear,12.0,COD,2,1,175,Tier3,9,4.0,1
ORD107692,3639.26,Electronics,18.1,COD,3,1,969,Metro,2,4.7,1
ORD107693,1271.34,Books,6.3,Prepaid,5,2,449,Metro,6,4.3,0
ORD107694,572.51,Apparel,24.3,COD,3,1,147,Tier2,3,3.6,1
ORD107695,2115.37,Groceries,13.7,Prepaid,5,1,868,Tier2,7,4.2,0
ORD107696,1493.67,Books,10.1,Prepaid,6,1,305,Tier2,5,3.8,0
ORD107697,902.6,Electronics,14.3,Prepaid,4,0,1736,Metro,7,3.8,0
ORD107698,993.2,Footwear,28.2,COD,5,1,130,Metro,4,4.4,0
ORD107699,1537.49,Groceries,18.7,Prepaid,6,0,62,Metro,4,4.2,0
ORD107700,1961.34,Books,10.8,COD,4,1,859,Metro,4,3.5,0
ORD107701,2876.37,Apparel,20.4,COD,5,0,207,Metro,2,4.2,0
ORD107702,299.34,Books,20.4,Prepaid,2,0,81,Tier3,1,4.9,0
ORD107703,2302.61,Footwear,6.3,COD,4,0,24,Tier3,6,3.2,0
ORD107704,155.19,Groceries,30.7,COD,5,3,492,Tier2,3,4.1,0
ORD107705,507.56,Electronics,33.5,COD,5,1,791,Tier2,5,3.7,0
ORD107706,3651.32,Beauty,5.1,COD,5,0,397,Tier3,4,4.0,0
ORD107707,850.0,Apparel,26.3,Prepaid,1,0,116,Metro,1,2.3,0
ORD107708,1704.1,Apparel,9.0,COD,4,1,317,Tier2,6,4.0,1
ORD107709,3053.52,Groceries,22.2,Prepaid,1,0,771,Tier3,8,4.2,1
ORD107710,949.89,Home,25.4,Prepaid,2,2,55,Tier3,5,4.1,1
ORD107711,841.0,Home,34.5,COD,5,0,44,Metro,1,4.4,0
ORD107712,1902.83,Apparel,33.0,COD,4,0,12,Tier2,5,3.1,0
ORD107713,939.59,Groceries,20.9,COD,6,2,4,Metro,3,4.3,0
ORD107714,1807.08,Beauty,12.9,Prepaid,2,0,27,Metro,8,4.2,0
ORD107715,801.19,Home,18.3,COD,5,0,34,Tier2,6,3.3,1
ORD107716,1928.17,Home,17.1,Prepaid,5,1,237,Tier3,5,3.4,0
ORD107717,1728.02,Beauty,5.4,Prepaid,3,1,58,Metro,2,3.9,0
ORD107718,6338.51,Electronics,19.0,COD,6,0,77,Tier2,3,4.2,0
ORD107719,304.78,Apparel,26.4,Prepaid,5,1,1162,Tier2,3,2.8,0
ORD107720,809.28,Electronics,20.0,Prepaid,5,0,46,Tier2,4,3.9,0
ORD107721,1008.17,Electronics,23.4,Prepaid,4,1,148,Metro,3,3.5,0
ORD107722,1216.0,Home,14.1,COD,4,0,315,Metro,9,4.1,0
ORD107723,17.19,Home,31.0,COD,1,1,378,Metro,7,3.8,0
ORD107724,723.52,Groceries,20.1,Prepaid,2,1,929,Tier2,1,3.9,1
ORD107725,556.42,Books,14.3,Prepaid,4,0,56,Metro,4,4.2,0
ORD107726,2834.45,Footwear,25.5,COD,4,0,73,Metro,2,3.6,1
ORD107727,4170.84,Groceries,36.3,COD,4,2,75,Metro,3,4.5,0
ORD107728,298.48,Footwear,6.1,COD,4,1,230,Tier3,8,5.0,1
ORD107729,2899.79,Beauty,11.7,Prepaid,5,1,243,Tier2,6,3.8,0
ORD107730,1391.7,Footwear,10.7,COD,5,0,479,Metro,9,3.6,1
ORD107731,2329.46,Home,8.9,Prepaid,2,0,194,Tier3,6,3.8,0
ORD107732,989.15,Electronics,24.7,COD,0,0,158,Metro,1,4.2,0
ORD107733,2772.67,Books,8.1,Prepaid,1,0,665,Metro,8,5.0,0
ORD107734,496.77,Apparel,7.6,Prepaid,5,1,246,Tier2,9,3.1,0
ORD107735,2279.37,Books,11.1,Prepaid,3,0,89,Metro,9,3.5,0
ORD107736,964.09,Apparel,4.7,Prepaid,1,0,722,Tier3,3,3.9,1
ORD107737,819.31,Footwear,19.6,Prepaid,4,1,225,Metro,1,3.8,0
ORD107738,2863.95,Books,11.5,Prepaid,3,1,136,Tier2,3,4.1,0
ORD107739,1504.28,Groceries,21.8,COD,5,1,111,Metro,1,4.2,0
ORD107740,1372.76,Electronics,19.4,COD,5,1,313,Tier2,5,3.1,0
ORD107741,2722.97,Books,18.4,Prepaid,5,0,44,Tier2,4,3.0,0
ORD107742,1210.64,Groceries,36.1,Prepaid,0,0,1042,Metro,3,3.9,0
ORD107743,1048.92,Books,22.0,Prepaid,7,1,413,Tier2,8,3.5,0
ORD107744,768.29,Footwear,18.9,COD,3,0,400,Metro,9,3.1,1
ORD107745,643.32,Home,32.9,COD,3,0,201,Metro,4,3.8,0
ORD107746,1842.42,Footwear,31.0,COD,6,0,368,Tier3,6,5.0,1
ORD107747,851.59,Apparel,32.3,Prepaid,2,0,19,Metro,9,3.3,1
ORD107748,3206.92,Apparel,31.0,COD,8,0,147,Metro,3,3.6,1
ORD107749,1891.58,Apparel,6.7,COD,4,1,101,Metro,7,4.1,1
ORD107750,1698.64,Home,17.1,Prepaid,7,0,562,Metro,1,4.7,0
ORD107751,614.97,Home,38.4,COD,4,2,150,Metro,2,4.3,0
ORD107752,1147.47,Books,24.5,Prepaid,8,0,596,Metro,6,3.7,0
ORD107753,669.39,Apparel,27.5,Prepaid,3,0,528,Metro,7,3.3,1
ORD107754,1223.96,Home,14.3,Prepaid,4,0,16,Tier3,1,4.3,1
ORD107755,2389.26,Beauty,34.6,Prepaid,6,0,304,Tier3,6,4.2,0
ORD107756,784.19,Footwear,17.5,COD,3,0,772,Metro,5,3.5,1
ORD107757,5503.83,Footwear,17.9,Prepaid,5,0,437,Tier3,1,4.8,0
ORD107758,166.89,Electronics,9.3,Prepaid,6,1,59,Tier3,4,4.4,1
ORD107759,272.42,Groceries,11.7,COD,3,0,195,Tier3,3,2.9,0
ORD107760,942.19,Home,19.7,Prepaid,3,0,6,Tier3,9,4.5,0
ORD107761,1946.49,Groceries,35.2,Prepaid,1,0,509,Metro,1,4.5,0
ORD107762,3046.77,Electronics,32.9,Prepaid,4,0,497,Metro,9,4.2,0
ORD107763,2607.49,Groceries,18.3,Prepaid,3,0,617,Tier2,7,3.5,0
ORD107764,1761.08,Beauty,18.8,Prepaid,5,0,437,Tier2,6,4.1,0
ORD107765,719.25,Apparel,8.1,Prepaid,3,1,150,Metro,6,4.1,1
ORD107766,1394.66,Electronics,14.2,Prepaid,7,0,119,Tier3,5,4.0,0
ORD107767,757.61,Footwear,37.2,Prepaid,4,0,124,Metro,5,4.1,0
ORD107768,3253.78,Home,26.1,Prepaid,3,0,1280,Tier3,5,4.3,0
ORD107769,958.61,Beauty,8.1,Prepaid,2,0,7,Metro,6,4.3,0
ORD107770,369.69,Footwear,8.7,Prepaid,3,1,148,Metro,9,5.0,0
ORD107771,1015.42,Electronics,6.3,COD,2,0,16,Metro,2,4.6,0
ORD107772,1606.33,Home,14.2,Prepaid,2,0,50,Metro,3,4.4,0
ORD107773,2401.86,Home,15.7,COD,1,1,52,Tier2,3,2.7,1
ORD107774,481.27,Beauty,28.9,COD,3,1,74,Tier3,7,3.6,0
ORD107775,1877.56,Books,8.7,COD,2,2,70,Metro,3,3.2,0
ORD107776,584.7,Home,13.2,COD,4,2,482,Metro,4,5.0,0
ORD107777,1025.61,Home,15.8,Prepaid,2,2,403,Metro,7,3.0,0
ORD107778,1912.78,Apparel,33.5,COD,4,0,64,Metro,1,3.1,0
ORD107779,484.96,Home,25.0,Prepaid,3,0,67,Metro,6,4.4,0
ORD107780,705.48,Groceries,14.0,COD,3,2,345,Metro,8,3.8,0
ORD107781,1305.12,Beauty,23.8,COD,2,0,396,Tier2,3,3.3,1
ORD107782,959.25,Home,22.3,COD,2,0,101,Tier2,9,4.0,0
ORD107783,1217.86,Books,18.8,COD,5,0,690,Tier2,7,4.3,0
ORD107784,1039.3,Electronics,17.7,COD,7,0,121,Metro,2,3.1,0
ORD107785,2226.49,Beauty,10.4,Prepaid,2,2,401,Tier2,4,4.5,0
ORD107786,2287.01,Electronics,12.5,Prepaid,6,1,188,Tier2,1,3.9,0
ORD107787,1002.83,Footwear,28.6,Prepaid,1,0,139,Metro,4,4.5,0
ORD107788,1511.15,Footwear,30.6,Prepaid,4,1,237,Tier2,5,3.4,0
ORD107789,1064.13,Books,22.3,Prepaid,4,1,18,Tier3,1,4.8,1
ORD107790,1330.04,Footwear,13.7,Prepaid,7,0,93,Tier3,9,4.0,1
ORD107791,1418.3,Books,10.4,Prepaid,1,1,466,Tier3,7,3.9,1
ORD107792,2407.11,Groceries,22.8,COD,4,0,1,Tier2,5,3.5,0
ORD107793,806.69,Beauty,23.7,Prepaid,5,0,124,Metro,1,4.4,0
ORD107794,3451.08,Footwear,19.7,COD,5,0,254,Tier2,8,3.8,1
ORD107795,686.74,Books,13.7,COD,3,1,1230,Metro,3,3.4,0
ORD107796,713.95,Footwear,2.4,Prepaid,7,0,546,Tier3,5,3.5,1
ORD107797,2676.4,Apparel,28.7,COD,2,0,629,Tier3,8,3.4,0
ORD107798,230.63,Books,25.3,COD,3,1,253,Metro,4,4.5,0
ORD107799,880.93,Footwear,8.6,COD,1,0,399,Metro,2,3.9,1
ORD107800,1418.89,Beauty,2.6,COD,3,2,35,Tier3,4,4.6,1
ORD107801,4877.02,Home,31.3,Prepaid,8,1,241,Tier3,7,5.0,0
ORD107802,139.1,Apparel,7.8,Prepaid,7,0,52,Tier3,1,4.7,0
ORD107803,509.17,Beauty,11.3,COD,5,0,398,Tier2,1,4.4,0
ORD107804,362.91,Home,33.0,COD,3,0,1,Tier3,8,3.5,0
ORD107805,1276.19,Apparel,18.1,Prepaid,1,1,121,Tier3,8,3.5,1
ORD107806,2497.63,Books,9.2,Prepaid,5,0,424,Tier2,5,4.3,0
ORD107807,2275.0,Books,19.6,Prepaid,1,0,233,Tier2,9,4.6,0
ORD107808,1724.77,Apparel,35.4,Prepaid,2,2,386,Metro,5,4.3,1
ORD107809,450.69,Beauty,12.5,Prepaid,6,0,624,Tier3,7,3.6,0
ORD107810,826.12,Books,21.9,Prepaid,7,2,201,Tier2,5,4.2,0
ORD107811,1542.47,Electronics,14.6,COD,4,1,54,Tier2,2,4.0,0
ORD107812,2385.88,Beauty,4.0,Prepaid,5,1,382,Tier2,5,3.5,1
ORD107813,2532.47,Groceries,10.0,COD,0,0,354,Tier3,6,2.7,0
ORD107814,1233.71,Apparel,27.9,Prepaid,4,0,760,Tier3,4,4.0,1
ORD107815,2075.28,Beauty,21.6,Prepaid,1,0,204,Tier3,7,3.4,0
ORD107816,945.89,Home,24.6,Prepaid,2,0,64,Metro,4,3.8,0
ORD107817,1882.61,Footwear,42.0,Prepaid,4,0,50,Metro,2,4.4,0
ORD107818,2043.52,Books,41.2,COD,7,0,58,Metro,5,4.6,0
ORD107819,2630.55,Footwear,27.2,COD,4,1,114,Tier2,8,3.6,1
ORD107820,746.32,Books,4.1,Prepaid,4,0,472,Tier3,8,2.9,1
ORD107821,2851.08,Home,20.6,Prepaid,8,0,211,Tier2,1,3.3,0
ORD107822,316.5,Apparel,55.1,COD,1,1,1053,Metro,3,4.8,1
ORD107823,684.37,Beauty,3.3,Prepaid,2,1,122,Metro,1,3.5,1
ORD107824,1397.75,Beauty,7.5,Prepaid,1,1,202,Metro,5,3.8,0
ORD107825,1162.01,Electronics,18.6,Prepaid,4,1,493,Tier2,1,3.4,0
ORD107826,1704.3,Beauty,46.6,Prepaid,5,1,105,Tier2,2,3.4,0
ORD107827,1189.66,Footwear,14.0,COD,4,1,13,Metro,7,3.7,1
ORD107828,491.71,Home,23.5,Prepaid,2,0,312,Tier2,4,3.9,1
ORD107829,653.58,Books,17.8,COD,4,1,14,Tier3,2,4.4,0
ORD107830,1138.05,Beauty,27.5,Prepaid,4,1,262,Metro,8,2.9,0
ORD107831,1464.06,Apparel,12.0,Prepaid,2,0,1,Metro,7,4.4,0
ORD107832,653.0,Home,15.3,COD,1,1,1364,Metro,3,4.2,0
ORD107833,4246.95,Electronics,6.3,Prepaid,3,1,914,Metro,7,4.2,1
ORD107834,478.26,Home,31.1,COD,5,2,660,Tier3,3,4.3,1
ORD107835,864.71,Home,9.8,Prepaid,2,0,77,Tier2,8,4.1,0
ORD107836,1477.44,Groceries,29.3,Prepaid,4,0,141,Tier2,5,4.2,0
ORD107837,2397.75,Groceries,16.3,COD,3,0,107,Metro,7,4.6,0
ORD107838,125.44,Beauty,0.3,Prepaid,3,1,97,Metro,8,4.4,1
ORD107839,1650.32,Home,11.3,COD,3,2,386,Metro,1,4.5,0
ORD107840,5906.01,Footwear,9.1,COD,4,1,107,Metro,1,4.4,1
ORD107841,996.98,Apparel,39.0,COD,2,0,997,Metro,5,5.0,0
ORD107842,1937.84,Electronics,18.5,Prepaid,9,0,295,Metro,6,3.9,0
ORD107843,1749.52,Groceries,4.7,Prepaid,4,1,93,Metro,8,4.1,0
ORD107844,873.45,Books,23.4,COD,4,0,72,Tier2,8,4.9,0
ORD107845,1182.24,Books,6.3,Prepaid,6,2,749,Tier3,9,4.6,0
ORD107846,791.97,Footwear,22.8,Prepaid,5,1,210,Tier2,1,2.8,1
ORD107847,150.41,Footwear,6.9,COD,4,0,380,Tier2,7,3.6,0
ORD107848,727.87,Books,8.8,COD,1,0,272,Tier2,1,4.6,0
ORD107849,961.43,Books,24.0,Prepaid,8,2,17,Tier3,5,4.0,0
ORD107850,931.99,Footwear,13.5,COD,7,0,26,Tier3,5,3.5,0
ORD107851,3115.0,Books,35.0,COD,4,2,102,Tier2,4,3.4,0
ORD107852,3226.31,Electronics,23.5,COD,1,1,49,Metro,5,2.9,1
ORD107853,821.53,Books,13.7,Prepaid,4,0,186,Metro,2,4.0,0
ORD107854,1398.15,Groceries,20.2,COD,5,0,5,Metro,4,4.6,0
ORD107855,50.52,Apparel,59.1,COD,2,0,653,Tier2,8,3.7,0
ORD107856,2522.83,Electronics,32.2,Prepaid,6,0,825,Tier2,1,4.0,0
ORD107857,648.63,Electronics,47.3,COD,5,2,244,Tier3,1,3.7,1
ORD107858,898.83,Beauty,33.9,Prepaid,4,1,584,Metro,8,2.6,1
ORD107859,1178.02,Books,15.0,Prepaid,8,0,581,Tier2,3,3.5,0
ORD107860,975.8,Groceries,22.1,COD,2,0,737,Metro,8,3.4,0
ORD107861,2566.97,Apparel,15.0,COD,3,0,169,Metro,5,4.7,0
ORD107862,1912.31,Footwear,2.3,COD,5,0,1012,Tier2,3,5.0,1
ORD107863,555.55,Footwear,13.9,Prepaid,3,1,2106,Tier2,7,2.9,1
ORD107864,899.66,Books,2.9,COD,4,1,864,Tier3,9,3.3,1
ORD107865,2380.05,Apparel,28.8,Prepaid,3,0,553,Tier2,1,3.8,0
ORD107866,1202.01,Groceries,20.6,Prepaid,5,1,309,Tier3,2,4.6,0
ORD107867,1842.22,Apparel,17.4,COD,6,1,349,Tier2,6,4.7,1
ORD107868,1042.15,Apparel,3.4,Prepaid,3,1,85,Tier2,2,3.9,0
ORD107869,2361.39,Apparel,15.8,Prepaid,7,1,508,Tier3,1,3.3,0
ORD107870,197.54,Electronics,8.1,Prepaid,7,1,182,Tier3,3,4.1,0
ORD107871,1584.76,Electronics,20.9,Prepaid,5,0,359,Tier3,3,3.6,0
ORD107872,4426.79,Groceries,11.0,COD,6,0,157,Metro,3,5.0,1
ORD107873,536.34,Beauty,24.6,Prepaid,6,2,107,Tier3,5,3.0,1
ORD107874,2852.46,Electronics,2.7,Prepaid,4,0,41,Metro,4,3.6,0
ORD107875,795.84,Groceries,37.0,COD,2,0,413,Tier2,7,4.7,1
ORD107876,330.12,Home,44.2,Prepaid,1,0,379,Metro,9,4.7,1
ORD107877,4885.18,Books,8.4,Prepaid,4,2,403,Metro,1,3.5,0
ORD107878,728.69,Groceries,15.9,Prepaid,4,0,907,Tier3,7,3.5,0
ORD107879,6989.01,Books,30.5,COD,2,0,325,Metro,9,3.2,0
ORD107880,1152.91,Footwear,19.7,COD,3,0,104,Tier2,5,4.4,1
ORD107881,1784.09,Home,5.7,COD,7,0,37,Metro,7,4.5,0
ORD107882,2230.96,Books,9.6,COD,5,0,219,Metro,9,4.8,1
ORD107883,1830.45,Apparel,15.9,COD,4,0,168,Metro,7,4.8,0
ORD107884,4819.14,Footwear,40.5,Prepaid,3,1,34,Tier3,3,5.0,0
ORD107885,1306.44,Groceries,33.7,COD,4,1,290,Tier3,8,4.6,1
ORD107886,2497.46,Books,31.9,COD,3,0,753,Tier3,8,3.7,0
ORD107887,1271.51,Books,12.1,Prepaid,4,0,365,Tier2,2,3.7,0
ORD107888,640.92,Footwear,14.3,COD,5,0,147,Tier3,3,3.5,1
ORD107889,301.03,Home,19.2,COD,2,1,121,Metro,6,4.4,1
ORD107890,3923.76,Apparel,31.8,Prepaid,4,1,209,Tier2,4,3.3,0
ORD107891,304.97,Home,11.0,COD,0,0,307,Tier2,5,4.6,0
ORD107892,747.09,Home,4.1,Prepaid,1,1,7,Tier2,7,4.0,1
ORD107893,1398.2,Apparel,13.2,Prepaid,1,0,155,Metro,4,4.7,1
ORD107894,1998.85,Electronics,5.2,Prepaid,1,0,33,Metro,5,4.9,0
ORD107895,670.14,Home,38.4,COD,3,1,67,Tier3,9,4.6,0
ORD107896,2487.19,Electronics,5.0,Prepaid,1,0,541,Tier3,9,4.1,0
ORD107897,1565.02,Electronics,4.1,Prepaid,2,2,739,Metro,5,4.6,0
ORD107898,1931.88,Books,16.2,Prepaid,1,1,319,Tier3,3,4.3,0
ORD107899,830.56,Footwear,15.9,Prepaid,6,0,61,Tier2,5,3.7,0
ORD107900,1512.77,Footwear,38.7,Prepaid,2,0,116,Metro,8,4.9,0
ORD107901,2333.1,Apparel,2.5,COD,9,1,443,Tier2,4,3.0,1
ORD107902,2517.29,Groceries,8.2,COD,2,1,20,Metro,3,4.6,0
ORD107903,735.38,Electronics,2.8,COD,3,3,327,Metro,4,3.6,0
ORD107904,1947.91,Footwear,35.4,COD,5,0,188,Metro,5,3.5,0
ORD107905,903.43,Electronics,20.0,COD,4,1,1039,Tier2,2,3.6,1
ORD107906,1742.61,Footwear,35.8,Prepaid,4,2,1517,Tier2,7,4.5,1
ORD107907,1827.18,Electronics,28.0,Prepaid,5,1,102,Metro,6,4.1,0
ORD107908,1355.98,Home,37.2,COD,3,0,608,Tier3,1,3.7,1
ORD107909,1187.47,Apparel,10.2,COD,5,0,528,Metro,2,5.0,0
ORD107910,659.1,Beauty,22.6,Prepaid,5,0,47,Tier3,5,4.1,0
ORD107911,3307.74,Electronics,35.5,Prepaid,4,0,292,Tier2,1,3.8,0
ORD107912,674.01,Electronics,5.6,COD,2,0,339,Metro,4,3.5,1
ORD107913,2099.35,Home,21.8,Prepaid,3,0,209,Tier2,3,3.9,0
ORD107914,1875.88,Groceries,27.8,COD,5,0,119,Metro,9,4.0,0
ORD107915,1528.63,Beauty,18.3,Prepaid,5,0,820,Metro,5,2.7,1
ORD107916,1331.83,Beauty,30.2,COD,1,0,353,Tier2,6,4.5,0
ORD107917,1864.28,Footwear,29.7,Prepaid,4,1,25,Metro,3,4.4,0
ORD107918,4399.62,Home,15.7,Prepaid,2,0,122,Tier3,5,4.2,0
ORD107919,4691.8,Beauty,36.9,COD,4,1,467,Metro,1,4.3,1
ORD107920,1886.89,Apparel,12.8,Prepaid,4,0,133,Metro,8,3.9,0
ORD107921,1833.95,Beauty,13.2,COD,4,2,126,Tier3,2,4.7,0
ORD107922,2495.69,Groceries,12.4,Prepaid,7,2,144,Tier2,7,4.0,0
ORD107923,2814.56,Books,10.9,COD,6,0,58,Metro,1,3.2,0
ORD107924,1155.8,Apparel,5.3,Prepaid,2,0,352,Metro,9,4.4,1
ORD107925,2843.51,Beauty,26.7,COD,3,1,1,Metro,2,4.2,0
ORD107926,118.11,Beauty,22.8,Prepaid,5,0,21,Tier3,7,4.0,0
ORD107927,443.53,Apparel,15.4,Prepaid,1,1,942,Tier2,1,4.9,0
ORD107928,760.4,Home,32.8,Prepaid,2,1,752,Metro,4,3.3,0
ORD107929,2597.08,Footwear,12.6,Prepaid,5,1,112,Metro,9,4.1,0
ORD107930,971.49,Footwear,1.5,COD,3,0,77,Metro,4,3.2,1
ORD107931,3269.18,Electronics,21.3,COD,3,2,209,Metro,9,3.9,0
ORD107932,2231.0,Electronics,15.3,COD,5,1,143,Tier2,9,4.4,0
ORD107933,1070.4,Home,23.8,COD,5,1,21,Tier3,8,2.8,0
ORD107934,2048.69,Groceries,36.6,Prepaid,2,1,242,Tier3,1,4.9,0
ORD107935,1529.57,Books,27.1,Prepaid,2,0,61,Metro,4,4.8,0
ORD107936,202.18,Home,27.6,Prepaid,4,4,376,Metro,6,3.8,0
ORD107937,311.33,Electronics,5.5,Prepaid,4,0,58,Metro,6,5.0,0
ORD107938,4794.12,Footwear,9.2,COD,5,0,113,Tier2,9,5.0,1
ORD107939,358.36,Footwear,19.4,COD,3,1,137,Metro,5,3.4,1
ORD107940,864.87,Groceries,10.4,Prepaid,4,1,194,Tier2,2,4.7,0
ORD107941,1052.69,Books,46.0,COD,2,0,2,Tier2,1,3.7,0
ORD107942,145.09,Apparel,24.7,COD,6,0,172,Tier2,7,3.7,1
ORD107943,3813.27,Apparel,11.9,COD,5,1,338,Metro,4,3.5,0
ORD107944,2039.87,Electronics,18.0,COD,5,1,267,Metro,5,3.6,1
ORD107945,802.44,Footwear,2.9,Prepaid,6,1,99,Metro,2,4.1,1
ORD107946,789.55,Books,8.5,Prepaid,3,0,191,Tier2,9,4.1,0
ORD107947,2139.64,Footwear,31.2,Prepaid,1,1,315,Metro,6,4.2,0
ORD107948,1457.29,Apparel,29.9,Prepaid,3,1,179,Metro,1,3.6,1
ORD107949,1203.49,Footwear,30.1,COD,3,1,42,Tier2,8,3.9,1
ORD107950,825.39,Books,9.0,Prepaid,5,0,450,Tier2,6,4.3,0
ORD107951,610.38,Books,45.5,Prepaid,2,0,575,Tier3,5,4.2,0
ORD107952,3911.36,Apparel,24.9,COD,4,1,248,Metro,9,4.4,1
ORD107953,1650.7,Beauty,15.4,COD,4,3,792,Metro,4,4.1,1
ORD107954,4086.46,Books,17.2,COD,3,0,161,Tier2,3,3.9,0
ORD107955,592.43,Footwear,14.0,Prepaid,6,2,605,Metro,3,3.0,1
ORD107956,1950.94,Home,14.8,Prepaid,2,1,142,Metro,7,3.5,1
ORD107957,497.57,Books,18.3,Prepaid,6,2,466,Metro,2,4.1,1
ORD107958,947.91,Footwear,6.5,Prepaid,5,0,274,Tier2,2,4.6,0
ORD107959,3971.2,Groceries,11.3,Prepaid,2,1,74,Metro,6,4.0,0
ORD107960,270.5,Beauty,9.6,Prepaid,4,1,118,Metro,8,3.8,0
ORD107961,994.63,Home,14.5,COD,5,0,462,Metro,6,4.0,1
ORD107962,1206.91,Beauty,9.0,COD,2,0,399,Metro,8,4.5,0
ORD107963,221.77,Footwear,10.5,Prepaid,2,2,441,Tier3,8,4.3,1
ORD107964,2273.98,Footwear,12.3,COD,5,0,32,Metro,6,4.0,0
ORD107965,871.63,Groceries,7.2,Prepaid,5,0,46,Tier2,8,3.8,1
ORD107966,1640.7,Electronics,29.3,Prepaid,5,1,173,Metro,4,4.6,0
ORD107967,1200.03,Apparel,3.4,Prepaid,9,1,82,Metro,2,4.3,0
ORD107968,314.77,Electronics,33.4,COD,4,0,298,Tier2,6,4.7,1
ORD107969,213.82,Beauty,11.2,COD,4,3,4,Metro,5,4.5,0
ORD107970,1560.43,Groceries,2.2,COD,4,3,37,Tier3,9,4.2,1
ORD107971,1989.72,Apparel,17.7,Prepaid,4,1,1760,Tier2,4,4.2,1
ORD107972,1125.97,Footwear,37.6,Prepaid,3,0,243,Metro,3,4.5,1
ORD107973,725.9,Apparel,4.7,Prepaid,1,0,289,Tier2,8,3.8,0
ORD107974,1056.7,Groceries,7.4,COD,5,0,71,Tier3,7,3.8,0
ORD107975,2367.3,Electronics,11.4,Prepaid,4,1,913,Tier2,1,3.1,0
ORD107976,209.88,Apparel,11.3,Prepaid,4,0,192,Metro,7,4.1,1
ORD107977,1775.55,Beauty,2.7,Prepaid,2,2,286,Tier2,8,4.6,0
ORD107978,6335.41,Home,12.8,Prepaid,4,0,237,Metro,3,3.9,0
ORD107979,2867.42,Apparel,13.5,COD,1,1,76,Tier2,2,4.0,1
ORD107980,760.84,Groceries,21.4,Prepaid,3,0,324,Metro,1,3.7,0
ORD107981,2208.13,Apparel,18.1,COD,3,0,262,Tier3,3,3.0,0
ORD107982,6725.09,Home,32.6,COD,0,0,408,Tier2,6,3.8,0
ORD107983,2385.15,Groceries,21.8,COD,2,1,631,Metro,5,3.8,1
ORD107984,2009.85,Home,15.5,Prepaid,0,0,228,Tier3,7,2.6,1
ORD107985,560.36,Groceries,15.1,Prepaid,3,1,114,Tier2,5,3.9,0
ORD107986,811.7,Books,26.5,COD,1,1,576,Tier3,7,4.5,1
ORD107987,522.13,Footwear,14.7,Prepaid,4,0,222,Tier2,2,5.0,1
ORD107988,2824.03,Electronics,7.3,COD,2,0,183,Metro,7,3.5,1
ORD107989,4889.98,Beauty,22.0,COD,5,1,141,Tier2,2,4.9,1
ORD107990,1567.3,Home,23.2,COD,2,1,131,Metro,9,4.2,0
ORD107991,1491.46,Apparel,9.9,Prepaid,4,2,97,Metro,1,4.0,0
ORD107992,2437.28,Electronics,17.4,Prepaid,3,0,192,Tier3,7,3.7,0
ORD107993,1270.04,Beauty,17.9,Prepaid,4,0,138,Tier2,5,4.4,0
ORD107994,1317.03,Groceries,14.4,COD,5,0,203,Metro,8,3.3,0
ORD107995,952.2,Groceries,8.6,Prepaid,3,1,639,Metro,2,3.8,0
ORD107996,1623.6,Electronics,11.5,Prepaid,6,1,142,Tier2,1,4.6,0
ORD107997,1264.97,Beauty,10.9,COD,2,2,162,Metro,5,3.4,1
ORD107998,1693.48,Apparel,27.3,COD,4,1,418,Tier3,8,2.5,0
ORD107999,552.18,Footwear,15.5,Prepaid,2,0,168,Tier3,3,4.0,1
ORD108000,1943.37,Books,13.8,COD,2,1,192,Metro,9,4.0,0
ORD108001,3515.62,Home,25.0,Prepaid,6,0,157,Tier2,7,3.1,0
ORD108002,272.56,Electronics,15.9,COD,6,2,60,Metro,1,3.8,1
ORD108003,2520.3,Books,3.3,Prepaid,6,2,992,Tier2,4,4.0,0
ORD108004,1664.92,Electronics,27.5,Prepaid,3,1,314,Tier2,9,3.9,0
ORD108005,863.59,Beauty,23.1,COD,5,0,309,Metro,5,4.9,1
ORD108006,847.32,Footwear,7.1,Prepaid,4,1,90,Metro,1,3.6,1
ORD108007,1178.21,Home,28.4,COD,2,0,532,Metro,6,4.6,0
ORD108008,3372.48,Beauty,27.8,COD,2,2,466,Metro,9,3.4,1
ORD108009,1471.05,Electronics,1.7,COD,9,1,85,Metro,9,3.8,0
ORD108010,1648.38,Books,10.6,COD,6,1,103,Tier2,7,4.5,0
ORD108011,1178.81,Electronics,11.0,COD,10,1,203,Metro,9,4.4,1
ORD108012,2002.43,Books,9.5,COD,4,1,54,Metro,7,3.8,0
ORD108013,1434.25,Electronics,20.3,COD,5,0,167,Tier2,8,5.0,0
ORD108014,2019.36,Beauty,46.4,Prepaid,5,2,573,Tier3,2,4.5,0
ORD108015,1988.52,Apparel,23.7,COD,9,1,190,Metro,6,4.1,1
ORD108016,2260.12,Footwear,12.7,COD,5,0,136,Tier3,8,3.7,1
ORD108017,2088.79,Books,21.7,COD,4,2,85,Metro,9,4.0,0
ORD108018,1284.02,Footwear,4.0,Prepaid,3,0,36,Metro,6,4.2,1
ORD108019,2552.65,Home,5.8,COD,5,0,330,Tier3,9,3.7,0
ORD108020,1460.16,Beauty,23.1,COD,4,1,136,Metro,3,3.0,1
ORD108021,768.44,Groceries,4.4,Prepaid,2,0,175,Tier2,3,4.9,0
ORD108022,1222.82,Books,17.8,COD,6,0,2067,Tier2,4,4.7,0
ORD108023,3201.07,Apparel,19.5,Prepaid,5,0,311,Metro,9,4.5,0
ORD108024,1440.71,Groceries,16.9,Prepaid,6,3,126,Tier2,3,4.1,0
ORD108025,2081.05,Electronics,6.1,COD,4,0,647,Tier2,6,3.9,1
ORD108026,4079.95,Beauty,28.9,Prepaid,4,1,410,Metro,6,4.9,0
ORD108027,1543.17,Footwear,29.2,Prepaid,0,0,8,Metro,3,4.2,1
ORD108028,3081.93,Beauty,16.0,Prepaid,5,0,52,Metro,9,2.6,0
ORD108029,331.94,Home,29.7,Prepaid,1,0,105,Tier2,7,4.0,0
ORD108030,802.58,Groceries,42.0,COD,2,0,983,Metro,6,4.1,1
ORD108031,3021.03,Books,38.9,COD,2,1,213,Tier3,9,3.1,0
ORD108032,1201.49,Books,18.9,Prepaid,4,2,590,Tier3,4,3.4,0
ORD108033,595.26,Home,33.9,Prepaid,3,1,3,Tier3,7,4.3,0
ORD108034,1560.78,Electronics,8.3,COD,4,1,574,Tier3,6,3.5,0
ORD108035,1386.24,Beauty,3.9,COD,4,1,773,Tier3,1,5.0,1
ORD108036,2153.53,Footwear,15.1,Prepaid,6,2,20,Tier2,6,2.8,0
ORD108037,970.33,Beauty,6.4,COD,6,1,7,Metro,6,3.4,0
ORD108038,2116.4,Books,36.1,COD,4,0,960,Tier3,5,5.0,0
ORD108039,2797.0,Footwear,21.2,Prepaid,1,1,150,Tier2,8,4.1,1
ORD108040,1779.81,Books,12.4,COD,9,0,31,Tier2,2,3.0,0
ORD108041,1202.11,Books,13.0,Prepaid,5,1,617,Tier2,5,4.0,0
ORD108042,672.48,Groceries,10.5,Prepaid,0,0,732,Metro,7,3.6,1
ORD108043,428.58,Footwear,16.9,COD,2,1,171,Tier2,7,4.3,1
ORD108044,656.0,Books,30.0,COD,4,0,147,Metro,7,3.0,0
ORD108045,379.7,Books,35.0,Prepaid,4,0,101,Metro,6,4.2,0
ORD108046,730.81,Electronics,43.0,Prepaid,7,1,15,Metro,8,3.7,0
ORD108047,712.52,Books,19.1,COD,5,1,241,Metro,5,3.6,0
ORD108048,790.48,Home,21.2,Prepaid,3,1,14,Metro,1,4.2,1
ORD108049,1454.78,Home,1.1,Prepaid,3,0,216,Tier2,9,5.0,0
ORD108050,1372.19,Apparel,20.8,COD,2,0,210,Metro,5,5.0,0
ORD108051,1040.94,Books,15.9,Prepaid,5,0,531,Metro,6,4.1,0
ORD108052,448.35,Beauty,3.9,Prepaid,3,2,253,Tier3,8,4.2,0
ORD108053,1111.54,Home,8.9,COD,4,2,87,Tier2,3,4.4,1
ORD108054,535.66,Beauty,15.6,Prepaid,2,2,67,Tier2,6,4.5,1
ORD108055,1330.8,Electronics,24.5,Prepaid,2,0,117,Tier2,1,3.3,0
ORD108056,2984.43,Home,10.6,COD,4,1,709,Tier2,2,4.2,0
ORD108057,2090.65,Footwear,21.3,Prepaid,5,0,11,Metro,6,4.6,0
ORD108058,481.07,Groceries,15.2,Prepaid,6,0,301,Tier3,8,4.1,0
ORD108059,1641.57,Groceries,14.2,COD,4,1,290,Metro,1,4.8,1
ORD108060,2610.22,Apparel,46.4,Prepaid,3,1,44,Metro,9,3.7,1
ORD108061,291.26,Home,10.0,Prepaid,2,1,595,Tier2,9,4.2,0
ORD108062,193.02,Groceries,3.8,COD,8,0,383,Metro,1,4.8,1
ORD108063,1620.44,Beauty,9.2,COD,5,1,22,Metro,8,4.7,0
ORD108064,852.57,Home,19.4,COD,5,1,176,Metro,5,2.5,0
ORD108065,852.37,Apparel,28.0,COD,3,1,120,Tier2,9,3.9,1
ORD108066,1429.15,Apparel,4.6,COD,7,2,300,Tier2,7,4.2,0
ORD108067,822.99,Groceries,5.5,Prepaid,1,0,52,Metro,7,4.1,0
ORD108068,2273.74,Beauty,26.9,COD,4,1,80,Tier2,8,3.4,0
ORD108069,744.25,Books,9.9,COD,6,1,40,Tier2,7,4.5,0
ORD108070,432.62,Books,10.5,COD,4,1,88,Metro,4,4.0,0
ORD108071,1586.5,Apparel,9.0,Prepaid,5,0,26,Metro,3,4.4,1
ORD108072,593.69,Electronics,16.5,COD,4,2,95,Tier3,5,4.6,1
ORD108073,2703.06,Footwear,19.0,COD,3,0,61,Tier2,2,3.7,1
ORD108074,456.81,Home,50.5,COD,5,2,675,Tier2,1,3.6,1
ORD108075,2372.51,Home,7.4,Prepaid,2,0,577,Metro,2,4.5,0
ORD108076,1977.15,Apparel,2.6,Prepaid,7,0,40,Tier2,2,4.5,0
ORD108077,3179.43,Electronics,24.9,Prepaid,1,1,229,Metro,1,4.3,1
ORD108078,3991.64,Beauty,26.8,COD,5,0,188,Tier3,3,3.6,1
ORD108079,1653.0,Apparel,24.0,COD,2,0,422,Metro,6,3.2,1
ORD108080,635.37,Electronics,26.0,COD,3,0,149,Tier3,7,4.7,0
ORD108081,1469.44,Groceries,10.4,COD,2,0,751,Metro,9,4.2,0
ORD108082,324.22,Home,6.6,COD,3,0,132,Metro,1,4.5,0
ORD108083,2560.2,Beauty,1.8,Prepaid,3,1,92,Metro,7,3.2,0
ORD108084,1084.13,Apparel,27.6,Prepaid,6,2,406,Tier2,7,5.0,0
ORD108085,4191.19,Beauty,19.7,Prepaid,4,1,84,Tier3,4,4.5,0
ORD108086,485.78,Beauty,31.4,COD,3,1,176,Tier2,6,3.1,0
ORD108087,785.39,Electronics,6.5,Prepaid,0,0,673,Metro,6,4.9,1
ORD108088,1180.9,Footwear,2.5,Prepaid,6,0,486,Tier3,1,4.1,0
ORD108089,2499.92,Books,56.1,COD,5,0,126,Metro,1,4.7,0
ORD108090,3496.86,Footwear,12.7,COD,9,2,137,Tier2,4,4.8,0
ORD108091,1087.09,Footwear,26.8,Prepaid,6,1,327,Metro,4,3.1,0
ORD108092,1972.61,Footwear,30.6,Prepaid,10,2,270,Metro,5,3.8,0
ORD108093,5403.92,Home,21.1,COD,5,2,79,Tier2,3,3.5,1
ORD108094,1265.65,Books,41.9,Prepaid,2,1,429,Tier3,3,4.6,0
ORD108095,1509.75,Apparel,12.6,Prepaid,3,1,3,Metro,4,4.5,0
ORD108096,2065.76,Beauty,13.1,COD,4,0,27,Tier2,7,4.1,0
ORD108097,664.43,Books,39.1,Prepaid,5,1,427,Tier3,8,4.7,0
ORD108098,1608.04,Apparel,10.3,Prepaid,3,0,87,Tier3,9,4.9,0
ORD108099,1878.06,Beauty,23.1,Prepaid,3,2,891,Metro,8,5.0,1
ORD108100,1432.82,Apparel,29.9,Prepaid,0,0,158,Tier2,8,3.2,0
ORD108101,507.43,Groceries,12.7,Prepaid,4,0,83,Tier3,1,3.9,0
ORD108102,855.7,Books,28.0,COD,2,0,286,Metro,6,4.0,0
ORD108103,1371.04,Books,10.3,Prepaid,4,1,23,Metro,7,3.1,0
ORD108104,2955.44,Apparel,7.4,COD,4,1,189,Metro,9,3.9,1
ORD108105,1406.6,Footwear,28.0,Prepaid,3,1,77,Metro,3,3.8,0
ORD108106,1150.73,Footwear,21.3,COD,3,0,804,Metro,6,4.3,1
ORD108107,1588.83,Apparel,25.4,COD,8,0,759,Tier3,9,3.7,1
ORD108108,141.02,Electronics,24.4,Prepaid,7,0,917,Metro,2,3.5,0
ORD108109,2155.55,Home,9.2,Prepaid,1,0,140,Tier2,1,4.1,0
ORD108110,4653.77,Footwear,22.5,COD,5,0,67,Tier3,6,4.2,0
ORD108111,678.68,Footwear,3.2,COD,3,0,135,Metro,8,3.5,1
ORD108112,250.75,Beauty,31.2,COD,6,0,19,Tier3,5,3.8,0
ORD108113,1511.82,Books,3.8,Prepaid,2,1,34,Metro,5,3.1,0
ORD108114,917.42,Home,31.9,COD,7,2,92,Metro,9,4.2,0
ORD108115,2046.21,Footwear,19.2,COD,1,0,579,Metro,5,4.1,1
ORD108116,2130.97,Home,36.3,Prepaid,0,0,349,Tier2,7,4.1,1
ORD108117,631.36,Home,20.9,COD,2,1,1041,Tier3,5,3.3,0
ORD108118,833.87,Apparel,41.0,COD,4,1,149,Metro,3,3.8,1
ORD108119,423.7,Groceries,40.3,COD,3,1,180,Metro,2,4.9,1
ORD108120,218.05,Home,27.3,COD,5,1,242,Metro,1,2.2,1
ORD108121,644.86,Apparel,24.4,COD,1,0,190,Tier2,2,3.1,1
ORD108122,467.44,Home,4.0,Prepaid,4,3,457,Tier3,4,4.4,1
ORD108123,531.97,Footwear,7.6,Prepaid,4,0,20,Metro,5,4.6,0
ORD108124,1825.81,Electronics,4.2,COD,3,0,218,Tier2,8,4.3,0
ORD108125,804.67,Home,36.5,Prepaid,6,0,824,Metro,3,3.7,0
ORD108126,898.98,Home,29.7,Prepaid,7,1,276,Tier3,8,4.0,0
ORD108127,2785.45,Electronics,32.6,Prepaid,3,0,897,Metro,5,3.1,0
ORD108128,1025.24,Electronics,2.3,COD,6,1,706,Metro,7,4.0,0
ORD108129,890.94,Footwear,34.6,COD,1,1,1030,Metro,2,3.9,1
ORD108130,3792.5,Groceries,7.6,Prepaid,5,0,267,Tier2,8,3.8,0
ORD108131,3318.68,Beauty,19.5,Prepaid,4,1,575,Tier3,8,3.4,1
ORD108132,2416.25,Apparel,22.0,Prepaid,4,1,690,Metro,8,4.3,1
ORD108133,3371.29,Footwear,33.8,Prepaid,8,0,339,Tier3,6,3.3,1
ORD108134,907.98,Groceries,33.7,Prepaid,2,1,11,Tier2,5,4.3,0
ORD108135,273.65,Beauty,42.5,COD,2,0,13,Metro,7,4.6,1
ORD108136,407.42,Electronics,6.8,Prepaid,5,1,336,Tier2,1,2.7,1
ORD108137,1414.76,Footwear,25.7,COD,2,0,218,Metro,4,3.1,1
ORD108138,1138.01,Home,19.8,Prepaid,4,2,70,Tier3,2,4.1,0
ORD108139,1013.89,Footwear,22.1,COD,2,1,574,Tier2,9,4.3,0
ORD108140,161.92,Electronics,11.8,COD,3,1,444,Tier3,6,4.3,1
ORD108141,3324.03,Footwear,28.6,Prepaid,5,0,487,Metro,2,3.8,1
ORD108142,2122.54,Electronics,42.1,Prepaid,3,2,396,Tier3,2,3.0,0
ORD108143,393.85,Footwear,7.3,COD,4,2,25,Metro,3,3.5,1
ORD108144,507.07,Books,17.7,COD,4,1,154,Tier3,1,5.0,0
ORD108145,337.34,Groceries,28.0,COD,2,0,30,Tier3,7,4.7,1
ORD108146,863.65,Groceries,17.3,COD,6,2,371,Tier2,9,3.7,1
ORD108147,356.65,Books,24.4,COD,4,1,129,Metro,1,4.8,0
ORD108148,2884.46,Home,27.8,COD,5,0,400,Tier3,3,5.0,0
ORD108149,1568.74,Electronics,24.4,Prepaid,4,1,72,Metro,7,4.3,0
ORD108150,1342.12,Groceries,16.2,Prepaid,4,2,134,Metro,6,2.3,0
ORD108151,539.16,Books,27.1,COD,4,0,1711,Metro,6,4.2,0
ORD108152,894.99,Groceries,39.5,Prepaid,1,0,119,Metro,1,4.2,1
ORD108153,310.81,Groceries,23.5,COD,7,1,96,Metro,9,4.0,0
ORD108154,1860.72,Groceries,10.9,Prepaid,2,2,515,Metro,6,3.2,0
ORD108155,2475.33,Home,14.3,Prepaid,7,0,119,Metro,6,3.8,0
ORD108156,78.54,Home,16.1,COD,2,0,157,Metro,3,4.5,0
ORD108157,1271.31,Electronics,24.0,Prepaid,3,0,482,Metro,9,3.8,1
ORD108158,513.48,Groceries,24.9,COD,3,0,598,Metro,1,2.9,1
ORD108159,1222.09,Home,15.6,COD,4,0,127,Tier3,3,3.7,1
ORD108160,1407.18,Home,19.2,COD,3,1,321,Tier3,5,3.4,1
ORD108161,647.2,Books,6.9,Prepaid,2,0,43,Metro,2,3.1,0
ORD108162,1104.77,Electronics,2.4,Prepaid,5,3,616,Metro,8,4.0,1
ORD108163,807.71,Electronics,35.4,COD,4,0,746,Metro,2,5.0,0
ORD108164,1272.52,Beauty,15.3,COD,2,2,249,Metro,5,4.2,0
ORD108165,1687.57,Groceries,22.0,Prepaid,4,0,266,Tier3,6,4.9,0
ORD108166,1811.81,Apparel,19.9,COD,3,0,379,Tier3,7,3.0,1
ORD108167,1097.98,Groceries,11.3,COD,4,1,190,Tier2,2,3.9,0
ORD108168,3338.6,Beauty,30.8,Prepaid,3,1,2,Tier2,7,4.1,0
ORD108169,3003.93,Books,26.8,Prepaid,3,1,300,Metro,4,3.2,0
ORD108170,2530.78,Groceries,22.4,Prepaid,5,0,163,Metro,6,4.2,0
ORD108171,2212.08,Electronics,23.7,COD,2,0,234,Metro,5,4.7,0
ORD108172,1449.44,Home,29.0,COD,5,1,433,Tier2,1,3.9,0
ORD108173,3920.92,Books,33.0,Prepaid,6,1,583,Tier3,8,4.0,0
ORD108174,1573.6,Apparel,47.3,COD,3,1,145,Tier3,3,4.1,1
ORD108175,5144.94,Groceries,31.6,COD,2,0,277,Tier2,5,3.2,0
ORD108176,505.18,Apparel,31.7,COD,3,0,1297,Metro,7,3.8,1
ORD108177,657.26,Books,12.1,COD,1,0,271,Tier2,8,4.1,0
ORD108178,376.47,Beauty,39.6,Prepaid,5,0,154,Metro,1,3.3,0
ORD108179,535.82,Books,26.3,Prepaid,5,0,76,Metro,5,4.0,0
ORD108180,713.21,Electronics,25.5,Prepaid,1,0,26,Tier3,5,3.7,0
ORD108181,657.09,Beauty,14.2,Prepaid,2,1,145,Tier3,8,4.6,1
ORD108182,720.3,Apparel,23.5,Prepaid,5,0,429,Metro,6,4.4,0
ORD108183,1267.98,Beauty,25.6,Prepaid,6,0,145,Tier2,5,4.4,0
ORD108184,1827.14,Beauty,32.6,COD,5,0,45,Tier2,1,2.8,0
ORD108185,1905.63,Beauty,17.8,Prepaid,6,0,500,Tier2,2,4.8,0
ORD108186,2837.84,Beauty,21.9,COD,5,0,143,Tier2,7,4.1,0
ORD108187,2913.18,Groceries,15.5,Prepaid,4,1,953,Metro,3,3.2,0
ORD108188,521.95,Home,20.7,COD,3,0,514,Tier2,3,3.2,1
ORD108189,550.44,Home,29.0,Prepaid,4,0,31,Metro,7,3.4,1
ORD108190,718.77,Footwear,6.7,COD,4,1,670,Tier3,8,3.6,0
ORD108191,2075.64,Beauty,17.2,Prepaid,2,0,638,Metro,9,4.0,0
ORD108192,800.24,Apparel,22.8,COD,3,0,42,Metro,4,3.4,0
ORD108193,1750.79,Books,44.2,COD,5,0,65,Tier3,7,4.6,0
ORD108194,2005.3,Groceries,21.6,COD,3,1,468,Metro,7,4.1,0
ORD108195,61.51,Footwear,32.8,Prepaid,6,0,544,Metro,1,3.4,0
ORD108196,1625.04,Beauty,17.4,COD,5,1,104,Tier2,4,5.0,1
ORD108197,820.37,Apparel,40.2,Prepaid,3,1,894,Tier2,8,3.6,0
ORD108198,1574.15,Books,37.2,Prepaid,4,1,186,Tier2,7,4.8,0
ORD108199,2389.81,Beauty,19.1,Prepaid,5,1,101,Metro,2,3.6,0
ORD108200,396.58,Footwear,10.4,Prepaid,5,1,34,Metro,9,4.1,0
ORD108201,1628.32,Footwear,22.3,COD,7,0,360,Tier2,5,4.4,0
ORD108202,4693.34,Footwear,3.9,Prepaid,7,1,362,Tier3,8,2.6,0
ORD108203,1614.13,Beauty,12.1,COD,1,1,146,Tier3,9,3.6,0
ORD108204,2025.44,Apparel,14.3,COD,1,0,242,Tier2,7,3.9,0
ORD108205,2335.2,Footwear,26.0,Prepaid,3,0,249,Tier2,1,3.5,1
ORD108206,1503.65,Apparel,21.5,COD,8,0,61,Metro,9,3.6,1
ORD108207,1957.21,Footwear,21.8,COD,3,1,38,Tier3,2,4.6,0
ORD108208,1591.33,Electronics,8.1,Prepaid,2,0,72,Tier2,4,4.8,0
ORD108209,588.11,Apparel,7.9,Prepaid,3,0,534,Metro,3,4.1,0
ORD108210,969.34,Books,28.9,Prepaid,4,0,46,Metro,5,3.4,0
ORD108211,694.59,Apparel,11.0,COD,3,1,328,Metro,1,4.6,1
ORD108212,885.76,Home,3.5,COD,4,0,197,Metro,7,3.9,0
ORD108213,1652.17,Home,23.8,Prepaid,4,1,153,Metro,4,4.3,0
ORD108214,2852.77,Apparel,6.1,COD,3,0,29,Tier2,2,3.6,1
ORD108215,340.67,Groceries,11.4,Prepaid,8,0,46,Tier2,8,3.8,0
ORD108216,766.92,Footwear,11.6,Prepaid,3,0,196,Tier2,3,5.0,0
ORD108217,1239.41,Apparel,14.8,COD,2,1,969,Tier2,4,4.3,1
ORD108218,164.23,Books,20.7,Prepaid,3,1,253,Tier2,3,3.8,0
ORD108219,2009.57,Groceries,5.6,Prepaid,4,2,14,Tier3,8,3.2,0
ORD108220,228.18,Footwear,9.1,Prepaid,2,0,213,Tier3,5,3.5,1
ORD108221,2500.08,Apparel,25.4,Prepaid,3,0,19,Metro,4,3.3,0
ORD108222,1936.34,Apparel,20.7,COD,7,3,245,Metro,8,4.2,0
ORD108223,597.96,Electronics,29.9,Prepaid,1,1,267,Tier3,7,3.8,1
ORD108224,1051.1,Books,23.5,Prepaid,2,0,337,Metro,2,5.0,0
ORD108225,1063.78,Beauty,18.7,Prepaid,4,2,5,Tier2,2,3.5,0
ORD108226,368.87,Groceries,21.4,Prepaid,7,0,565,Tier3,3,2.9,1
ORD108227,2315.79,Books,9.1,COD,6,0,65,Tier2,3,4.6,0
ORD108228,774.75,Groceries,4.9,Prepaid,2,1,620,Tier3,1,3.3,0
ORD108229,1063.69,Beauty,33.0,Prepaid,10,1,104,Metro,3,5.0,0
ORD108230,380.36,Home,10.8,Prepaid,3,0,67,Tier3,5,3.8,0
ORD108231,1670.69,Beauty,19.3,Prepaid,7,0,61,Metro,2,3.8,0
ORD108232,1665.26,Beauty,19.5,Prepaid,5,0,113,Tier2,5,3.2,0
ORD108233,5155.64,Home,10.5,Prepaid,2,0,306,Metro,2,4.0,0
ORD108234,1359.62,Electronics,38.6,COD,4,1,903,Tier2,6,3.7,0
ORD108235,104.72,Books,34.4,COD,4,0,111,Tier2,2,2.8,1
ORD108236,757.42,Footwear,23.1,Prepaid,6,3,418,Metro,6,4.9,1
ORD108237,1238.9,Groceries,24.5,Prepaid,1,1,249,Tier2,2,4.2,0
ORD108238,200.31,Beauty,27.5,COD,6,0,109,Tier2,2,4.1,0
ORD108239,2097.67,Electronics,15.2,COD,3,0,49,Metro,2,4.7,1
ORD108240,159.47,Home,14.7,Prepaid,3,0,425,Tier2,9,4.4,0
ORD108241,1451.56,Books,42.9,Prepaid,2,0,52,Tier2,7,4.1,0
ORD108242,1958.83,Home,22.2,Prepaid,2,0,215,Metro,4,4.4,0
ORD108243,535.72,Footwear,35.6,Prepaid,5,1,59,Tier2,4,3.9,1
ORD108244,198.45,Groceries,23.1,Prepaid,6,1,90,Metro,8,5.0,1
ORD108245,3262.29,Groceries,23.4,Prepaid,3,0,135,Metro,3,3.9,0
ORD108246,1559.79,Groceries,29.5,Prepaid,2,1,502,Tier2,7,4.5,0
ORD108247,648.31,Groceries,18.4,Prepaid,3,0,536,Tier2,2,3.4,0
ORD108248,2968.13,Footwear,7.1,Prepaid,1,1,116,Metro,2,3.4,1
ORD108249,3574.85,Books,23.3,Prepaid,5,1,484,Tier2,3,4.0,0
ORD108250,473.88,Footwear,15.9,Prepaid,6,0,235,Metro,3,2.9,1
ORD108251,601.12,Books,21.7,COD,6,1,37,Tier3,9,4.7,1
ORD108252,278.89,Groceries,11.4,COD,5,0,340,Metro,3,3.8,0
ORD108253,1483.03,Apparel,31.0,COD,3,1,67,Tier3,8,4.6,0
ORD108254,2788.75,Home,6.0,COD,5,0,177,Tier2,7,4.8,1
ORD108255,2546.35,Groceries,22.1,COD,3,1,66,Tier2,5,4.4,0
ORD108256,294.49,Books,10.0,Prepaid,3,1,212,Tier3,8,4.1,0
ORD108257,1193.6,Apparel,4.5,Prepaid,9,0,140,Tier2,9,3.7,1
ORD108258,4758.97,Home,27.6,COD,8,0,816,Metro,9,3.3,0
ORD108259,1943.94,Footwear,14.3,Prepaid,4,2,579,Tier2,3,2.7,1
ORD108260,1332.88,Beauty,32.0,COD,6,1,171,Metro,9,5.0,1
ORD108261,750.07,Groceries,2.6,Prepaid,5,0,258,Tier2,1,4.5,0
ORD108262,1460.9,Books,12.7,COD,1,1,972,Tier3,7,2.7,1
ORD108263,1402.38,Beauty,15.1,COD,1,0,123,Tier3,5,3.8,1
ORD108264,2682.65,Home,27.8,Prepaid,2,0,205,Tier3,7,4.4,1
ORD108265,6804.66,Books,11.4,COD,2,0,215,Metro,6,4.1,1
ORD108266,1259.27,Electronics,31.7,COD,6,0,150,Metro,6,4.0,0
ORD108267,1205.85,Groceries,11.6,COD,3,0,142,Tier2,7,3.4,0
ORD108268,1643.88,Electronics,26.7,COD,3,1,18,Tier2,8,4.3,0
ORD108269,2422.9,Footwear,10.8,Prepaid,4,1,537,Metro,5,4.5,0
ORD108270,313.11,Apparel,13.2,COD,4,0,202,Metro,6,4.4,0
ORD108271,1940.02,Apparel,0.8,COD,9,1,85,Metro,9,2.9,0
ORD108272,3707.27,Home,9.5,Prepaid,3,0,409,Tier2,7,3.0,1
ORD108273,983.28,Books,12.8,COD,5,0,109,Tier3,9,3.8,0
ORD108274,1187.87,Groceries,15.7,Prepaid,4,0,46,Metro,6,4.5,0
ORD108275,1858.95,Apparel,15.0,Prepaid,3,0,736,Tier3,4,3.9,0
ORD108276,1529.34,Beauty,24.1,COD,4,0,528,Tier2,9,3.5,1
ORD108277,2326.63,Home,22.7,Prepaid,1,1,68,Tier3,6,3.7,1
ORD108278,2409.51,Electronics,4.1,Prepaid,4,1,397,Metro,7,4.8,0
ORD108279,448.1,Footwear,33.3,Prepaid,5,0,79,Tier2,3,4.8,0
ORD108280,3001.26,Home,7.9,Prepaid,3,0,199,Tier2,6,3.5,0
ORD108281,948.86,Groceries,4.7,Prepaid,1,0,264,Metro,9,3.5,1
ORD108282,2291.37,Home,29.4,COD,2,0,46,Metro,1,4.4,0
ORD108283,4837.0,Electronics,30.6,COD,1,0,250,Tier3,4,2.6,0
ORD108284,1477.51,Books,30.3,COD,6,0,249,Metro,1,4.2,0
ORD108285,1678.04,Groceries,34.7,Prepaid,2,0,23,Metro,7,4.4,0
ORD108286,1433.46,Beauty,5.4,Prepaid,4,0,886,Tier2,5,4.1,0
ORD108287,2219.78,Apparel,45.2,Prepaid,1,0,24,Tier2,7,4.7,0
ORD108288,657.85,Books,12.1,Prepaid,7,1,424,Tier2,7,3.8,0
ORD108289,123.71,Footwear,13.8,COD,7,0,379,Metro,2,4.9,0
ORD108290,1596.27,Groceries,12.4,COD,6,0,213,Tier2,9,4.3,0
ORD108291,736.05,Books,8.8,COD,4,1,175,Metro,3,5.0,0
ORD108292,2047.62,Home,15.8,Prepaid,6,0,306,Metro,4,3.6,1
ORD108293,1081.6,Books,29.2,Prepaid,4,1,417,Metro,4,3.8,0
ORD108294,1932.06,Books,55.3,Prepaid,5,2,735,Tier2,9,3.7,0
ORD108295,3860.52,Footwear,19.8,Prepaid,0,0,138,Metro,4,4.1,0
ORD108296,1463.95,Footwear,7.7,COD,8,1,129,Metro,9,4.0,1
ORD108297,1198.15,Books,43.6,Prepaid,2,0,113,Metro,5,4.5,0
ORD108298,840.58,Home,11.1,Prepaid,2,1,257,Tier2,5,4.5,0
ORD108299,1453.05,Footwear,10.9,Prepaid,7,0,166,Metro,4,3.0,0
ORD108300,568.1,Groceries,35.8,Prepaid,5,0,198,Tier3,6,4.0,0
ORD108301,258.19,Electronics,26.2,COD,3,0,159,Tier2,3,4.4,1
ORD108302,454.58,Apparel,14.1,Prepaid,5,0,445,Tier2,7,4.2,1
ORD108303,431.93,Apparel,8.1,COD,5,0,69,Tier2,8,5.0,1
ORD108304,2389.12,Electronics,24.8,Prepaid,4,0,128,Tier2,9,4.0,0
ORD108305,2082.41,Footwear,15.5,Prepaid,1,1,333,Metro,7,2.8,1
ORD108306,1315.55,Groceries,4.8,Prepaid,4,0,242,Tier3,1,4.3,0
ORD108307,157.38,Beauty,2.3,Prepaid,3,3,335,Tier2,4,3.8,0
ORD108308,1173.4,Electronics,37.2,Prepaid,4,0,190,Metro,6,3.9,0
ORD108309,2021.04,Footwear,15.6,COD,1,1,84,Tier3,2,3.4,1
ORD108310,568.4,Home,23.1,Prepaid,2,0,674,Metro,3,2.9,0
ORD108311,2063.31,Books,3.4,Prepaid,3,0,206,Tier2,4,4.2,0
ORD108312,707.44,Apparel,13.4,Prepaid,2,0,348,Metro,8,3.8,0
ORD108313,3448.11,Beauty,45.2,COD,1,1,128,Metro,4,4.2,1
ORD108314,567.5,Home,20.5,COD,2,0,602,Tier3,5,4.0,1
ORD108315,785.25,Books,28.6,COD,5,1,234,Tier2,7,4.2,0
ORD108316,2905.69,Electronics,23.9,COD,5,0,349,Metro,6,3.1,0
ORD108317,2977.88,Beauty,19.3,COD,3,1,545,Tier2,2,4.0,1
ORD108318,2702.68,Groceries,13.1,Prepaid,1,1,51,Metro,1,3.6,0
ORD108319,1995.41,Apparel,14.4,Prepaid,6,0,350,Tier2,9,4.0,1
ORD108320,1125.43,Apparel,31.1,Prepaid,7,0,24,Tier3,8,4.0,0
ORD108321,1359.19,Footwear,18.5,Prepaid,3,0,293,Tier2,9,3.6,0
ORD108322,563.95,Groceries,40.5,COD,2,0,54,Metro,2,3.5,1
ORD108323,387.42,Beauty,13.2,Prepaid,2,0,147,Metro,7,3.3,0
ORD108324,645.31,Home,9.3,Prepaid,6,3,477,Tier2,1,3.4,1
ORD108325,1397.68,Apparel,50.0,COD,8,0,3,Tier2,1,4.8,1
ORD108326,737.78,Footwear,14.0,Prepaid,2,0,1223,Tier3,1,4.7,0
ORD108327,1038.36,Apparel,2.0,COD,2,1,144,Metro,7,5.0,0
ORD108328,2356.18,Apparel,14.1,COD,2,0,162,Tier3,3,4.3,1
ORD108329,1258.97,Books,11.4,COD,6,0,706,Metro,6,3.3,0
ORD108330,1537.43,Books,21.4,COD,1,0,16,Metro,3,5.0,0
ORD108331,1140.2,Apparel,45.2,Prepaid,8,0,137,Tier3,3,4.0,1
ORD108332,883.52,Electronics,10.5,COD,4,0,224,Metro,1,4.9,0
ORD108333,325.91,Electronics,19.7,Prepaid,7,0,480,Metro,1,3.9,0
ORD108334,1218.0,Home,13.4,COD,5,0,53,Tier2,6,4.0,0
ORD108335,3699.7,Footwear,15.7,Prepaid,6,0,272,Metro,3,3.9,0
ORD108336,2018.32,Beauty,38.3,Prepaid,3,0,747,Metro,1,4.5,0
ORD108337,1152.71,Groceries,34.3,COD,3,0,253,Tier2,3,5.0,0
ORD108338,2824.97,Footwear,52.3,COD,5,0,2,Tier2,4,5.0,0
ORD108339,965.49,Home,10.9,Prepaid,4,1,359,Metro,4,3.4,1
ORD108340,2603.27,Electronics,12.0,COD,2,1,91,Metro,1,4.0,0
ORD108341,1042.08,Groceries,40.5,Prepaid,2,2,469,Metro,9,3.8,0
ORD108342,1396.9,Apparel,45.7,COD,0,0,1192,Metro,4,3.8,1
ORD108343,1325.18,Beauty,26.9,Prepaid,6,0,19,Tier2,4,2.8,1
ORD108344,381.42,Electronics,26.7,Prepaid,6,1,170,Metro,1,4.2,1
ORD108345,1204.2,Groceries,19.6,COD,4,1,48,Metro,9,3.5,0
ORD108346,1220.05,Groceries,18.5,Prepaid,6,0,253,Metro,5,4.1,0
ORD108347,1559.85,Electronics,1.8,COD,3,0,171,Metro,3,3.6,0
ORD108348,1044.87,Groceries,28.1,Prepaid,5,3,83,Metro,3,3.5,0
ORD108349,1571.54,Apparel,48.3,Prepaid,2,1,363,Tier3,8,4.0,0
ORD108350,2137.09,Home,8.5,COD,3,0,1282,Metro,4,4.4,1
ORD108351,428.93,Apparel,20.1,COD,8,2,317,Metro,4,4.4,0
ORD108352,1329.3,Footwear,23.5,Prepaid,3,0,255,Tier2,3,3.6,0
ORD108353,2693.39,Books,16.1,Prepaid,6,0,364,Metro,6,3.2,0
ORD108354,355.07,Home,36.0,Prepaid,5,0,519,Metro,6,4.4,0
ORD108355,3924.8,Books,13.0,Prepaid,6,0,563,Metro,4,4.5,0
ORD108356,449.67,Electronics,6.6,COD,5,2,38,Tier2,5,3.5,0
ORD108357,5390.35,Apparel,16.9,Prepaid,4,1,24,Tier3,8,4.0,1
ORD108358,2372.14,Groceries,9.5,Prepaid,1,1,121,Tier2,6,3.6,1
ORD108359,540.03,Books,33.7,COD,6,2,72,Tier2,1,4.5,0
ORD108360,1707.99,Beauty,33.6,Prepaid,1,0,431,Metro,9,4.9,0
ORD108361,3336.84,Books,23.4,Prepaid,6,0,59,Tier3,8,4.7,0
ORD108362,2459.17,Electronics,18.6,COD,2,0,135,Metro,7,4.4,1
ORD108363,368.35,Home,6.9,COD,0,0,596,Metro,6,3.8,0
ORD108364,2761.94,Footwear,14.2,COD,5,0,6,Tier2,6,5.0,1
ORD108365,2119.08,Apparel,5.2,COD,5,1,34,Metro,2,3.2,0
ORD108366,1169.48,Home,32.6,Prepaid,5,2,276,Metro,5,4.6,0
ORD108367,474.37,Electronics,27.7,Prepaid,7,0,59,Tier2,9,4.4,0
ORD108368,2057.62,Electronics,31.1,Prepaid,8,0,75,Metro,2,3.7,0
ORD108369,1618.88,Books,21.7,COD,2,0,329,Tier2,2,4.2,0
ORD108370,3367.77,Footwear,44.4,Prepaid,6,1,173,Tier2,8,5.0,0
ORD108371,1339.45,Apparel,7.7,Prepaid,4,0,204,Metro,8,4.1,0
ORD108372,1945.87,Beauty,23.6,Prepaid,3,0,201,Tier3,2,4.7,1
ORD108373,594.72,Books,22.1,COD,3,1,139,Tier2,3,3.6,1
ORD108374,1721.37,Groceries,30.9,Prepaid,3,1,752,Tier3,2,4.3,0
ORD108375,706.42,Footwear,14.8,COD,5,4,145,Metro,8,4.2,1
ORD108376,1652.05,Beauty,14.9,Prepaid,4,1,116,Tier2,7,4.2,0
ORD108377,2224.16,Footwear,6.5,COD,3,0,167,Metro,3,3.8,0
ORD108378,3075.05,Apparel,34.9,Prepaid,7,0,43,Tier2,8,3.5,0
ORD108379,1281.13,Groceries,11.8,Prepaid,2,2,587,Metro,2,2.7,1
ORD108380,559.85,Beauty,5.3,Prepaid,3,0,694,Metro,6,4.0,0
ORD108381,253.98,Books,10.7,COD,6,0,23,Metro,8,4.0,0
ORD108382,1140.9,Beauty,14.4,Prepaid,2,0,193,Metro,9,3.8,0
ORD108383,4317.57,Groceries,21.0,COD,7,2,17,Metro,5,3.8,0
ORD108384,1253.97,Footwear,33.3,COD,3,0,10,Metro,3,5.0,0
ORD108385,805.11,Footwear,37.5,COD,2,0,702,Metro,6,3.9,0
ORD108386,1211.37,Groceries,47.5,COD,3,0,77,Tier2,4,5.0,1
ORD108387,2365.28,Beauty,15.5,Prepaid,3,0,146,Tier2,1,4.7,0
ORD108388,2019.78,Apparel,19.5,Prepaid,3,0,551,Tier3,5,4.4,1
ORD108389,673.55,Footwear,22.7,Prepaid,3,1,511,Tier3,6,4.3,0
ORD108390,1895.43,Groceries,16.5,Prepaid,3,0,650,Metro,3,4.0,0
ORD108391,573.17,Home,27.7,COD,2,0,344,Tier2,6,3.5,0
ORD108392,1844.08,Electronics,38.9,COD,5,0,91,Metro,9,3.8,0
ORD108393,2256.08,Footwear,13.2,COD,1,1,339,Tier3,1,4.1,1
ORD108394,6397.25,Groceries,40.4,COD,7,2,52,Metro,6,4.5,0
ORD108395,982.88,Footwear,9.4,Prepaid,4,0,188,Tier3,7,3.6,1
ORD108396,2220.7,Beauty,15.1,Prepaid,4,1,49,Metro,1,3.2,0
ORD108397,794.01,Beauty,19.7,COD,3,1,710,Metro,5,4.3,0
ORD108398,1584.13,Apparel,25.9,Prepaid,2,2,316,Tier2,6,3.9,1
ORD108399,2154.07,Footwear,11.2,COD,6,1,266,Tier3,6,3.8,0
ORD108400,2585.57,Books,7.9,COD,6,1,144,Tier2,9,3.4,0
ORD108401,673.43,Beauty,33.0,Prepaid,6,0,164,Metro,4,3.9,0
ORD108402,380.63,Apparel,22.5,COD,2,1,415,Metro,7,4.6,1
ORD108403,1708.93,Beauty,21.6,COD,4,1,472,Tier3,2,4.3,0
ORD108404,1282.79,Home,35.0,COD,5,1,10,Tier2,7,3.4,0
ORD108405,653.7,Footwear,13.7,Prepaid,4,2,98,Tier3,5,3.8,1
ORD108406,2907.42,Electronics,22.8,Prepaid,9,1,1039,Tier2,6,4.2,0
ORD108407,1960.4,Electronics,17.5,Prepaid,3,0,433,Metro,5,3.9,0
ORD108408,2007.81,Beauty,15.3,Prepaid,4,0,48,Tier2,8,4.4,1
ORD108409,983.89,Home,8.2,Prepaid,7,1,678,Metro,9,3.6,0
ORD108410,647.16,Home,18.5,COD,3,0,557,Metro,5,4.7,0
ORD108411,343.54,Electronics,15.0,Prepaid,6,0,399,Tier2,3,3.6,0
ORD108412,5892.31,Apparel,12.4,COD,6,1,160,Tier3,2,3.6,1
ORD108413,563.27,Electronics,18.4,COD,3,0,176,Metro,4,4.7,0
ORD108414,885.8,Footwear,36.7,Prepaid,5,2,200,Metro,9,3.8,1
ORD108415,1859.17,Home,37.6,Prepaid,7,1,505,Metro,2,3.5,0
ORD108416,444.74,Apparel,36.0,Prepaid,4,0,69,Tier2,4,4.0,0
ORD108417,1119.88,Groceries,48.7,COD,4,0,464,Tier3,3,4.6,0
ORD108418,1435.04,Beauty,10.1,Prepaid,3,0,569,Metro,9,3.7,0
ORD108419,2772.9,Apparel,20.5,COD,5,1,240,Metro,6,3.5,0
ORD108420,41.01,Electronics,30.1,Prepaid,2,0,648,Tier2,5,4.2,0
ORD108421,1887.38,Electronics,48.0,COD,7,1,97,Metro,3,4.1,0
ORD108422,1195.83,Apparel,2.5,Prepaid,5,1,107,Metro,3,3.3,1
ORD108423,412.89,Groceries,13.7,Prepaid,3,1,249,Tier3,3,4.3,0
ORD108424,2382.86,Books,20.7,Prepaid,2,0,139,Metro,6,3.5,0
ORD108425,2954.8,Electronics,28.7,Prepaid,5,2,185,Metro,8,4.2,0
ORD108426,637.05,Footwear,19.2,Prepaid,3,0,20,Tier3,2,4.1,0
ORD108427,2505.71,Beauty,4.5,Prepaid,3,0,30,Metro,3,3.9,0
ORD108428,5593.33,Beauty,35.3,Prepaid,6,0,327,Tier3,1,3.2,0
ORD108429,479.71,Electronics,18.9,Prepaid,4,0,244,Tier2,9,3.7,0
ORD108430,1583.68,Footwear,9.9,Prepaid,4,1,213,Tier2,4,4.3,0
ORD108431,1392.22,Beauty,24.1,COD,3,0,504,Tier3,3,3.9,1
ORD108432,727.99,Apparel,9.4,COD,2,0,47,Tier2,6,3.6,1
ORD108433,460.95,Home,8.2,COD,4,1,95,Metro,8,3.8,1
ORD108434,2104.91,Footwear,10.5,COD,6,0,47,Metro,9,5.0,1
ORD108435,1394.5,Groceries,35.2,COD,4,1,10,Metro,4,3.0,0
ORD108436,1483.89,Electronics,8.8,Prepaid,8,0,229,Metro,3,4.2,0
ORD108437,2864.56,Electronics,37.2,COD,4,0,212,Tier3,1,4.8,0
ORD108438,1445.86,Groceries,16.1,COD,6,1,455,Metro,5,4.4,0
ORD108439,4007.29,Beauty,9.0,Prepaid,4,0,1064,Tier2,5,4.1,0
ORD108440,3855.8,Beauty,23.3,COD,5,2,141,Metro,3,3.0,1
ORD108441,206.67,Books,46.5,Prepaid,6,0,344,Tier2,5,4.0,0
ORD108442,3172.92,Home,33.5,Prepaid,4,0,280,Tier2,2,3.7,0
ORD108443,765.56,Apparel,9.7,COD,2,1,200,Metro,9,4.1,1
ORD108444,1392.87,Home,37.2,COD,1,0,116,Metro,3,3.6,1
ORD108445,517.27,Home,20.3,COD,7,0,68,Tier2,4,3.6,0
ORD108446,1199.79,Home,23.7,COD,5,1,172,Tier2,5,4.4,0
ORD108447,529.66,Electronics,12.1,Prepaid,9,0,79,Metro,4,3.1,0
ORD108448,48.14,Apparel,20.9,COD,3,1,647,Tier2,8,3.9,1
ORD108449,731.83,Apparel,4.2,Prepaid,2,0,213,Metro,8,3.9,0
ORD108450,3389.95,Footwear,5.3,Prepaid,4,1,74,Tier3,6,3.8,0
ORD108451,728.96,Electronics,7.6,Prepaid,3,0,270,Tier2,5,4.1,0
ORD108452,199.9,Apparel,15.5,COD,4,1,268,Tier2,7,4.3,0
ORD108453,1347.06,Beauty,28.9,COD,3,1,249,Tier2,2,3.5,0
ORD108454,1133.38,Books,40.4,COD,3,3,328,Tier3,9,3.2,1
ORD108455,967.24,Groceries,45.0,COD,8,2,21,Metro,8,3.5,0
ORD108456,417.95,Apparel,26.8,Prepaid,6,1,277,Metro,1,5.0,0
ORD108457,712.96,Home,21.5,Prepaid,7,0,172,Metro,6,3.4,0
ORD108458,3912.71,Home,30.1,Prepaid,3,1,20,Metro,4,4.1,0
ORD108459,5941.67,Books,46.2,Prepaid,5,1,26,Metro,2,3.9,0
ORD108460,455.72,Apparel,19.3,COD,6,0,13,Metro,2,3.2,1
ORD108461,795.43,Apparel,4.4,COD,5,1,136,Metro,9,4.7,1
ORD108462,3880.92,Beauty,32.7,COD,1,1,40,Tier2,2,4.0,1
ORD108463,1322.95,Groceries,9.4,Prepaid,0,0,642,Tier2,7,4.5,0
ORD108464,303.12,Home,8.0,Prepaid,1,1,38,Metro,9,5.0,0
ORD108465,2301.21,Home,24.6,COD,3,0,76,Tier2,8,4.1,0
ORD108466,529.93,Beauty,27.2,Prepaid,5,0,134,Tier2,4,4.3,0
ORD108467,1438.69,Footwear,26.3,Prepaid,5,1,97,Tier2,3,5.0,0
ORD108468,2540.06,Apparel,21.8,COD,4,3,309,Metro,4,4.2,1
ORD108469,3447.54,Beauty,9.1,Prepaid,10,0,222,Tier3,8,4.1,1
ORD108470,682.36,Footwear,24.2,Prepaid,3,0,93,Metro,4,5.0,0
ORD108471,640.24,Electronics,44.9,COD,4,1,234,Metro,8,4.8,0
ORD108472,2452.82,Footwear,2.4,COD,2,0,147,Tier2,5,4.9,1
ORD108473,570.26,Apparel,3.8,COD,5,1,17,Metro,3,3.2,1
ORD108474,2296.92,Groceries,17.8,Prepaid,6,1,316,Metro,6,5.0,0
ORD108475,202.57,Electronics,11.7,Prepaid,1,1,405,Metro,2,5.0,1
ORD108476,2713.81,Electronics,37.0,COD,2,1,699,Metro,5,5.0,1
ORD108477,869.4,Books,23.8,Prepaid,4,0,298,Tier2,8,5.0,0
ORD108478,1128.53,Groceries,23.6,COD,5,0,34,Tier2,8,3.8,0
ORD108479,1107.04,Electronics,13.3,Prepaid,4,0,624,Tier2,5,3.2,0
ORD108480,1119.82,Electronics,12.3,Prepaid,4,0,315,Tier2,3,4.2,0
ORD108481,606.33,Groceries,29.8,Prepaid,4,0,462,Tier3,8,3.9,0
ORD108482,710.02,Groceries,10.2,Prepaid,5,0,44,Metro,4,4.4,0
ORD108483,2466.71,Electronics,28.6,Prepaid,5,2,1258,Metro,7,5.0,1
ORD108484,836.7,Footwear,20.6,Prepaid,6,0,896,Metro,2,3.8,0
ORD108485,1737.33,Footwear,2.0,COD,2,1,270,Tier2,7,4.3,0
ORD108486,472.51,Beauty,10.9,Prepaid,3,2,188,Metro,2,3.7,0
ORD108487,2017.24,Home,11.8,COD,9,0,349,Tier3,3,3.0,0
ORD108488,278.62,Books,14.6,Prepaid,5,0,915,Tier2,1,4.7,0
ORD108489,1963.97,Footwear,24.1,Prepaid,4,0,447,Tier2,9,3.0,1
ORD108490,330.11,Electronics,10.6,Prepaid,5,0,304,Metro,2,4.5,0
ORD108491,544.22,Footwear,17.0,Prepaid,0,0,689,Metro,6,4.0,1
ORD108492,1300.91,Footwear,11.2,COD,3,1,321,Metro,5,3.7,0
ORD108493,2758.03,Electronics,12.6,Prepaid,5,0,581,Tier2,2,4.5,0
ORD108494,714.4,Electronics,2.6,Prepaid,6,0,528,Metro,8,2.9,1
ORD108495,1772.8,Home,20.6,Prepaid,3,0,2,Metro,2,4.2,1
ORD108496,3236.32,Home,27.2,Prepaid,3,1,1014,Metro,7,4.7,0
ORD108497,707.15,Apparel,18.8,Prepaid,8,4,258,Tier2,2,3.0,0
ORD108498,2827.5,Books,6.9,Prepaid,8,2,413,Metro,2,3.1,0
ORD108499,818.73,Electronics,34.6,Prepaid,4,1,203,Metro,4,4.5,1
ORD108500,831.68,Books,18.3,Prepaid,0,0,888,Metro,6,4.9,0
ORD108501,1571.25,Home,10.1,COD,2,1,129,Tier2,3,3.7,1
ORD108502,811.71,Beauty,12.5,COD,4,1,98,Metro,4,4.5,0
ORD108503,2981.13,Apparel,11.2,Prepaid,2,0,1,Metro,5,4.2,0
ORD108504,678.57,Beauty,13.7,Prepaid,5,2,704,Tier3,5,4.7,1
ORD108505,2437.42,Footwear,41.8,Prepaid,2,0,33,Tier2,6,3.6,1
ORD108506,1944.69,Footwear,26.1,COD,3,1,45,Metro,6,4.8,1
ORD108507,946.15,Apparel,9.3,Prepaid,4,0,717,Tier2,2,3.7,0
ORD108508,740.45,Home,5.6,Prepaid,2,1,399,Tier3,1,2.8,0
ORD108509,474.42,Books,22.5,Prepaid,1,1,350,Tier2,5,3.2,0
ORD108510,225.03,Footwear,13.8,Prepaid,3,2,57,Tier2,6,3.3,1
ORD108511,1781.13,Groceries,32.7,COD,3,0,131,Tier3,1,3.9,1
ORD108512,206.86,Footwear,19.3,COD,3,0,219,Tier2,8,3.5,0
ORD108513,142.18,Beauty,7.0,Prepaid,3,1,851,Tier3,5,5.0,0
ORD108514,1978.54,Electronics,13.0,COD,3,0,6,Tier2,9,3.6,0
ORD108515,2504.83,Books,13.7,Prepaid,4,1,181,Metro,9,2.8,0
ORD108516,395.64,Home,29.4,Prepaid,2,0,807,Metro,9,3.9,1
ORD108517,1265.23,Books,10.2,COD,2,0,1,Tier2,3,4.0,0
ORD108518,1156.97,Books,25.9,Prepaid,3,1,534,Metro,5,4.0,0
ORD108519,4154.88,Electronics,6.7,Prepaid,2,0,75,Metro,6,4.2,0
ORD108520,985.54,Electronics,20.3,COD,2,0,395,Metro,3,3.9,0
ORD108521,1302.75,Beauty,30.6,COD,2,0,718,Metro,2,3.9,1
ORD108522,1356.33,Beauty,8.6,COD,5,0,340,Tier2,7,5.0,1
ORD108523,3978.93,Apparel,20.6,Prepaid,5,0,167,Metro,3,2.7,0
ORD108524,765.63,Books,5.3,Prepaid,5,0,19,Tier3,2,3.6,0
ORD108525,957.4,Home,24.5,Prepaid,5,0,178,Tier3,1,3.3,0
ORD108526,2478.89,Books,23.7,COD,4,1,449,Tier3,4,3.7,0
ORD108527,2204.99,Footwear,4.9,Prepaid,4,0,252,Tier2,9,4.0,1
ORD108528,557.44,Apparel,24.3,Prepaid,8,1,1742,Tier2,3,4.1,0
ORD108529,1545.48,Groceries,3.4,COD,5,0,47,Metro,7,3.9,0
ORD108530,2249.91,Books,34.3,COD,2,1,324,Metro,5,4.4,1
ORD108531,1185.38,Apparel,32.2,Prepaid,8,0,220,Metro,1,4.7,1
ORD108532,1119.87,Groceries,5.5,Prepaid,5,1,123,Metro,5,3.8,1
ORD108533,4927.16,Electronics,14.4,Prepaid,5,2,11,Tier2,9,3.4,0
ORD108534,2110.79,Books,21.3,Prepaid,8,0,9,Metro,8,5.0,0
ORD108535,3278.88,Books,25.2,COD,3,0,551,Tier3,2,5.0,0
ORD108536,779.54,Beauty,20.6,COD,2,2,35,Metro,8,3.3,1
ORD108537,5056.57,Beauty,36.8,Prepaid,7,1,65,Tier3,5,4.2,0
ORD108538,1110.21,Home,25.9,Prepaid,6,1,794,Metro,7,4.3,0
ORD108539,2161.12,Electronics,4.0,Prepaid,5,0,438,Tier3,6,3.6,1
ORD108540,2495.31,Footwear,14.0,COD,1,1,3,Tier3,8,4.0,1
ORD108541,1469.09,Groceries,4.5,Prepaid,2,0,736,Tier3,1,4.0,0
ORD108542,456.8,Groceries,19.3,Prepaid,8,0,59,Tier3,1,3.7,0
ORD108543,481.28,Electronics,18.3,Prepaid,4,0,332,Metro,1,5.0,0
ORD108544,2199.92,Apparel,13.9,COD,7,0,450,Tier2,5,4.1,1
ORD108545,884.19,Footwear,22.0,Prepaid,3,1,62,Tier2,1,3.6,1
ORD108546,1023.04,Apparel,11.4,COD,3,0,9,Tier2,6,4.9,0
ORD108547,3202.47,Footwear,6.0,Prepaid,6,1,159,Tier3,9,4.6,1
ORD108548,3442.88,Home,25.1,Prepaid,6,1,2020,Metro,3,3.4,0
ORD108549,4957.21,Electronics,33.7,COD,2,0,62,Metro,8,4.3,0
ORD108550,919.41,Footwear,25.1,Prepaid,8,1,70,Metro,3,4.0,1
ORD108551,1292.64,Beauty,4.3,Prepaid,4,1,654,Metro,4,3.2,0
ORD108552,2228.46,Footwear,15.5,Prepaid,3,1,234,Tier2,5,3.8,1
ORD108553,1766.16,Beauty,36.0,Prepaid,3,0,455,Metro,7,3.9,0
ORD108554,844.54,Beauty,5.7,Prepaid,3,1,163,Metro,3,4.1,0
ORD108555,239.7,Beauty,30.9,Prepaid,5,0,77,Tier3,5,3.7,0
ORD108556,991.15,Beauty,7.6,Prepaid,7,0,148,Metro,6,4.5,0
ORD108557,1563.67,Home,5.4,Prepaid,5,0,165,Tier2,4,5.0,0
ORD108558,247.46,Groceries,20.4,Prepaid,5,1,14,Tier3,1,4.1,0
ORD108559,3834.61,Books,3.6,Prepaid,6,2,523,Tier2,8,4.5,1
ORD108560,987.95,Beauty,23.3,Prepaid,3,0,365,Tier2,3,4.4,0
ORD108561,1643.56,Books,36.7,Prepaid,5,1,205,Metro,7,3.6,0
ORD108562,3354.37,Books,24.1,Prepaid,3,0,10,Metro,7,4.3,1
ORD108563,846.01,Home,13.5,Prepaid,4,1,267,Metro,4,3.8,0
ORD108564,1114.36,Groceries,31.5,Prepaid,4,0,164,Metro,7,3.0,0
ORD108565,2291.68,Home,13.8,Prepaid,2,0,60,Tier2,2,4.0,0
ORD108566,238.16,Footwear,5.2,Prepaid,2,0,143,Tier2,4,5.0,0
ORD108567,607.76,Electronics,18.0,COD,7,0,116,Tier2,6,2.9,1
ORD108568,250.75,Books,11.0,Prepaid,2,0,232,Metro,5,4.3,0
ORD108569,3240.24,Books,44.0,Prepaid,4,0,160,Tier3,9,3.5,0
ORD108570,3075.02,Footwear,35.4,COD,6,0,157,Tier3,1,3.4,0
ORD108571,38.09,Footwear,38.2,Prepaid,3,0,226,Tier3,4,4.4,1
ORD108572,3189.5,Beauty,7.0,Prepaid,8,0,77,Tier3,6,4.2,0
ORD108573,1986.45,Electronics,43.3,Prepaid,4,1,194,Metro,3,3.9,0
ORD108574,462.03,Books,21.8,Prepaid,7,0,251,Tier3,3,2.7,0
ORD108575,1638.0,Home,21.7,COD,2,1,421,Tier3,8,4.5,1
ORD108576,1088.52,Home,23.7,COD,3,2,419,Metro,3,4.5,1
ORD108577,1139.84,Electronics,15.9,Prepaid,3,1,311,Tier2,4,4.6,0
ORD108578,3110.99,Groceries,12.6,Prepaid,5,1,261,Metro,8,3.8,0
ORD108579,1433.61,Books,22.0,COD,2,1,274,Metro,2,4.3,0
ORD108580,2496.77,Home,38.0,COD,6,1,97,Tier2,2,3.3,0
ORD108581,2068.2,Beauty,33.9,Prepaid,6,0,593,Tier3,7,5.0,0
ORD108582,267.76,Electronics,16.5,Prepaid,5,0,54,Tier2,4,3.9,0
ORD108583,5080.43,Beauty,20.8,Prepaid,4,1,2,Tier2,3,4.1,0
ORD108584,1557.6,Electronics,28.0,COD,6,2,47,Metro,8,4.8,1
ORD108585,678.76,Groceries,47.4,COD,3,0,421,Metro,6,3.6,0
ORD108586,1540.12,Home,11.6,COD,3,1,176,Metro,7,3.6,0
ORD108587,1201.73,Beauty,26.0,COD,7,2,170,Metro,3,4.8,0
ORD108588,1467.48,Home,25.2,Prepaid,5,1,249,Metro,8,4.4,0
ORD108589,493.76,Footwear,14.8,Prepaid,5,0,142,Tier2,9,3.9,0
ORD108590,1908.79,Footwear,34.0,Prepaid,4,1,128,Metro,8,3.7,0
ORD108591,2478.65,Home,25.7,Prepaid,3,1,38,Metro,8,4.4,1
ORD108592,3886.85,Books,10.6,Prepaid,4,0,260,Metro,6,3.6,1
ORD108593,2035.91,Groceries,21.6,COD,3,2,77,Metro,9,3.7,0
ORD108594,3806.79,Electronics,6.8,COD,2,1,48,Tier3,1,4.0,0
ORD108595,1310.07,Electronics,29.2,Prepaid,4,0,381,Tier2,2,4.3,1
ORD108596,2133.64,Electronics,36.8,Prepaid,7,0,74,Tier2,4,3.7,0
ORD108597,281.35,Footwear,13.1,Prepaid,6,1,243,Tier2,1,4.0,1
ORD108598,1314.92,Electronics,8.0,Prepaid,3,0,336,Tier2,6,3.6,0
ORD108599,964.9,Beauty,3.4,Prepaid,6,1,34,Metro,8,3.3,0
ORD108600,2862.38,Books,3.5,Prepaid,2,0,550,Tier3,6,3.5,0
ORD108601,2719.27,Home,42.7,Prepaid,4,0,1862,Metro,5,3.5,1
ORD108602,1984.99,Electronics,13.3,Prepaid,3,0,66,Tier2,1,3.8,0
ORD108603,1512.33,Apparel,36.0,Prepaid,4,0,998,Tier3,4,2.9,1
ORD108604,437.69,Apparel,24.2,COD,1,0,54,Tier3,7,3.6,1
ORD108605,1618.18,Beauty,26.6,Prepaid,4,0,35,Tier2,6,3.7,0
ORD108606,1658.52,Footwear,8.6,COD,2,0,223,Metro,8,3.9,1
ORD108607,886.41,Apparel,24.3,Prepaid,5,0,301,Metro,1,3.8,0
ORD108608,2539.43,Books,19.3,COD,5,1,392,Metro,8,5.0,0
ORD108609,2702.04,Beauty,31.9,Prepaid,0,0,259,Tier3,8,3.9,0
ORD108610,3685.74,Home,19.4,Prepaid,7,2,174,Tier3,6,3.5,1
ORD108611,664.63,Electronics,23.5,Prepaid,7,1,19,Tier2,6,4.3,1
ORD108612,1820.74,Electronics,23.2,Prepaid,3,0,591,Tier3,3,4.3,0
ORD108613,2808.57,Footwear,22.6,Prepaid,6,1,900,Tier2,2,3.6,0
ORD108614,1120.71,Beauty,17.8,Prepaid,3,0,71,Tier3,1,4.0,0
ORD108615,1019.09,Books,6.1,COD,2,1,292,Metro,2,5.0,0
ORD108616,388.39,Beauty,20.7,Prepaid,3,0,318,Tier3,6,4.3,0
ORD108617,1455.59,Footwear,12.3,Prepaid,4,0,391,Metro,1,4.1,1
ORD108618,1865.81,Books,14.7,Prepaid,0,0,111,Tier2,1,3.8,1
ORD108619,2522.77,Electronics,22.4,Prepaid,4,0,116,Tier2,4,4.2,1
ORD108620,2106.38,Apparel,13.8,COD,8,0,632,Tier3,2,3.3,0
ORD108621,375.58,Apparel,3.6,COD,1,0,240,Tier3,9,4.3,1
ORD108622,1029.5,Electronics,13.1,COD,5,2,62,Tier3,9,4.2,0
ORD108623,1242.95,Books,9.7,Prepaid,4,1,904,Metro,2,4.7,0
ORD108624,616.14,Groceries,18.4,COD,3,2,196,Metro,7,3.1,0
ORD108625,3127.74,Beauty,25.0,Prepaid,5,0,127,Metro,2,4.4,0
ORD108626,1457.9,Home,3.4,COD,8,0,532,Metro,9,3.3,1
ORD108627,1994.01,Books,7.4,Prepaid,4,1,1154,Tier2,5,3.2,0
ORD108628,606.74,Footwear,20.5,Prepaid,6,0,71,Metro,2,4.4,0
ORD108629,407.26,Apparel,13.3,COD,5,0,222,Tier3,3,4.9,1
ORD108630,2467.32,Electronics,36.5,COD,4,0,1124,Tier2,7,4.4,1
ORD108631,942.76,Electronics,32.9,Prepaid,3,1,810,Tier3,3,4.5,0
ORD108632,3184.19,Books,7.8,Prepaid,2,0,241,Tier2,9,3.1,1
ORD108633,1460.69,Footwear,6.2,Prepaid,5,1,26,Metro,9,4.4,0
ORD108634,2135.81,Electronics,49.3,Prepaid,4,0,338,Metro,6,4.0,0
ORD108635,618.19,Footwear,31.3,Prepaid,2,1,23,Tier2,3,3.9,1
ORD108636,1886.24,Beauty,7.1,COD,3,0,290,Tier2,2,4.2,0
ORD108637,989.6,Groceries,22.1,Prepaid,7,1,219,Tier2,5,4.3,0
ORD108638,498.16,Beauty,22.1,COD,2,0,214,Metro,9,5.0,1
ORD108639,3385.6,Groceries,9.3,Prepaid,5,0,4,Metro,8,4.4,0
ORD108640,3097.53,Groceries,25.2,COD,7,0,608,Metro,7,4.5,0
ORD108641,1110.96,Electronics,3.6,COD,1,1,86,Metro,9,3.1,1
ORD108642,1695.09,Electronics,31.9,Prepaid,2,0,499,Tier2,8,3.1,0
ORD108643,2298.49,Electronics,23.8,Prepaid,2,1,245,Metro,8,4.3,0
ORD108644,2069.59,Home,6.0,Prepaid,4,2,257,Metro,3,3.8,0
ORD108645,1352.78,Footwear,39.6,COD,3,2,207,Tier3,2,3.7,1
ORD108646,1672.93,Books,30.3,COD,8,1,6,Metro,1,4.4,0
ORD108647,736.46,Electronics,10.8,Prepaid,4,1,722,Metro,8,4.3,1
ORD108648,869.65,Groceries,21.4,Prepaid,4,0,146,Metro,3,3.2,0
ORD108649,720.4,Books,43.8,COD,2,0,281,Metro,1,3.9,1
ORD108650,1396.35,Books,4.2,Prepaid,3,2,344,Metro,9,3.4,0
ORD108651,2857.0,Home,11.8,COD,4,0,64,Metro,4,4.7,1
ORD108652,645.2,Books,6.9,Prepaid,4,1,644,Metro,2,4.9,0
ORD108653,1219.29,Apparel,33.0,Prepaid,6,1,1542,Metro,3,4.0,0
ORD108654,719.63,Home,28.6,COD,6,0,476,Tier2,6,3.7,0
ORD108655,448.77,Beauty,13.3,Prepaid,4,0,465,Metro,1,4.4,0
ORD108656,2615.68,Apparel,12.9,COD,3,0,434,Tier2,1,3.5,0
ORD108657,856.21,Footwear,6.1,Prepaid,6,1,30,Tier3,8,4.4,0
ORD108658,725.95,Apparel,19.8,COD,7,0,306,Metro,2,4.1,0
ORD108659,298.96,Footwear,17.1,Prepaid,2,0,60,Tier3,5,4.4,0
ORD108660,5152.01,Apparel,16.1,Prepaid,7,0,51,Metro,7,4.8,1
ORD108661,716.28,Apparel,16.4,COD,0,0,216,Tier3,6,4.1,0
ORD108662,597.96,Apparel,4.9,COD,4,0,58,Tier2,9,3.9,1
ORD108663,1322.03,Home,8.9,COD,6,1,373,Metro,6,3.5,0
ORD108664,7335.92,Apparel,15.3,Prepaid,8,3,328,Tier2,6,4.0,1
ORD108665,595.4,Apparel,2.9,COD,2,0,111,Metro,2,3.8,0
ORD108666,2208.89,Electronics,5.1,COD,4,0,337,Tier2,1,4.3,0
ORD108667,1625.4,Books,27.2,Prepaid,6,0,135,Metro,6,3.6,0
ORD108668,2809.33,Beauty,19.8,COD,4,2,250,Metro,3,3.1,1
ORD108669,702.39,Electronics,3.4,Prepaid,1,0,382,Metro,5,3.6,0
ORD108670,3903.93,Groceries,21.7,COD,1,0,440,Metro,3,4.0,0
ORD108671,1508.88,Beauty,14.4,Prepaid,8,1,118,Tier2,8,4.5,0
ORD108672,859.94,Apparel,24.1,COD,5,1,426,Metro,8,4.7,0
ORD108673,719.81,Groceries,41.4,Prepaid,1,0,770,Metro,1,5.0,0
ORD108674,1860.64,Books,5.8,Prepaid,2,0,636,Metro,5,3.7,0
ORD108675,2836.71,Electronics,12.6,COD,3,0,275,Tier2,2,3.8,1
ORD108676,2881.42,Groceries,4.5,COD,8,0,374,Metro,3,3.8,0
ORD108677,97.45,Footwear,25.5,Prepaid,5,0,188,Tier2,2,3.8,0
ORD108678,1129.22,Footwear,38.9,COD,6,0,1189,Metro,1,3.6,1
ORD108679,3377.65,Apparel,37.8,COD,5,0,946,Metro,9,3.6,1
ORD108680,999.6,Home,22.7,COD,3,0,656,Metro,5,4.0,0
ORD108681,3498.74,Books,41.3,Prepaid,3,0,738,Metro,9,4.0,0
ORD108682,422.95,Footwear,12.5,COD,3,0,180,Metro,7,4.1,0
ORD108683,1790.63,Books,10.3,Prepaid,3,1,466,Tier3,8,3.2,0
ORD108684,2515.48,Home,29.3,COD,4,0,208,Metro,3,4.6,1
ORD108685,1000.93,Electronics,21.1,COD,7,1,393,Metro,9,3.5,0
ORD108686,474.82,Apparel,4.7,COD,2,0,21,Metro,4,4.2,0
ORD108687,638.52,Beauty,6.5,Prepaid,5,0,238,Metro,5,3.9,0
ORD108688,3313.31,Beauty,10.3,COD,2,1,171,Metro,3,3.2,0
ORD108689,820.28,Books,3.5,Prepaid,8,1,300,Tier3,7,3.4,0
ORD108690,1018.71,Home,25.9,Prepaid,8,0,6,Tier3,4,3.2,0
ORD108691,1601.02,Beauty,8.8,Prepaid,5,0,143,Metro,7,5.0,0
ORD108692,237.31,Home,12.2,COD,5,0,4,Metro,3,4.1,0
ORD108693,3216.32,Books,33.0,COD,0,0,294,Metro,7,3.6,0
ORD108694,274.03,Beauty,45.0,COD,1,1,454,Metro,4,4.6,1
ORD108695,1782.16,Groceries,33.1,COD,1,0,218,Tier3,9,3.6,0
ORD108696,837.74,Home,22.8,Prepaid,6,1,123,Tier2,2,4.3,0
ORD108697,995.4,Apparel,15.8,COD,6,0,774,Metro,7,4.2,0
ORD108698,1793.57,Footwear,7.6,Prepaid,4,0,158,Tier2,8,2.7,0
ORD108699,2561.49,Apparel,27.2,Prepaid,3,0,118,Metro,1,4.4,0
ORD108700,1645.54,Beauty,23.2,Prepaid,3,2,205,Metro,3,3.8,0
ORD108701,269.73,Groceries,25.3,Prepaid,1,0,153,Metro,5,4.1,0
ORD108702,668.61,Footwear,15.2,Prepaid,3,2,116,Metro,9,4.7,1
ORD108703,838.39,Home,23.8,Prepaid,5,0,106,Tier2,1,4.1,0
ORD108704,832.96,Books,26.7,Prepaid,6,0,500,Tier2,6,4.2,0
ORD108705,3564.48,Footwear,14.0,COD,5,1,117,Metro,9,3.9,0
ORD108706,988.57,Groceries,6.8,Prepaid,7,1,800,Metro,6,4.3,0
ORD108707,321.15,Groceries,7.2,COD,1,1,210,Tier2,1,4.1,1
ORD108708,1570.72,Footwear,4.3,COD,2,2,242,Tier2,9,5.0,1
ORD108709,1791.35,Books,9.1,Prepaid,4,0,260,Metro,1,4.7,0
ORD108710,2953.82,Home,12.4,COD,2,1,357,Metro,5,4.1,0
ORD108711,482.92,Groceries,12.8,COD,6,0,10,Metro,2,5.0,0
ORD108712,285.0,Footwear,30.7,Prepaid,1,0,242,Tier3,7,3.2,1
ORD108713,1199.58,Electronics,18.7,Prepaid,3,0,1180,Tier3,9,4.4,1
ORD108714,1098.74,Electronics,18.1,COD,3,1,222,Tier2,5,4.3,0
ORD108715,3340.38,Groceries,39.2,Prepaid,5,0,464,Metro,3,4.7,0
ORD108716,497.42,Beauty,24.1,COD,1,1,65,Tier3,4,4.3,1
ORD108717,771.36,Footwear,33.6,COD,4,0,62,Metro,8,3.1,0
ORD108718,3164.32,Electronics,21.2,Prepaid,4,1,713,Tier2,5,3.7,0
ORD108719,2975.48,Apparel,36.2,COD,3,0,624,Tier3,6,3.8,1
ORD108720,406.58,Beauty,31.6,Prepaid,3,1,76,Tier2,7,3.8,0
ORD108721,766.95,Electronics,6.6,COD,2,0,24,Tier2,4,4.8,1
ORD108722,1436.76,Books,8.5,Prepaid,2,0,27,Metro,8,3.6,0
ORD108723,2434.64,Home,5.2,Prepaid,2,1,277,Metro,9,3.7,1
ORD108724,2820.3,Electronics,21.0,Prepaid,6,0,84,Tier3,6,4.2,1
ORD108725,3081.66,Electronics,31.4,COD,3,1,841,Metro,5,4.0,1
ORD108726,145.74,Electronics,5.8,COD,4,2,43,Metro,5,4.8,0
ORD108727,1752.75,Footwear,28.0,COD,7,0,90,Metro,8,3.9,1
ORD108728,599.29,Home,29.0,COD,3,1,37,Tier2,3,4.7,0
ORD108729,1736.95,Home,25.5,Prepaid,6,1,117,Metro,8,3.2,0
ORD108730,343.94,Beauty,30.2,Prepaid,4,0,915,Tier2,3,4.3,0
ORD108731,1284.42,Books,20.8,Prepaid,3,0,84,Tier3,3,4.4,0
ORD108732,1522.32,Electronics,12.9,Prepaid,4,0,467,Metro,4,3.9,0
ORD108733,2400.02,Apparel,43.9,COD,6,1,1022,Metro,7,3.7,1
ORD108734,3713.43,Footwear,32.6,Prepaid,9,0,804,Metro,2,4.6,1
ORD108735,3202.74,Apparel,22.5,COD,4,0,151,Tier3,9,3.1,1
ORD108736,2080.23,Apparel,19.2,Prepaid,3,0,31,Metro,9,3.7,0
ORD108737,1144.11,Apparel,13.0,COD,4,2,580,Tier2,2,3.8,1
ORD108738,396.17,Groceries,27.1,Prepaid,4,0,237,Metro,4,4.4,0
ORD108739,283.13,Books,49.3,Prepaid,2,1,464,Tier3,4,4.0,1
ORD108740,2939.64,Beauty,14.3,Prepaid,5,0,335,Metro,1,3.8,0
ORD108741,245.86,Beauty,9.8,COD,2,0,541,Tier3,8,4.4,0
ORD108742,1660.22,Books,21.8,COD,9,0,479,Metro,6,4.5,1
ORD108743,575.67,Home,11.5,COD,3,1,593,Tier3,5,3.9,1
ORD108744,384.71,Beauty,8.1,COD,5,1,462,Tier3,4,4.1,0
ORD108745,2565.52,Books,44.3,Prepaid,0,0,92,Metro,2,4.9,0
ORD108746,4593.71,Home,25.5,Prepaid,2,0,246,Metro,6,3.9,1
ORD108747,2804.73,Home,13.3,Prepaid,7,1,734,Metro,7,3.2,0
ORD108748,1774.85,Groceries,9.9,Prepaid,2,0,172,Tier3,7,3.8,0
ORD108749,1698.18,Books,32.1,COD,5,1,1022,Metro,9,3.5,0
ORD108750,3049.94,Apparel,34.2,Prepaid,8,0,207,Metro,3,3.4,0
ORD108751,2199.16,Electronics,28.1,Prepaid,4,1,283,Metro,4,4.1,0
ORD108752,1106.92,Home,11.9,Prepaid,2,0,300,Metro,8,4.2,0
ORD108753,1418.97,Footwear,15.8,COD,3,1,603,Metro,2,3.8,0
ORD108754,269.06,Groceries,32.0,COD,4,1,830,Tier3,9,3.6,0
ORD108755,4550.84,Footwear,29.0,Prepaid,4,1,166,Tier3,3,4.4,0
ORD108756,1750.71,Electronics,12.7,COD,5,1,14,Metro,3,3.5,0
ORD108757,928.45,Apparel,26.2,COD,3,0,93,Tier2,9,4.6,1
ORD108758,1465.86,Books,10.6,COD,2,0,144,Metro,6,3.2,0
ORD108759,1605.8,Footwear,14.5,Prepaid,4,0,126,Metro,5,5.0,0
ORD108760,1279.08,Home,10.6,COD,4,0,784,Metro,4,4.2,1
ORD108761,1991.02,Footwear,32.2,COD,3,2,161,Metro,5,2.9,0
ORD108762,3272.21,Apparel,5.9,Prepaid,3,0,468,Metro,4,4.9,1
ORD108763,930.03,Books,18.3,Prepaid,2,1,93,Tier2,6,3.5,0
ORD108764,4250.92,Books,2.6,COD,8,0,482,Metro,2,4.5,0
ORD108765,2990.81,Footwear,3.6,Prepaid,1,0,386,Metro,9,4.1,0
ORD108766,1064.41,Groceries,4.3,Prepaid,1,0,151,Tier2,7,3.3,0
ORD108767,655.82,Home,14.7,COD,3,0,1084,Metro,6,4.3,0
ORD108768,1305.48,Groceries,18.1,COD,4,0,689,Tier3,5,4.2,1
ORD108769,628.35,Apparel,1.0,COD,4,1,451,Metro,6,4.1,1
ORD108770,1040.16,Home,30.4,COD,4,0,36,Tier2,3,3.6,1
ORD108771,321.52,Beauty,37.3,Prepaid,3,1,61,Metro,1,4.6,0
ORD108772,252.17,Home,16.1,Prepaid,5,1,224,Metro,1,3.8,0
ORD108773,2287.47,Apparel,9.8,COD,5,2,18,Metro,5,4.6,1
ORD108774,546.54,Groceries,35.4,Prepaid,4,1,100,Tier2,9,3.5,0
ORD108775,308.09,Electronics,29.2,Prepaid,4,1,741,Metro,5,4.2,0
ORD108776,3792.92,Home,3.4,Prepaid,10,1,30,Tier2,4,4.2,0
ORD108777,1488.76,Footwear,14.9,Prepaid,4,1,258,Tier3,3,2.9,1
ORD108778,1458.78,Books,33.2,COD,5,2,53,Tier3,1,3.9,1
ORD108779,436.91,Apparel,14.5,Prepaid,2,0,68,Tier3,3,4.0,1
ORD108780,2011.03,Apparel,17.9,Prepaid,3,0,542,Metro,5,4.0,0
ORD108781,1166.1,Home,13.4,COD,4,1,397,Tier3,5,4.3,0
ORD108782,1998.66,Home,32.2,COD,3,2,672,Tier3,9,3.9,1
ORD108783,572.02,Home,4.4,COD,5,1,143,Metro,5,3.5,0
ORD108784,561.87,Home,30.4,Prepaid,4,1,427,Tier2,1,2.9,0
ORD108785,683.33,Electronics,10.4,Prepaid,5,1,328,Tier3,2,4.2,1
ORD108786,2185.69,Beauty,38.6,Prepaid,3,2,73,Metro,2,4.1,0
ORD108787,1770.98,Apparel,32.8,Prepaid,6,0,346,Tier2,3,4.3,1
ORD108788,572.64,Electronics,19.4,Prepaid,5,1,1322,Metro,7,3.5,0
ORD108789,1953.37,Groceries,5.1,Prepaid,7,1,96,Tier2,5,4.2,0
ORD108790,705.92,Books,4.5,Prepaid,5,1,348,Tier2,7,3.9,0
ORD108791,498.72,Books,8.5,Prepaid,3,0,108,Metro,3,4.3,0
ORD108792,2394.56,Apparel,11.9,COD,8,3,218,Metro,5,5.0,1
ORD108793,1953.63,Electronics,12.8,Prepaid,5,0,109,Tier3,3,3.7,0
ORD108794,1501.8,Beauty,19.2,Prepaid,5,1,11,Tier3,2,3.8,0
ORD108795,3227.51,Books,22.7,COD,2,2,516,Tier2,8,3.8,1
ORD108796,2155.46,Groceries,14.8,Prepaid,1,0,212,Tier3,2,3.3,0
ORD108797,1814.23,Beauty,30.0,COD,3,1,26,Metro,7,3.9,0
ORD108798,317.63,Electronics,15.9,Prepaid,6,0,2,Metro,7,4.2,1
ORD108799,4591.62,Electronics,20.2,Prepaid,2,0,92,Metro,3,3.3,0
ORD108800,2453.57,Books,16.7,COD,5,0,3,Tier2,3,5.0,0
ORD108801,862.59,Beauty,8.8,COD,4,1,485,Metro,9,4.3,1
ORD108802,1671.61,Books,42.9,Prepaid,6,0,125,Tier3,2,4.0,1
ORD108803,1661.13,Home,20.6,Prepaid,7,0,915,Tier2,1,3.1,0
ORD108804,666.75,Books,21.4,COD,5,0,128,Tier3,5,2.9,0
ORD108805,1844.3,Electronics,22.4,COD,2,0,178,Tier2,7,4.7,1
ORD108806,1630.6,Groceries,38.4,Prepaid,1,0,51,Metro,7,4.0,0
ORD108807,1338.65,Footwear,19.8,Prepaid,3,0,1307,Metro,6,3.2,1
ORD108808,2185.63,Books,19.6,Prepaid,3,0,164,Tier2,6,4.3,0
ORD108809,425.32,Footwear,53.2,COD,4,0,210,Metro,8,4.3,1
ORD108810,819.48,Home,15.6,COD,8,0,51,Tier2,1,3.5,0
ORD108811,763.83,Electronics,9.2,COD,6,0,123,Metro,5,5.0,0
ORD108812,1234.44,Home,3.0,COD,6,0,682,Tier2,3,4.6,0
ORD108813,450.64,Books,24.6,COD,4,0,83,Metro,6,3.6,0
ORD108814,288.33,Apparel,21.7,Prepaid,2,0,11,Tier3,6,3.3,0
ORD108815,1984.17,Electronics,33.7,Prepaid,1,0,467,Tier3,5,3.4,0
ORD108816,3780.78,Home,29.3,COD,4,2,7,Metro,4,4.4,1
ORD108817,299.49,Electronics,25.4,Prepaid,0,0,349,Metro,5,4.7,0
ORD108818,865.6,Home,27.4,COD,3,0,459,Metro,5,4.8,0
ORD108819,1332.89,Beauty,28.6,COD,6,0,142,Tier2,1,4.7,0
ORD108820,939.54,Apparel,7.5,COD,0,0,549,Metro,2,4.1,1
ORD108821,1598.12,Apparel,10.4,Prepaid,3,0,44,Tier2,7,3.4,0
ORD108822,1981.18,Electronics,22.8,Prepaid,3,0,564,Metro,9,3.9,0
ORD108823,1297.64,Apparel,22.3,Prepaid,3,0,32,Tier3,1,4.9,1
ORD108824,464.65,Electronics,17.0,COD,2,1,426,Metro,1,4.0,1
ORD108825,1977.35,Groceries,7.0,Prepaid,6,2,321,Metro,9,3.9,0
ORD108826,146.1,Home,13.6,Prepaid,2,0,303,Metro,4,4.4,0
ORD108827,669.21,Footwear,8.2,COD,3,1,86,Metro,3,5.0,1
ORD108828,3383.66,Footwear,23.7,COD,3,2,26,Tier2,8,4.2,0
ORD108829,585.58,Footwear,27.8,COD,4,1,413,Metro,9,4.4,1
ORD108830,917.21,Apparel,14.2,Prepaid,11,0,595,Metro,2,3.9,0
ORD108831,1887.13,Groceries,15.2,Prepaid,3,1,211,Tier2,5,4.1,0
ORD108832,1955.74,Electronics,42.0,COD,3,0,151,Tier2,9,3.0,0
ORD108833,818.56,Groceries,8.2,COD,4,0,894,Metro,1,4.7,0
ORD108834,608.92,Footwear,6.0,COD,5,1,6,Metro,1,5.0,0
ORD108835,1874.5,Apparel,25.2,COD,2,2,68,Tier3,7,3.2,1
ORD108836,2475.83,Electronics,6.7,Prepaid,4,0,462,Metro,6,4.2,0
ORD108837,541.01,Footwear,17.0,COD,6,2,33,Metro,8,5.0,1
ORD108838,1521.62,Footwear,2.8,Prepaid,4,0,140,Metro,2,3.2,1
ORD108839,442.81,Footwear,43.4,COD,3,1,256,Metro,9,4.1,1
ORD108840,899.15,Electronics,21.0,COD,2,1,95,Tier2,3,4.0,0
ORD108841,1124.74,Groceries,8.7,Prepaid,4,3,216,Metro,3,4.4,1
ORD108842,506.57,Home,11.0,Prepaid,4,0,1415,Tier2,7,3.8,0
ORD108843,2028.21,Electronics,5.4,Prepaid,6,3,467,Metro,2,3.6,0
ORD108844,839.78,Electronics,11.7,Prepaid,2,0,698,Metro,9,3.2,1
ORD108845,2245.04,Footwear,3.9,COD,4,3,559,Metro,3,3.4,0
ORD108846,401.66,Groceries,18.9,COD,3,0,921,Tier2,7,3.9,0
ORD108847,1829.73,Footwear,5.1,Prepaid,4,0,125,Metro,7,4.0,0
ORD108848,768.8,Books,2.9,COD,2,1,181,Tier2,5,3.9,1
ORD108849,960.27,Apparel,20.9,COD,3,1,418,Metro,8,4.5,1
ORD108850,489.93,Groceries,35.5,COD,3,0,69,Tier2,6,3.0,0
ORD108851,1876.93,Beauty,6.8,Prepaid,2,0,657,Metro,7,3.6,0
ORD108852,458.77,Books,9.7,Prepaid,5,0,57,Tier2,2,4.2,0
ORD108853,1504.5,Electronics,10.7,COD,1,0,57,Metro,6,4.6,0
ORD108854,1138.67,Home,25.1,Prepaid,4,1,46,Metro,7,4.9,1
ORD108855,1147.3,Groceries,37.3,Prepaid,4,0,192,Tier3,5,3.9,0
ORD108856,1512.58,Apparel,24.7,Prepaid,3,0,117,Metro,7,4.6,0
ORD108857,760.74,Groceries,18.7,COD,4,2,233,Metro,5,3.9,1
ORD108858,985.14,Groceries,25.8,COD,4,0,453,Tier3,7,4.0,0
ORD108859,2858.75,Apparel,29.5,Prepaid,6,0,117,Tier2,1,4.3,1
ORD108860,1917.29,Electronics,34.9,COD,2,0,44,Tier2,5,3.3,0
ORD108861,650.76,Books,5.9,Prepaid,2,0,307,Tier2,5,3.1,1
ORD108862,1380.23,Beauty,17.8,Prepaid,4,0,326,Metro,2,3.9,0
ORD108863,436.96,Groceries,13.3,COD,3,1,286,Tier2,6,3.6,0
ORD108864,1610.45,Footwear,38.5,Prepaid,3,0,321,Metro,1,4.1,0
ORD108865,652.5,Home,43.4,Prepaid,2,1,715,Tier2,2,2.6,0
ORD108866,451.62,Books,49.1,COD,4,1,62,Metro,7,4.0,1
ORD108867,604.43,Home,10.1,Prepaid,4,0,99,Tier2,4,3.5,0
ORD108868,2978.53,Home,8.6,Prepaid,1,0,35,Tier2,6,4.2,0
ORD108869,1705.88,Electronics,21.7,COD,3,1,510,Tier2,6,4.3,0
ORD108870,2190.96,Apparel,25.3,Prepaid,4,1,717,Metro,3,4.8,1
ORD108871,635.58,Footwear,7.2,Prepaid,3,0,210,Tier2,2,4.1,1
ORD108872,1858.9,Books,13.4,COD,4,2,118,Tier2,8,4.8,0
ORD108873,978.16,Footwear,1.7,Prepaid,2,0,316,Metro,5,4.0,1
ORD108874,3240.54,Groceries,17.8,Prepaid,2,0,718,Tier2,1,2.9,0
ORD108875,2035.41,Footwear,41.4,Prepaid,6,1,570,Metro,7,2.2,0
ORD108876,1512.67,Groceries,3.2,COD,0,0,434,Metro,7,3.5,0
ORD108877,1425.3,Footwear,39.2,Prepaid,2,0,336,Tier2,6,3.5,0
ORD108878,1223.59,Electronics,9.3,Prepaid,2,1,33,Metro,2,4.0,0
ORD108879,2004.27,Beauty,11.4,Prepaid,2,1,219,Metro,9,3.7,0
ORD108880,1114.09,Electronics,15.9,COD,10,1,143,Tier3,6,4.0,0
ORD108881,862.5,Beauty,21.1,Prepaid,4,1,197,Metro,4,4.2,0
ORD108882,2523.25,Footwear,16.0,Prepaid,1,0,71,Tier2,6,3.8,0
ORD108883,2162.02,Home,23.2,Prepaid,2,1,152,Metro,2,4.0,0
ORD108884,3522.01,Electronics,8.6,COD,3,0,159,Metro,1,4.4,1
ORD108885,920.83,Groceries,20.4,Prepaid,4,0,150,Tier3,6,5.0,0
ORD108886,3693.46,Electronics,12.1,COD,5,1,256,Tier2,8,2.6,0
ORD108887,293.55,Footwear,5.9,Prepaid,4,1,202,Tier3,5,4.2,1
ORD108888,151.82,Footwear,13.2,Prepaid,4,1,145,Tier2,7,4.2,0
ORD108889,4978.11,Home,21.2,Prepaid,5,1,44,Metro,6,4.4,1
ORD108890,2276.5,Apparel,33.7,Prepaid,8,0,5,Metro,4,5.0,0
ORD108891,1459.81,Beauty,19.8,COD,4,0,335,Metro,2,4.2,0
ORD108892,338.86,Beauty,32.3,Prepaid,5,0,52,Metro,8,3.4,0
ORD108893,2150.53,Footwear,10.4,Prepaid,6,0,360,Tier2,8,4.6,0
ORD108894,838.69,Apparel,29.0,Prepaid,4,1,13,Metro,8,4.2,1
ORD108895,2747.44,Electronics,23.6,Prepaid,3,0,899,Metro,2,4.6,0
ORD108896,1445.91,Beauty,20.7,COD,7,0,381,Tier2,7,3.9,0
ORD108897,1111.33,Beauty,23.8,COD,4,0,47,Tier3,3,5.0,0
ORD108898,970.27,Beauty,21.9,Prepaid,7,1,357,Tier3,1,4.2,0
ORD108899,918.43,Books,25.0,Prepaid,8,1,108,Tier2,2,5.0,0
ORD108900,1405.37,Beauty,14.5,Prepaid,5,0,139,Metro,5,4.6,0
ORD108901,5344.45,Footwear,1.5,Prepaid,4,0,45,Metro,9,4.7,0
ORD108902,494.18,Footwear,7.4,COD,4,0,227,Tier3,7,3.1,0
ORD108903,443.26,Books,24.6,Prepaid,5,0,164,Metro,3,3.3,0
ORD108904,3512.4,Beauty,15.0,Prepaid,5,1,491,Metro,1,4.2,0
ORD108905,1001.55,Beauty,7.9,COD,6,0,345,Metro,3,4.2,0
ORD108906,3445.52,Electronics,29.3,Prepaid,8,1,134,Tier2,9,4.7,1
ORD108907,1057.56,Books,7.2,Prepaid,5,0,18,Tier2,7,3.4,0
ORD108908,579.39,Footwear,28.9,Prepaid,4,1,150,Tier3,9,3.6,1
ORD108909,1840.05,Books,3.6,Prepaid,5,0,413,Metro,3,4.2,0
ORD108910,1760.76,Books,13.7,Prepaid,4,1,322,Metro,3,3.9,0
ORD108911,2570.68,Home,19.3,COD,2,1,218,Tier2,3,4.3,1
ORD108912,2124.33,Electronics,14.5,COD,5,1,532,Tier3,6,3.0,0
ORD108913,1884.97,Books,12.9,COD,8,0,126,Metro,6,4.6,0
ORD108914,3355.0,Apparel,11.5,COD,3,0,6,Tier3,7,3.7,0
ORD108915,2630.91,Footwear,46.6,COD,4,1,317,Metro,4,3.5,0
ORD108916,2035.06,Groceries,18.1,COD,3,1,475,Metro,8,2.7,0
ORD108917,1731.38,Groceries,3.6,Prepaid,4,0,855,Tier3,4,5.0,0
ORD108918,2915.59,Beauty,31.7,COD,2,0,248,Metro,5,4.6,1
ORD108919,1594.96,Apparel,17.8,Prepaid,6,0,372,Tier3,3,4.3,0
ORD108920,1871.87,Groceries,7.0,Prepaid,8,0,534,Tier2,3,3.6,0
ORD108921,1549.56,Groceries,14.9,Prepaid,3,1,639,Metro,4,5.0,0
ORD108922,1224.68,Home,13.2,COD,1,0,524,Tier3,8,4.7,0
ORD108923,2409.3,Books,12.5,Prepaid,2,1,2067,Metro,7,3.8,0
ORD108924,1732.88,Electronics,22.8,Prepaid,2,1,1168,Metro,8,4.3,0
ORD108925,1367.97,Home,31.0,COD,4,1,229,Metro,8,5.0,1
ORD108926,1553.97,Beauty,49.4,Prepaid,8,0,87,Metro,5,3.0,0
ORD108927,1487.7,Books,20.7,COD,6,0,75,Tier2,6,3.8,1
ORD108928,2400.67,Apparel,28.1,Prepaid,4,1,38,Tier3,2,3.4,0
ORD108929,421.13,Footwear,39.2,COD,8,0,37,Metro,4,4.3,1
ORD108930,519.17,Beauty,18.8,Prepaid,7,0,454,Metro,5,3.7,0
ORD108931,749.74,Electronics,27.5,COD,9,0,220,Tier3,9,5.0,0
ORD108932,606.74,Electronics,24.3,COD,2,0,573,Metro,2,3.1,0
ORD108933,653.34,Beauty,33.0,COD,6,0,1212,Tier3,2,3.6,1
ORD108934,1175.01,Footwear,26.0,Prepaid,7,1,137,Metro,3,4.3,1
ORD108935,3080.28,Books,17.8,Prepaid,8,0,258,Metro,3,4.4,0
ORD108936,996.35,Electronics,3.2,Prepaid,3,1,140,Tier3,9,4.4,0
ORD108937,1175.08,Home,16.4,Prepaid,5,1,489,Tier2,5,4.3,1
ORD108938,1590.84,Groceries,20.9,COD,3,0,210,Metro,2,4.0,0
ORD108939,408.17,Home,1.6,Prepaid,8,0,740,Metro,6,4.2,0
ORD108940,2842.18,Home,11.8,Prepaid,3,0,238,Tier2,5,2.8,0
ORD108941,690.82,Groceries,24.5,COD,5,1,860,Tier2,5,4.1,0
ORD108942,1733.17,Beauty,22.7,COD,7,0,290,Metro,3,4.8,1
ORD108943,4335.51,Home,8.9,COD,6,1,1150,Metro,5,3.8,0
ORD108944,2093.9,Footwear,7.1,Prepaid,2,0,444,Tier2,5,4.5,1
ORD108945,628.52,Books,10.0,COD,1,0,108,Tier2,3,3.0,0
ORD108946,2833.52,Apparel,23.8,COD,4,0,66,Tier2,1,3.7,0
ORD108947,1297.77,Books,24.4,COD,7,0,686,Tier2,3,5.0,0
ORD108948,1842.32,Books,7.2,COD,4,0,30,Metro,3,4.5,0
ORD108949,722.57,Groceries,12.8,Prepaid,4,1,231,Tier3,7,3.4,1
ORD108950,368.44,Home,8.5,Prepaid,2,0,509,Tier3,9,3.6,1
ORD108951,844.57,Footwear,2.9,COD,4,0,49,Metro,4,4.7,1
ORD108952,535.22,Groceries,6.9,Prepaid,3,1,176,Metro,7,5.0,1
ORD108953,795.77,Groceries,10.1,Prepaid,4,0,76,Tier2,7,3.7,0
ORD108954,1391.91,Apparel,25.7,Prepaid,4,0,220,Metro,5,4.1,0
ORD108955,1097.52,Home,17.1,Prepaid,4,1,403,Metro,8,3.9,1
ORD108956,1637.06,Electronics,23.2,COD,5,0,210,Metro,5,4.6,0
ORD108957,1624.07,Groceries,5.4,Prepaid,7,2,11,Tier3,5,5.0,0
ORD108958,647.55,Groceries,12.2,COD,3,0,1748,Metro,6,3.4,1
ORD108959,3966.54,Electronics,5.4,Prepaid,2,0,112,Metro,6,4.0,0
ORD108960,644.37,Beauty,31.3,COD,2,0,1550,Metro,1,4.3,0
ORD108961,778.29,Beauty,42.7,Prepaid,7,0,193,Tier2,1,4.3,0
ORD108962,192.99,Home,28.6,COD,5,1,87,Metro,3,4.8,1
ORD108963,3466.29,Groceries,13.6,COD,2,0,357,Metro,5,4.6,0
ORD108964,1610.0,Footwear,6.9,COD,4,0,69,Tier3,9,3.4,0
ORD108965,503.95,Home,9.3,Prepaid,3,1,499,Metro,2,4.4,0
ORD108966,744.79,Books,14.1,Prepaid,3,0,112,Tier3,4,3.2,0
ORD108967,1492.75,Home,7.3,COD,7,0,156,Tier3,2,3.2,1
ORD108968,721.77,Footwear,9.1,Prepaid,7,0,177,Metro,8,4.6,1
ORD108969,1029.18,Groceries,26.1,Prepaid,8,1,13,Tier2,7,4.0,0
ORD108970,3038.6,Beauty,48.0,Prepaid,3,0,90,Metro,9,3.8,0
ORD108971,587.99,Books,15.0,COD,5,1,9,Metro,2,4.9,1
ORD108972,1424.04,Footwear,23.3,COD,4,0,182,Metro,7,4.1,0
ORD108973,1945.09,Apparel,15.1,COD,4,1,643,Tier2,1,3.8,0
ORD108974,3275.17,Groceries,25.8,Prepaid,4,0,122,Metro,7,3.9,0
ORD108975,1255.12,Groceries,13.8,Prepaid,5,0,73,Metro,1,4.0,0
ORD108976,567.89,Footwear,23.5,Prepaid,4,1,718,Tier3,8,4.0,1
ORD108977,420.27,Electronics,32.1,Prepaid,3,0,106,Tier3,2,4.1,0
ORD108978,1604.76,Home,34.9,Prepaid,4,0,30,Tier2,9,3.9,0
ORD108979,514.98,Books,36.3,Prepaid,2,0,312,Metro,5,3.6,0
ORD108980,4298.64,Apparel,37.5,Prepaid,6,1,305,Tier2,6,4.4,0
ORD108981,1435.09,Groceries,12.2,Prepaid,5,0,122,Tier2,5,4.5,0
ORD108982,1261.38,Electronics,4.2,COD,5,0,730,Metro,2,4.6,0
ORD108983,2594.13,Apparel,13.5,Prepaid,5,0,180,Tier2,7,4.4,0
ORD108984,583.88,Books,34.2,COD,4,1,173,Metro,9,4.0,0
ORD108985,61.72,Apparel,23.0,COD,0,0,13,Metro,5,4.4,0
ORD108986,1641.1,Footwear,10.0,Prepaid,3,1,405,Metro,8,3.6,0
ORD108987,856.16,Home,10.0,Prepaid,6,1,141,Metro,5,5.0,0
ORD108988,1342.15,Books,3.3,Prepaid,4,1,673,Tier3,8,3.4,0
ORD108989,3356.79,Groceries,9.3,COD,5,2,104,Metro,5,2.9,1
ORD108990,536.66,Groceries,34.3,Prepaid,6,0,308,Metro,6,3.9,0
ORD108991,1717.58,Apparel,8.0,COD,2,2,657,Metro,1,3.8,1
ORD108992,831.26,Apparel,14.0,COD,5,1,462,Tier2,3,4.2,1
ORD108993,607.95,Electronics,31.0,COD,5,1,84,Metro,7,3.8,0
ORD108994,943.67,Groceries,41.7,Prepaid,3,0,376,Metro,2,3.2,0
ORD108995,738.18,Home,3.4,COD,1,0,429,Metro,3,3.0,0
ORD108996,369.11,Apparel,9.6,Prepaid,5,1,103,Metro,6,4.6,0
ORD108997,1398.07,Home,14.5,COD,2,0,297,Tier3,9,3.3,0
ORD108998,2273.5,Beauty,12.4,COD,2,2,45,Tier2,8,4.3,0
ORD108999,1744.23,Groceries,18.4,Prepaid,5,0,314,Metro,9,3.9,0
ORD109000,3838.62,Electronics,9.1,COD,4,4,138,Metro,4,4.1,0
ORD109001,2854.79,Footwear,29.1,Prepaid,3,0,37,Metro,5,4.3,0
ORD109002,1709.1,Home,35.3,Prepaid,6,0,68,Tier3,9,4.3,0
ORD109003,908.67,Electronics,34.8,COD,10,0,1663,Metro,8,4.4,0
ORD109004,619.52,Groceries,14.1,COD,3,1,73,Tier2,9,4.3,1
ORD109005,1680.52,Home,40.0,COD,6,0,1272,Metro,3,3.3,0
ORD109006,2535.99,Home,48.6,Prepaid,3,1,365,Tier3,6,4.1,1
ORD109007,1807.38,Electronics,16.6,Prepaid,3,0,592,Tier2,5,4.6,0
ORD109008,3167.34,Footwear,11.1,COD,6,0,514,Metro,4,3.0,1
ORD109009,1055.66,Beauty,14.6,COD,3,0,175,Tier2,3,4.9,0
ORD109010,673.19,Groceries,22.9,COD,3,0,131,Metro,4,4.5,0
ORD109011,577.93,Home,33.7,COD,2,0,252,Metro,9,3.7,1
ORD109012,1466.57,Apparel,23.5,Prepaid,5,0,280,Tier2,6,3.7,0
ORD109013,1686.28,Electronics,9.0,COD,6,1,68,Metro,2,4.3,1
ORD109014,702.03,Beauty,10.1,Prepaid,2,0,43,Metro,8,3.2,0
ORD109015,1090.14,Footwear,36.7,Prepaid,1,0,602,Metro,9,3.6,1
ORD109016,549.23,Groceries,36.7,Prepaid,4,2,61,Metro,2,3.7,0
ORD109017,960.87,Footwear,13.0,Prepaid,2,0,18,Tier2,8,3.3,1
ORD109018,2167.92,Books,12.0,COD,5,0,923,Metro,8,4.2,1
ORD109019,3088.84,Beauty,17.7,Prepaid,6,2,56,Metro,8,3.9,0
ORD109020,724.28,Electronics,7.3,Prepaid,4,1,99,Metro,1,3.4,0
ORD109021,1831.6,Groceries,10.4,COD,2,0,141,Tier3,5,3.9,1
ORD109022,894.74,Beauty,20.6,Prepaid,4,0,444,Tier3,1,3.9,0
ORD109023,2671.25,Electronics,31.3,Prepaid,0,0,121,Tier3,2,4.5,0
ORD109024,3279.62,Home,1.8,COD,3,1,348,Tier3,4,5.0,1
ORD109025,75.51,Home,21.7,Prepaid,6,0,1017,Metro,8,4.4,0
ORD109026,912.36,Books,16.1,Prepaid,6,0,77,Tier2,1,4.1,0
ORD109027,2071.0,Home,25.3,Prepaid,5,0,291,Tier2,8,4.9,0
ORD109028,4004.54,Groceries,30.8,COD,2,1,185,Metro,6,3.4,0
ORD109029,2093.02,Books,49.8,Prepaid,5,0,273,Tier3,1,3.6,0
ORD109030,860.78,Footwear,22.9,Prepaid,3,0,1336,Metro,8,4.3,1
ORD109031,693.0,Apparel,17.0,Prepaid,5,0,359,Metro,5,5.0,0
ORD109032,940.91,Beauty,21.4,COD,7,2,5,Metro,8,3.9,1
ORD109033,536.14,Home,17.0,Prepaid,2,2,13,Tier3,9,5.0,0
ORD109034,3336.21,Beauty,11.3,COD,2,0,161,Tier3,2,4.3,0
ORD109035,803.52,Home,5.3,COD,2,1,220,Tier2,2,4.2,0
ORD109036,2248.29,Groceries,17.6,Prepaid,5,0,492,Tier2,1,4.8,0
ORD109037,1239.1,Electronics,18.2,Prepaid,6,2,164,Tier2,7,3.5,0
ORD109038,1518.25,Electronics,13.9,COD,5,0,300,Metro,7,3.9,1
ORD109039,3351.95,Groceries,50.3,COD,3,1,58,Metro,4,3.8,1
ORD109040,2197.78,Footwear,34.6,Prepaid,3,1,216,Tier3,4,3.6,0
ORD109041,2192.61,Apparel,35.2,Prepaid,6,1,139,Tier3,5,4.5,0
ORD109042,1964.52,Groceries,17.5,Prepaid,5,1,106,Metro,5,3.0,0
ORD109043,3046.17,Groceries,26.8,COD,4,0,207,Metro,8,3.7,0
ORD109044,1714.38,Groceries,15.5,COD,4,0,113,Tier2,6,4.4,0
ORD109045,94.42,Electronics,18.9,COD,2,0,144,Metro,7,4.7,0
ORD109046,2340.28,Groceries,15.0,Prepaid,6,0,70,Metro,4,4.4,0
ORD109047,750.49,Beauty,22.5,COD,3,0,248,Metro,2,2.9,1
ORD109048,2124.08,Apparel,33.1,COD,7,1,1487,Tier3,4,3.6,1
ORD109049,1471.65,Apparel,42.5,COD,3,1,113,Tier2,8,3.6,1
ORD109050,758.75,Beauty,5.6,Prepaid,3,1,78,Metro,8,2.8,0
ORD109051,369.08,Electronics,33.9,Prepaid,2,0,136,Metro,4,3.7,1
ORD109052,1014.35,Groceries,34.5,COD,5,0,49,Tier3,3,4.5,0
ORD109053,324.53,Electronics,11.7,COD,4,0,228,Metro,9,3.0,0
ORD109054,2846.88,Groceries,16.5,COD,2,0,734,Tier3,9,4.4,0
ORD109055,1533.92,Apparel,43.1,Prepaid,3,0,311,Metro,2,3.8,0
ORD109056,374.36,Books,32.4,COD,2,1,233,Tier2,4,4.3,0
ORD109057,205.92,Apparel,15.7,Prepaid,3,1,181,Tier2,3,4.6,0
ORD109058,2104.45,Electronics,11.5,COD,2,0,249,Tier3,2,4.1,1
ORD109059,641.56,Apparel,27.4,Prepaid,2,0,105,Metro,7,3.1,0
ORD109060,1974.35,Home,12.3,COD,2,0,45,Tier2,1,4.0,0
ORD109061,1700.33,Books,23.8,Prepaid,3,0,101,Metro,2,3.2,0
ORD109062,1090.49,Home,35.2,Prepaid,4,1,504,Tier2,8,5.0,0
ORD109063,822.66,Beauty,31.6,COD,7,0,482,Metro,2,4.4,0
ORD109064,1888.72,Home,5.2,Prepaid,6,0,394,Tier3,2,4.8,0
ORD109065,3891.45,Apparel,26.2,Prepaid,5,1,303,Metro,7,3.4,0
ORD109066,819.75,Footwear,16.8,Prepaid,3,2,124,Metro,2,4.7,1
ORD109067,1405.05,Apparel,5.9,Prepaid,6,1,568,Metro,1,3.7,0
ORD109068,3996.79,Groceries,29.8,COD,9,1,483,Tier3,1,5.0,0
ORD109069,576.14,Apparel,4.7,COD,2,1,63,Metro,2,3.6,1
ORD109070,1266.01,Books,4.8,Prepaid,4,2,341,Metro,9,4.5,1
ORD109071,3304.61,Beauty,40.5,COD,2,0,1607,Metro,1,3.7,1
ORD109072,1934.1,Home,5.6,Prepaid,3,0,317,Tier2,1,3.6,0
ORD109073,3384.75,Electronics,3.8,Prepaid,6,0,271,Tier3,8,4.0,1
ORD109074,755.63,Home,2.4,Prepaid,1,0,118,Metro,3,3.2,1
ORD109075,5452.78,Beauty,6.0,COD,5,1,251,Metro,9,5.0,1
ORD109076,3650.09,Groceries,6.8,COD,4,0,903,Tier3,4,2.8,1
ORD109077,538.04,Groceries,17.8,Prepaid,10,1,408,Tier3,8,3.9,0
ORD109078,2210.86,Groceries,39.2,Prepaid,3,0,30,Metro,2,3.5,0
ORD109079,2862.73,Beauty,9.1,COD,1,0,10,Metro,2,5.0,0
ORD109080,1746.98,Groceries,27.5,COD,8,1,428,Tier2,5,4.3,1
ORD109081,4422.54,Footwear,24.1,Prepaid,4,0,3,Tier3,3,5.0,0
ORD109082,552.02,Apparel,35.8,Prepaid,2,0,284,Metro,7,2.6,1
ORD109083,962.91,Home,12.9,Prepaid,6,0,282,Metro,6,4.5,1
ORD109084,1162.28,Books,19.5,Prepaid,5,1,105,Tier3,5,4.7,0
ORD109085,984.01,Apparel,14.4,COD,4,0,20,Tier3,4,3.3,1
ORD109086,1227.41,Electronics,8.4,Prepaid,3,0,31,Metro,6,4.6,0
ORD109087,1368.57,Apparel,13.2,Prepaid,2,1,243,Metro,2,3.2,1
ORD109088,2078.8,Apparel,33.3,Prepaid,6,2,1360,Tier2,5,3.3,1
ORD109089,602.28,Beauty,20.7,COD,6,0,404,Tier3,4,4.0,0
ORD109090,1456.74,Groceries,48.3,COD,5,2,65,Tier2,2,4.0,1
ORD109091,314.69,Apparel,36.5,COD,8,1,126,Tier3,4,4.1,1
ORD109092,990.74,Apparel,21.2,COD,3,0,90,Tier2,7,4.9,1
ORD109093,1643.25,Books,22.7,Prepaid,8,0,15,Metro,2,3.0,0
ORD109094,953.42,Electronics,11.6,Prepaid,3,0,15,Tier3,5,3.4,0
ORD109095,2307.18,Apparel,15.8,COD,3,0,37,Tier3,1,4.8,0
ORD109096,1378.96,Electronics,27.5,COD,1,0,331,Tier3,2,4.5,0
ORD109097,422.24,Books,2.2,Prepaid,4,0,318,Tier2,6,3.8,0
ORD109098,2389.32,Footwear,11.1,Prepaid,6,1,280,Tier2,8,3.5,0
ORD109099,728.91,Groceries,14.6,Prepaid,5,0,150,Tier3,8,4.0,0
ORD109100,225.51,Apparel,11.9,Prepaid,7,0,796,Metro,8,3.7,0
ORD109101,474.14,Books,22.6,Prepaid,4,0,36,Tier3,6,3.8,0
ORD109102,2181.7,Apparel,19.5,COD,7,0,116,Metro,6,4.2,1
ORD109103,5908.84,Books,8.4,COD,3,0,167,Tier2,8,4.3,1
ORD109104,598.96,Groceries,11.0,COD,2,0,348,Tier2,8,3.8,0
ORD109105,331.33,Books,49.0,COD,8,0,220,Tier3,1,4.2,0
ORD109106,1717.83,Electronics,27.8,COD,2,2,564,Metro,9,4.0,1
ORD109107,2198.16,Home,25.3,Prepaid,2,0,74,Metro,1,4.2,0
ORD109108,895.23,Footwear,13.6,COD,4,0,73,Tier3,4,3.1,0
ORD109109,271.72,Footwear,3.7,Prepaid,6,0,117,Tier3,5,3.0,1
ORD109110,2391.86,Books,6.6,Prepaid,3,0,11,Tier2,6,3.4,0
ORD109111,708.56,Home,19.9,COD,5,2,450,Tier3,2,3.5,0
ORD109112,244.73,Electronics,32.2,Prepaid,2,1,373,Tier2,6,5.0,0
ORD109113,1548.4,Footwear,9.4,Prepaid,6,1,618,Metro,1,3.7,0
ORD109114,1573.97,Apparel,37.7,Prepaid,5,1,48,Tier2,8,4.3,1
ORD109115,284.05,Beauty,25.6,Prepaid,5,0,174,Tier2,8,3.6,0
ORD109116,155.52,Footwear,26.3,Prepaid,5,1,580,Tier2,9,4.7,0
ORD109117,505.56,Apparel,7.1,Prepaid,4,0,776,Tier3,6,4.6,0
ORD109118,3925.35,Groceries,36.4,COD,4,0,151,Tier2,3,4.7,0
ORD109119,2651.52,Home,34.5,Prepaid,2,0,561,Tier2,6,4.2,0
ORD109120,840.76,Footwear,37.3,COD,5,0,621,Metro,3,4.1,1
ORD109121,307.28,Home,19.5,COD,5,2,1747,Tier3,9,5.0,0
ORD109122,2091.64,Home,23.7,COD,11,1,616,Metro,2,4.3,0
ORD109123,2178.94,Electronics,4.4,Prepaid,4,1,98,Metro,3,4.0,0
ORD109124,2015.19,Footwear,35.5,COD,4,1,253,Metro,4,4.2,1
ORD109125,2688.61,Electronics,12.5,Prepaid,2,1,107,Tier2,2,3.5,0
ORD109126,3334.21,Groceries,29.5,COD,1,0,739,Tier3,8,3.1,1
ORD109127,622.31,Groceries,9.1,Prepaid,7,0,331,Tier2,9,3.1,0
ORD109128,223.63,Electronics,5.0,COD,4,3,94,Tier3,2,3.1,0
ORD109129,1777.19,Home,31.7,COD,2,0,38,Metro,4,3.5,0
ORD109130,1460.43,Beauty,34.1,Prepaid,4,0,629,Metro,8,4.8,0
ORD109131,3301.82,Books,13.6,COD,4,0,264,Metro,9,3.6,0
ORD109132,1706.92,Apparel,10.3,COD,1,0,282,Metro,8,3.4,1
ORD109133,2600.49,Apparel,20.0,Prepaid,1,1,74,Metro,4,3.3,1
ORD109134,1506.08,Apparel,15.0,COD,5,0,52,Tier2,7,3.7,1
ORD109135,938.63,Groceries,13.6,Prepaid,3,1,148,Tier3,9,3.6,1
ORD109136,1922.66,Home,16.9,COD,6,1,11,Metro,4,4.4,0
ORD109137,1111.84,Books,37.0,COD,4,0,5,Metro,4,3.9,0
ORD109138,1331.12,Electronics,11.0,COD,4,0,397,Metro,7,3.6,0
ORD109139,442.79,Footwear,16.5,COD,4,0,256,Metro,9,4.1,0
ORD109140,782.16,Apparel,7.6,Prepaid,6,0,189,Metro,6,3.8,1
ORD109141,1329.21,Electronics,21.7,Prepaid,0,0,262,Metro,2,4.5,0
ORD109142,632.29,Home,37.4,COD,5,0,671,Tier2,7,3.1,1
ORD109143,477.16,Apparel,8.6,COD,6,0,25,Tier2,9,2.7,0
ORD109144,1454.86,Apparel,15.5,Prepaid,3,0,1522,Metro,9,4.8,1
ORD109145,2916.71,Electronics,13.4,Prepaid,3,1,656,Metro,2,4.4,0
ORD109146,869.24,Electronics,2.8,COD,5,1,499,Metro,2,4.5,0
ORD109147,611.18,Apparel,11.5,COD,3,0,990,Metro,2,3.5,1
ORD109148,1557.75,Electronics,32.7,Prepaid,6,2,26,Tier3,7,3.2,0
ORD109149,1598.18,Books,25.0,COD,7,1,262,Metro,4,3.8,0
ORD109150,999.86,Home,9.8,COD,1,0,561,Metro,5,4.3,1
ORD109151,1729.49,Home,33.9,Prepaid,2,1,785,Metro,3,4.2,0
ORD109152,1246.56,Groceries,7.4,Prepaid,4,1,254,Tier2,1,4.2,0
ORD109153,882.9,Books,47.5,Prepaid,3,0,495,Tier3,3,4.3,1
ORD109154,2123.77,Electronics,7.3,Prepaid,6,2,102,Tier3,2,4.2,0
ORD109155,1291.41,Footwear,4.4,COD,2,0,119,Metro,8,5.0,1
ORD109156,133.9,Electronics,10.8,Prepaid,5,0,722,Metro,2,4.6,1
ORD109157,591.31,Books,28.2,COD,1,1,122,Tier2,5,3.6,0
ORD109158,1565.52,Groceries,9.4,COD,4,1,199,Tier2,8,3.9,0
ORD109159,835.48,Apparel,11.6,Prepaid,5,2,309,Metro,2,4.6,0
ORD109160,1180.63,Home,17.7,Prepaid,4,1,30,Tier2,4,4.0,0
ORD109161,733.86,Apparel,24.3,Prepaid,1,1,162,Tier2,4,4.5,1
ORD109162,955.04,Footwear,36.1,Prepaid,5,2,56,Tier3,1,4.0,1
ORD109163,760.94,Home,23.2,COD,3,0,1866,Metro,4,4.1,0
ORD109164,1294.58,Apparel,20.5,Prepaid,3,0,390,Tier2,4,4.9,1
ORD109165,612.03,Apparel,10.9,COD,5,5,438,Metro,4,3.0,1
ORD109166,2801.32,Electronics,2.0,Prepaid,2,1,556,Metro,5,4.9,1
ORD109167,2542.54,Apparel,25.6,Prepaid,6,0,21,Metro,9,4.6,0
ORD109168,639.79,Groceries,24.4,Prepaid,8,2,819,Metro,2,4.2,1
ORD109169,3307.96,Footwear,17.7,Prepaid,2,0,278,Tier3,2,4.3,0
ORD109170,539.73,Books,18.3,COD,7,1,83,Metro,7,4.1,1
ORD109171,8948.47,Beauty,32.9,COD,3,0,7,Tier3,7,3.4,0
ORD109172,5334.49,Beauty,3.7,Prepaid,1,1,89,Tier3,1,4.4,0
ORD109173,2862.47,Books,25.1,Prepaid,5,0,478,Tier3,7,3.4,0
ORD109174,2438.64,Beauty,2.0,Prepaid,5,0,209,Tier2,1,3.4,0
ORD109175,2552.45,Electronics,16.5,COD,3,1,8,Tier2,8,4.3,1
ORD109176,1353.6,Footwear,7.4,COD,4,0,38,Tier2,4,3.7,1
ORD109177,4282.95,Home,43.0,Prepaid,5,3,282,Tier2,6,3.9,1
ORD109178,888.98,Books,14.4,Prepaid,6,0,128,Metro,5,3.7,0
ORD109179,805.02,Books,7.7,Prepaid,2,1,394,Metro,3,4.2,0
ORD109180,1886.76,Beauty,8.6,COD,1,0,79,Metro,2,4.0,0
ORD109181,545.14,Groceries,11.7,COD,2,1,369,Tier3,6,4.0,0
ORD109182,587.53,Electronics,20.8,COD,3,0,453,Metro,9,3.1,0
ORD109183,2721.77,Apparel,20.6,Prepaid,1,1,319,Tier2,4,4.2,1
ORD109184,598.13,Apparel,24.9,COD,4,0,4,Metro,1,4.3,0
ORD109185,825.77,Electronics,20.1,COD,3,0,264,Tier2,6,4.1,0
ORD109186,1784.14,Apparel,22.8,COD,2,0,88,Tier2,7,4.0,1
ORD109187,887.68,Footwear,19.8,Prepaid,4,2,236,Metro,7,3.4,0
ORD109188,1293.45,Books,17.1,COD,8,1,424,Metro,9,4.5,0
ORD109189,836.66,Footwear,12.5,Prepaid,3,0,41,Metro,9,4.4,0
ORD109190,2033.02,Footwear,23.2,COD,4,2,1021,Tier3,9,5.0,1
ORD109191,850.76,Groceries,8.3,COD,6,1,191,Metro,8,3.4,0
ORD109192,425.2,Beauty,29.9,COD,3,0,420,Tier3,9,4.8,0
ORD109193,1613.88,Beauty,18.3,COD,3,0,218,Metro,6,4.5,0
ORD109194,1372.53,Beauty,9.4,COD,5,1,78,Metro,8,3.5,1
ORD109195,1759.53,Home,23.0,COD,1,0,20,Metro,5,3.6,0
ORD109196,559.88,Footwear,14.9,COD,3,0,98,Metro,8,4.4,0
ORD109197,1491.87,Groceries,13.2,Prepaid,3,2,176,Tier2,3,4.3,0
ORD109198,447.49,Home,27.2,COD,3,0,167,Tier3,6,4.6,1
ORD109199,1593.64,Home,16.5,COD,8,0,1355,Tier3,1,4.0,0
ORD109200,2650.85,Home,22.8,COD,7,1,534,Metro,5,4.6,0
ORD109201,997.26,Footwear,12.7,Prepaid,2,1,129,Metro,9,3.8,1
ORD109202,157.22,Electronics,21.2,Prepaid,4,1,243,Tier2,9,4.6,0
ORD109203,504.67,Footwear,16.8,COD,6,1,94,Tier2,3,2.7,1
ORD109204,1021.24,Electronics,6.7,COD,6,0,104,Tier2,3,3.9,0
ORD109205,1752.8,Electronics,7.9,COD,4,1,940,Metro,4,4.3,0
ORD109206,1637.32,Groceries,15.3,Prepaid,2,0,138,Tier2,6,3.9,0
ORD109207,3488.25,Home,26.1,Prepaid,4,0,180,Tier3,3,3.7,0
ORD109208,2714.57,Beauty,22.9,Prepaid,2,2,29,Metro,6,4.3,0
ORD109209,2651.51,Apparel,31.4,COD,5,1,293,Metro,3,3.7,1
ORD109210,1293.7,Footwear,13.0,Prepaid,2,0,18,Metro,9,3.5,0
ORD109211,487.83,Groceries,11.3,Prepaid,3,0,85,Tier3,1,4.8,0
ORD109212,2122.87,Home,17.6,COD,2,1,154,Metro,9,3.1,0
ORD109213,1022.97,Electronics,14.6,COD,3,0,12,Metro,6,3.5,0
ORD109214,4840.04,Apparel,36.5,COD,5,0,507,Tier2,5,4.6,1
ORD109215,1066.95,Beauty,22.5,COD,4,0,157,Tier2,3,4.5,0
ORD109216,1019.92,Beauty,3.7,COD,6,2,76,Tier2,5,3.1,1
ORD109217,753.33,Footwear,10.6,Prepaid,0,0,487,Tier3,5,4.0,1
ORD109218,1594.72,Books,13.2,COD,4,1,307,Metro,5,4.9,0
ORD109219,2095.04,Groceries,9.6,COD,6,0,15,Tier3,5,4.2,0
ORD109220,602.25,Beauty,8.8,COD,6,0,1855,Tier3,2,4.3,0
ORD109221,2190.4,Groceries,24.4,COD,5,0,56,Metro,2,4.3,0
ORD109222,472.48,Books,13.8,Prepaid,5,1,4,Tier3,8,4.4,0
ORD109223,1076.63,Home,14.1,COD,8,0,171,Metro,4,3.9,1
ORD109224,3263.35,Books,31.1,COD,1,0,64,Metro,9,5.0,0
ORD109225,827.24,Electronics,22.0,Prepaid,4,0,4,Tier2,5,4.1,0
ORD109226,414.47,Beauty,41.1,Prepaid,4,0,236,Tier3,2,4.0,0
ORD109227,1892.22,Books,20.2,COD,4,0,327,Metro,8,4.0,0
ORD109228,1692.05,Groceries,28.8,COD,1,1,25,Tier2,8,3.1,0
ORD109229,474.65,Electronics,11.5,Prepaid,4,0,23,Tier2,2,4.3,0
ORD109230,4090.71,Electronics,16.8,COD,2,0,690,Metro,7,4.2,0
ORD109231,1566.81,Books,26.8,Prepaid,8,1,826,Tier3,7,4.2,0
ORD109232,1097.0,Books,10.2,Prepaid,2,1,52,Metro,2,3.5,0
ORD109233,1069.78,Books,10.0,COD,7,0,50,Metro,6,4.5,0
ORD109234,586.39,Electronics,18.9,Prepaid,9,1,648,Tier3,7,4.9,0
ORD109235,699.68,Apparel,24.7,COD,3,0,24,Metro,7,4.5,1
ORD109236,1434.15,Electronics,8.7,Prepaid,8,0,16,Metro,2,3.6,0
ORD109237,1245.8,Apparel,25.4,Prepaid,3,1,903,Metro,1,3.3,0
ORD109238,874.21,Home,14.4,COD,1,0,141,Metro,4,3.4,0
ORD109239,1559.59,Electronics,30.7,Prepaid,2,1,232,Tier2,5,4.9,1
ORD109240,1758.03,Apparel,9.6,Prepaid,4,1,1907,Tier3,9,3.5,1
ORD109241,1943.85,Electronics,15.4,Prepaid,3,0,633,Metro,2,3.7,0
ORD109242,2053.7,Home,35.0,Prepaid,5,2,145,Metro,1,4.0,0
ORD109243,767.77,Footwear,56.5,Prepaid,3,0,507,Metro,6,3.8,1
ORD109244,1288.96,Footwear,32.0,COD,5,1,664,Tier3,6,4.8,0
ORD109245,1851.86,Footwear,11.6,COD,3,1,246,Tier2,7,3.6,0
ORD109246,936.54,Books,22.5,COD,5,0,111,Metro,1,5.0,0
ORD109247,2669.18,Footwear,17.1,Prepaid,2,1,110,Tier2,8,2.8,1
ORD109248,1729.71,Electronics,33.1,Prepaid,4,1,201,Tier2,4,4.1,0
ORD109249,1073.02,Apparel,16.1,COD,2,0,145,Tier3,1,3.5,1
ORD109250,326.09,Footwear,21.0,COD,2,0,78,Tier3,7,2.7,0
ORD109251,1508.52,Beauty,21.1,Prepaid,1,1,24,Tier3,2,4.7,0
ORD109252,636.96,Home,25.2,COD,3,0,222,Tier2,3,3.8,0
ORD109253,668.1,Footwear,33.9,Prepaid,5,0,69,Metro,1,3.7,1
ORD109254,524.9,Beauty,12.7,Prepaid,2,2,303,Metro,4,4.7,1
ORD109255,1785.54,Home,11.4,Prepaid,7,2,336,Tier2,9,3.3,0
ORD109256,1976.14,Apparel,7.0,COD,9,2,50,Tier2,5,3.9,0
ORD109257,2971.7,Books,29.7,Prepaid,7,2,39,Tier2,8,4.6,0
ORD109258,1457.76,Groceries,8.9,Prepaid,2,0,64,Tier3,7,3.5,0
ORD109259,89.03,Home,23.2,Prepaid,4,2,150,Tier2,6,5.0,1
ORD109260,2572.18,Footwear,13.4,COD,5,0,60,Metro,5,4.2,1
ORD109261,4447.67,Groceries,19.7,Prepaid,6,0,372,Tier2,7,4.1,0
ORD109262,1574.15,Footwear,35.0,COD,5,1,62,Tier2,8,4.8,1
ORD109263,1122.02,Home,14.1,Prepaid,0,0,99,Metro,3,3.8,0
ORD109264,2906.68,Groceries,31.1,COD,6,0,15,Tier3,8,4.1,1
ORD109265,502.95,Electronics,10.6,Prepaid,3,1,413,Tier2,6,3.5,0
ORD109266,4966.04,Footwear,20.4,COD,5,0,244,Tier2,6,5.0,0
ORD109267,2582.99,Electronics,30.8,Prepaid,6,0,94,Tier3,3,4.0,0
ORD109268,1963.23,Apparel,14.4,COD,4,0,4,Metro,6,4.8,0
ORD109269,1607.23,Apparel,29.3,Prepaid,3,0,362,Metro,7,3.9,1
ORD109270,768.29,Books,9.7,Prepaid,4,0,160,Tier3,6,4.9,1
ORD109271,554.67,Beauty,17.6,COD,4,0,252,Metro,5,3.8,0
ORD109272,1243.91,Footwear,17.6,Prepaid,4,1,448,Tier3,6,5.0,1
ORD109273,457.0,Beauty,21.2,Prepaid,3,1,169,Metro,6,4.0,0
ORD109274,1187.18,Groceries,18.4,COD,2,0,374,Metro,9,4.1,1
ORD109275,182.23,Home,13.1,COD,2,0,310,Metro,6,4.1,1
ORD109276,1872.4,Home,10.0,COD,3,2,61,Metro,3,2.8,0
ORD109277,1076.96,Apparel,28.5,COD,9,0,125,Tier3,6,4.2,0
ORD109278,2650.07,Apparel,38.8,Prepaid,4,1,433,Metro,2,4.0,1
ORD109279,1411.8,Electronics,15.0,COD,5,0,31,Metro,2,4.6,0
ORD109280,2103.94,Footwear,15.4,COD,7,0,274,Metro,7,4.8,1
ORD109281,692.28,Home,21.9,COD,2,1,118,Metro,8,3.1,0
ORD109282,633.71,Apparel,35.1,COD,5,1,184,Metro,9,4.4,1
ORD109283,562.02,Home,37.5,Prepaid,4,3,87,Tier2,8,4.6,0
ORD109284,818.04,Electronics,12.2,Prepaid,6,0,1168,Metro,9,4.6,0
ORD109285,1384.92,Electronics,26.4,COD,5,1,445,Tier3,6,4.1,0
ORD109286,1616.26,Books,2.0,COD,2,0,207,Metro,3,3.7,0
ORD109287,247.02,Apparel,19.4,Prepaid,7,2,252,Metro,3,3.5,0
ORD109288,5150.34,Groceries,14.8,COD,2,0,57,Tier3,4,4.4,0
ORD109289,2494.99,Books,25.4,Prepaid,7,1,218,Metro,5,4.7,0
ORD109290,1679.04,Groceries,4.5,COD,6,0,975,Metro,8,4.1,0
ORD109291,1406.53,Books,4.1,COD,10,0,244,Metro,1,3.9,0
ORD109292,1362.05,Apparel,13.9,COD,5,1,143,Metro,2,3.6,0
ORD109293,2798.53,Home,4.7,Prepaid,7,0,345,Tier2,8,3.8,0
ORD109294,1045.94,Home,14.6,Prepaid,1,1,92,Tier2,2,3.4,1
ORD109295,1674.87,Electronics,18.1,COD,4,0,409,Metro,7,4.8,1
ORD109296,1710.38,Groceries,24.1,COD,2,1,10,Metro,8,4.1,0
ORD109297,1198.39,Electronics,36.8,COD,3,0,284,Tier2,2,4.1,1
ORD109298,2645.83,Beauty,26.3,COD,4,0,160,Tier2,6,4.1,0
ORD109299,3740.67,Apparel,26.2,Prepaid,2,0,360,Metro,5,3.7,0
ORD109300,1604.14,Home,37.0,COD,3,0,0,Tier2,4,4.2,0
ORD109301,2803.61,Home,5.5,Prepaid,5,0,94,Tier3,9,4.2,1
ORD109302,2011.32,Home,9.9,COD,4,1,391,Tier2,9,4.2,1
ORD109303,1623.12,Electronics,26.7,Prepaid,4,0,1551,Metro,2,3.3,0
ORD109304,772.63,Footwear,6.1,COD,6,1,247,Metro,5,3.1,1
ORD109305,1370.79,Apparel,10.4,Prepaid,5,0,171,Metro,3,4.1,1
ORD109306,1344.77,Beauty,8.3,COD,1,0,83,Metro,8,3.5,1
ORD109307,3201.25,Footwear,24.9,Prepaid,8,0,135,Metro,5,3.2,0
ORD109308,893.03,Groceries,12.1,COD,0,0,99,Tier3,9,3.9,0
ORD109309,827.34,Electronics,27.0,Prepaid,2,1,315,Metro,1,3.8,0
ORD109310,749.38,Footwear,6.1,COD,2,0,26,Tier2,8,4.0,1
ORD109311,933.68,Footwear,13.6,Prepaid,5,0,113,Tier3,7,4.8,0
ORD109312,1738.42,Footwear,36.7,COD,2,0,57,Tier2,1,3.5,1
ORD109313,1389.91,Beauty,27.5,Prepaid,0,0,66,Metro,9,3.4,0
ORD109314,1666.34,Groceries,19.0,Prepaid,8,0,428,Tier2,9,3.6,0
ORD109315,1280.03,Home,7.5,COD,2,1,190,Metro,6,4.6,0
ORD109316,1321.15,Home,19.9,Prepaid,4,0,20,Metro,3,4.4,0
ORD109317,1124.35,Footwear,17.1,Prepaid,2,2,293,Tier3,4,4.2,1
ORD109318,592.62,Books,39.4,COD,4,1,38,Metro,9,4.3,1
ORD109319,1711.74,Home,19.9,Prepaid,2,1,172,Tier3,7,3.8,0
ORD109320,1245.32,Electronics,2.2,Prepaid,5,1,278,Tier2,8,4.7,0
ORD109321,617.75,Apparel,34.4,COD,2,0,6,Tier2,3,3.3,0
ORD109322,1330.89,Beauty,15.9,Prepaid,4,1,207,Metro,3,3.5,0
ORD109323,260.19,Electronics,7.4,COD,1,1,282,Metro,6,3.5,0
ORD109324,1856.69,Electronics,16.6,Prepaid,6,1,333,Metro,3,3.9,0
ORD109325,1289.53,Books,22.6,COD,2,1,247,Metro,1,4.1,0
ORD109326,2490.9,Beauty,30.2,Prepaid,6,1,13,Tier3,6,5.0,0
ORD109327,1308.47,Footwear,7.1,COD,2,0,648,Tier2,4,4.0,1
ORD109328,1402.58,Apparel,33.8,Prepaid,5,2,56,Tier2,9,4.0,1
ORD109329,1905.16,Home,28.3,Prepaid,3,2,118,Metro,6,4.0,1
ORD109330,798.72,Books,16.3,COD,7,0,80,Tier2,9,2.8,1
ORD109331,2190.94,Books,11.0,Prepaid,3,1,255,Metro,3,3.6,0
ORD109332,1728.45,Apparel,21.9,COD,1,0,199,Tier3,6,3.4,1
ORD109333,805.02,Groceries,32.7,COD,1,0,209,Tier2,5,4.2,1
ORD109334,1233.09,Books,18.0,Prepaid,2,0,786,Tier2,5,4.6,0
ORD109335,1918.43,Home,19.6,COD,2,0,62,Metro,8,4.6,1
ORD109336,680.56,Electronics,5.2,Prepaid,2,0,452,Tier3,7,5.0,1
ORD109337,949.72,Home,13.0,Prepaid,3,2,80,Metro,5,3.5,0
ORD109338,2076.23,Groceries,34.4,Prepaid,4,0,6,Metro,6,3.7,0
ORD109339,1456.8,Beauty,19.8,Prepaid,6,2,718,Metro,1,4.3,0
ORD109340,1872.06,Footwear,14.5,COD,1,1,578,Metro,5,4.3,0
ORD109341,2439.81,Apparel,12.2,Prepaid,2,0,94,Tier2,8,3.8,0
ORD109342,1068.84,Footwear,11.6,Prepaid,4,1,213,Tier3,4,4.9,0
ORD109343,2479.92,Home,28.2,COD,5,3,267,Tier2,4,3.5,1
ORD109344,3023.15,Books,28.9,COD,4,0,297,Tier2,9,4.0,0
ORD109345,2430.05,Electronics,7.0,COD,3,0,611,Metro,8,4.6,0
ORD109346,1102.88,Books,6.6,COD,2,0,403,Metro,5,4.9,0
ORD109347,840.31,Apparel,13.3,COD,3,0,765,Metro,5,3.8,1
ORD109348,1051.67,Groceries,9.7,COD,4,1,107,Metro,1,3.6,0
ORD109349,1751.34,Books,1.8,COD,0,0,151,Tier2,4,4.5,0
ORD109350,871.82,Books,7.5,COD,5,0,168,Metro,2,3.8,1
ORD109351,1668.68,Footwear,35.6,Prepaid,4,1,315,Metro,7,4.4,1
ORD109352,2203.24,Apparel,37.7,Prepaid,3,0,402,Tier2,8,3.9,0
ORD109353,842.6,Books,22.7,Prepaid,3,1,6,Metro,7,3.8,0
ORD109354,1724.98,Apparel,4.2,Prepaid,0,0,348,Tier2,4,2.9,0
ORD109355,1848.42,Books,16.4,COD,4,0,287,Metro,8,3.5,0
ORD109356,4870.39,Books,20.0,Prepaid,1,0,532,Metro,2,4.2,0
ORD109357,1426.78,Apparel,8.6,Prepaid,4,0,34,Metro,9,3.9,0
ORD109358,2483.19,Home,33.1,COD,6,0,838,Tier3,5,4.0,0
ORD109359,2238.36,Apparel,10.8,Prepaid,6,1,187,Metro,1,4.1,0
ORD109360,1401.69,Footwear,8.7,Prepaid,6,0,11,Metro,7,4.5,0
ORD109361,3232.63,Beauty,22.7,COD,5,1,151,Tier2,5,4.9,0
ORD109362,3562.32,Books,30.3,COD,4,1,268,Metro,9,3.3,0
ORD109363,2265.09,Electronics,17.6,Prepaid,4,1,198,Metro,1,3.5,0
ORD109364,2518.67,Footwear,5.8,Prepaid,3,0,399,Tier3,6,3.6,0
ORD109365,696.72,Beauty,27.7,Prepaid,6,0,1112,Metro,7,4.9,0
ORD109366,217.63,Groceries,7.7,Prepaid,4,0,443,Tier2,7,3.4,0
ORD109367,757.26,Groceries,6.8,COD,6,0,998,Tier2,2,3.5,0
ORD109368,1862.69,Books,29.6,COD,4,1,340,Metro,5,4.4,0
ORD109369,1079.77,Home,14.2,Prepaid,6,0,13,Metro,2,3.2,0
ORD109370,1251.74,Footwear,10.5,Prepaid,7,1,30,Metro,7,4.6,0
ORD109371,1235.25,Apparel,13.9,COD,6,0,73,Tier3,1,4.0,0
ORD109372,2147.44,Apparel,33.5,Prepaid,4,1,588,Tier2,2,5.0,0
ORD109373,1201.98,Apparel,37.4,COD,10,1,333,Metro,7,3.8,0
ORD109374,5647.37,Electronics,21.1,Prepaid,5,1,316,Tier2,5,4.0,0
ORD109375,2643.57,Home,26.5,Prepaid,8,1,172,Tier2,5,4.7,0
ORD109376,1692.26,Apparel,9.2,Prepaid,7,0,127,Metro,5,3.3,0
ORD109377,3752.49,Apparel,26.5,COD,4,1,151,Metro,1,4.0,1
ORD109378,2120.92,Groceries,32.0,COD,4,1,463,Tier2,4,3.5,0
ORD109379,543.88,Apparel,16.0,COD,6,3,627,Metro,2,4.3,1
ORD109380,143.19,Apparel,14.8,Prepaid,6,1,415,Metro,8,3.8,0
ORD109381,1619.33,Books,5.5,COD,3,1,294,Tier3,7,3.6,0
ORD109382,438.34,Beauty,8.9,Prepaid,5,0,126,Metro,7,4.0,1
ORD109383,1049.27,Beauty,27.2,Prepaid,1,0,198,Tier2,2,4.7,0
ORD109384,518.1,Footwear,18.0,Prepaid,5,0,3,Metro,8,3.3,1
ORD109385,1936.64,Groceries,19.6,COD,3,0,59,Tier3,8,4.2,0
ORD109386,1068.63,Apparel,16.3,COD,2,2,18,Tier2,5,4.0,1
ORD109387,644.64,Apparel,6.6,COD,4,1,222,Tier3,3,3.8,1
ORD109388,2420.64,Beauty,19.1,COD,6,0,286,Tier3,7,4.8,0
ORD109389,294.31,Home,17.2,Prepaid,4,0,511,Metro,8,4.4,0
ORD109390,346.91,Apparel,46.1,COD,3,0,154,Metro,2,4.5,1
ORD109391,1219.4,Books,12.1,COD,2,0,1375,Tier3,1,5.0,0
ORD109392,3556.81,Home,31.2,Prepaid,2,0,1497,Metro,1,2.5,0
ORD109393,1556.24,Home,15.7,Prepaid,4,0,346,Metro,3,2.5,0
ORD109394,4915.75,Beauty,34.0,Prepaid,2,1,50,Metro,8,2.8,0
ORD109395,1869.23,Electronics,16.6,COD,2,1,168,Metro,7,5.0,0
ORD109396,709.84,Beauty,11.7,COD,4,1,33,Metro,5,3.5,0
ORD109397,1817.48,Footwear,37.2,COD,4,0,465,Metro,5,2.7,0
ORD109398,3311.26,Electronics,18.1,Prepaid,1,0,128,Metro,1,4.0,0
ORD109399,741.16,Home,11.4,Prepaid,8,0,300,Tier3,3,4.0,0
ORD109400,1263.81,Books,4.5,Prepaid,4,1,112,Tier3,2,3.8,0
ORD109401,2335.2,Books,6.2,COD,7,1,104,Tier2,8,3.7,0
ORD109402,1663.87,Footwear,8.9,Prepaid,3,1,100,Tier2,8,3.7,0
ORD109403,3635.43,Books,38.0,Prepaid,4,2,655,Tier2,1,4.1,1
ORD109404,5578.77,Electronics,15.1,Prepaid,2,0,252,Tier3,1,5.0,0
ORD109405,1903.1,Home,10.4,Prepaid,2,2,418,Tier2,8,3.7,1
ORD109406,1160.7,Groceries,39.5,COD,4,1,466,Metro,2,4.5,0
ORD109407,1468.46,Electronics,25.9,Prepaid,7,1,51,Tier2,5,4.1,0
ORD109408,170.39,Electronics,8.1,COD,2,0,74,Metro,2,3.7,0
ORD109409,2984.31,Electronics,31.3,Prepaid,4,0,21,Tier2,1,4.0,0
ORD109410,3184.74,Groceries,13.1,Prepaid,4,0,607,Tier2,1,4.6,0
ORD109411,3307.55,Books,18.0,Prepaid,3,0,719,Tier2,8,3.7,0
ORD109412,858.61,Home,13.4,Prepaid,7,1,237,Metro,5,4.1,1
ORD109413,348.29,Electronics,20.5,COD,3,2,1161,Tier3,7,3.7,1
ORD109414,584.12,Home,34.2,COD,5,0,303,Tier2,2,3.0,0
ORD109415,1073.89,Beauty,5.5,COD,3,1,76,Tier2,1,4.7,0
ORD109416,490.22,Electronics,22.7,Prepaid,7,1,365,Metro,5,3.9,0
ORD109417,4416.4,Electronics,29.8,COD,3,1,373,Metro,6,3.2,0
ORD109418,996.47,Apparel,5.5,Prepaid,2,2,64,Tier2,9,4.3,1
ORD109419,1712.89,Books,18.8,Prepaid,1,0,369,Metro,1,4.2,0
ORD109420,1022.25,Apparel,25.9,COD,2,1,247,Metro,1,4.3,1
ORD109421,1368.27,Apparel,22.8,Prepaid,3,3,208,Tier2,7,3.9,1
ORD109422,974.45,Footwear,10.6,COD,2,0,127,Tier3,3,3.2,0
ORD109423,2259.05,Books,35.4,COD,0,0,554,Metro,1,4.2,1
ORD109424,545.07,Home,39.8,Prepaid,4,1,259,Metro,1,2.3,0
ORD109425,1139.05,Books,41.8,COD,2,0,87,Metro,8,4.3,1
ORD109426,4849.27,Home,2.6,Prepaid,4,0,171,Tier2,7,4.2,0
ORD109427,584.76,Beauty,19.8,COD,7,2,1,Tier2,1,4.1,1
ORD109428,1690.38,Electronics,13.3,COD,5,0,174,Metro,8,3.3,0
ORD109429,1097.68,Home,8.4,Prepaid,7,0,21,Metro,5,3.9,1
ORD109430,1266.06,Footwear,9.3,COD,3,1,30,Tier2,1,4.0,1
ORD109431,3238.39,Electronics,33.6,COD,2,0,142,Tier3,6,3.9,0
ORD109432,761.55,Apparel,33.2,Prepaid,2,0,221,Metro,4,4.5,0
ORD109433,4499.85,Apparel,21.6,COD,7,2,98,Tier2,5,3.6,1
ORD109434,298.09,Home,8.1,COD,2,0,328,Metro,5,4.6,1
ORD109435,566.12,Apparel,26.7,COD,4,2,714,Metro,1,3.2,1
ORD109436,567.09,Footwear,6.5,COD,5,1,26,Tier2,6,4.1,0
ORD109437,908.19,Home,3.7,Prepaid,4,0,1032,Tier2,7,4.2,0
ORD109438,1602.01,Apparel,31.6,COD,2,1,8,Tier2,4,3.8,1
ORD109439,1497.34,Beauty,23.3,COD,1,0,271,Metro,7,3.9,1
ORD109440,1171.97,Apparel,17.5,Prepaid,4,1,63,Metro,9,2.6,1
ORD109441,408.59,Home,18.9,Prepaid,3,1,380,Tier3,4,3.5,1
ORD109442,953.11,Electronics,33.8,COD,4,0,21,Tier3,9,4.9,1
ORD109443,4494.03,Beauty,38.1,Prepaid,5,0,1550,Tier2,7,3.7,0
ORD109444,1627.22,Home,13.0,Prepaid,3,0,119,Tier2,8,5.0,0
ORD109445,532.78,Groceries,13.0,COD,1,1,188,Tier2,1,4.5,1
ORD109446,4584.17,Footwear,14.9,COD,6,0,196,Tier3,3,4.4,1
ORD109447,3256.45,Books,27.7,Prepaid,8,0,97,Tier2,2,3.7,0
ORD109448,1164.74,Books,8.7,Prepaid,2,1,1231,Tier2,9,4.8,0
ORD109449,901.87,Footwear,7.6,COD,4,0,414,Metro,5,2.7,0
ORD109450,3201.02,Footwear,13.4,Prepaid,3,0,106,Tier3,3,4.3,0
ORD109451,1032.7,Beauty,14.1,COD,2,0,79,Tier2,1,3.3,0
ORD109452,2942.14,Electronics,4.6,COD,3,0,11,Metro,4,3.8,1
ORD109453,929.15,Footwear,7.0,COD,3,0,305,Metro,8,3.6,1
ORD109454,2705.5,Groceries,18.9,COD,4,1,660,Tier2,3,4.2,1
ORD109455,257.39,Beauty,10.2,Prepaid,6,0,201,Metro,1,4.4,0
ORD109456,2914.83,Home,26.3,COD,1,1,151,Tier2,5,4.0,1
ORD109457,510.55,Footwear,16.0,COD,6,0,445,Metro,6,3.8,0
ORD109458,718.39,Footwear,6.0,Prepaid,4,0,320,Metro,1,3.3,0
ORD109459,231.94,Footwear,19.0,COD,0,0,251,Metro,6,3.9,1
ORD109460,2251.84,Electronics,25.4,Prepaid,3,1,188,Tier2,7,4.0,1
ORD109461,2296.14,Apparel,29.9,Prepaid,8,1,322,Metro,5,3.3,0
ORD109462,1616.85,Apparel,10.2,COD,4,0,1253,Tier2,7,4.7,1
ORD109463,807.81,Apparel,19.1,COD,4,0,195,Metro,3,3.6,0
ORD109464,189.96,Groceries,15.0,COD,4,1,860,Metro,3,3.2,0
ORD109465,638.48,Footwear,18.0,Prepaid,5,0,14,Tier3,5,2.9,1
ORD109466,3972.06,Books,18.5,COD,6,0,355,Metro,8,5.0,0
ORD109467,1233.19,Home,11.5,COD,3,1,60,Tier2,4,3.3,0
ORD109468,1995.1,Footwear,26.0,COD,3,0,69,Metro,4,3.5,0
ORD109469,4239.17,Footwear,42.6,Prepaid,3,0,324,Metro,5,3.7,0
ORD109470,279.72,Home,21.7,Prepaid,6,1,111,Tier2,2,3.8,0
ORD109471,2439.49,Books,21.1,COD,1,0,137,Tier3,8,4.6,1
ORD109472,2964.87,Footwear,25.3,Prepaid,0,0,347,Tier3,1,4.9,0
ORD109473,730.93,Electronics,13.6,COD,2,0,101,Metro,5,3.5,0
ORD109474,834.12,Beauty,4.4,Prepaid,1,0,133,Tier2,9,4.4,0
ORD109475,4870.82,Apparel,13.5,COD,1,0,144,Metro,1,5.0,0
ORD109476,1810.09,Footwear,19.8,COD,4,1,393,Metro,8,4.1,1
ORD109477,3117.75,Footwear,13.8,Prepaid,7,0,187,Metro,1,4.7,1
ORD109478,1027.18,Home,17.2,Prepaid,6,0,152,Tier2,2,4.2,0
ORD109479,485.97,Electronics,25.2,COD,4,0,714,Tier2,7,4.6,0
ORD109480,555.8,Home,21.5,Prepaid,5,3,186,Tier2,5,4.4,0
ORD109481,1152.22,Beauty,10.5,COD,6,0,19,Metro,9,4.9,0
ORD109482,1509.09,Footwear,12.6,COD,4,1,70,Tier3,8,4.3,0
ORD109483,1009.43,Home,24.0,Prepaid,5,2,170,Metro,4,3.5,0
ORD109484,798.08,Electronics,8.0,COD,2,0,277,Tier2,2,3.6,0
ORD109485,638.61,Beauty,19.5,Prepaid,6,0,48,Metro,7,4.4,0
ORD109486,1871.17,Footwear,31.2,COD,6,0,93,Tier2,8,3.5,0
ORD109487,267.99,Home,12.9,Prepaid,3,1,1139,Tier2,1,4.5,1
ORD109488,969.53,Home,27.7,Prepaid,3,0,146,Metro,2,2.6,0
ORD109489,3484.56,Home,25.0,Prepaid,1,1,280,Tier3,6,3.2,0
ORD109490,1093.2,Groceries,27.0,COD,5,0,134,Tier3,7,3.6,1
ORD109491,1978.2,Books,17.7,Prepaid,4,0,45,Tier2,7,5.0,0
ORD109492,1600.52,Groceries,20.6,COD,4,0,1401,Tier3,3,4.7,0
ORD109493,1194.82,Groceries,35.3,COD,4,0,73,Metro,4,3.2,0
ORD109494,366.58,Electronics,23.5,COD,5,0,102,Tier2,7,3.4,1
ORD109495,1545.87,Electronics,25.9,COD,3,0,201,Tier3,7,4.2,1
ORD109496,1759.01,Beauty,11.8,Prepaid,1,0,205,Metro,4,3.7,0
ORD109497,3432.53,Electronics,28.2,COD,1,1,150,Metro,9,4.4,1
ORD109498,1206.24,Electronics,16.1,COD,6,0,532,Metro,1,3.3,0
ORD109499,1010.84,Books,12.3,COD,3,0,159,Metro,1,4.2,1
ORD109500,1377.85,Groceries,17.6,COD,2,0,65,Tier3,2,4.2,1
ORD109501,3419.57,Apparel,11.2,COD,10,2,659,Tier2,8,3.3,1
ORD109502,2569.21,Beauty,22.0,Prepaid,3,1,652,Metro,8,2.7,0
ORD109503,1720.31,Footwear,28.3,Prepaid,3,2,472,Tier3,2,4.1,0
ORD109504,1775.47,Books,7.6,COD,2,0,166,Tier2,6,4.5,0
ORD109505,1480.6,Books,6.0,COD,9,0,295,Metro,1,4.3,1
ORD109506,439.91,Home,26.1,COD,3,0,997,Metro,3,2.7,1
ORD109507,368.9,Beauty,32.9,Prepaid,6,0,436,Tier3,7,4.4,0
ORD109508,131.1,Home,30.6,Prepaid,6,0,55,Metro,8,4.9,0
ORD109509,2177.88,Electronics,20.6,COD,7,1,109,Metro,5,3.6,0
ORD109510,494.26,Beauty,10.7,Prepaid,2,1,37,Metro,9,3.8,0
ORD109511,609.34,Footwear,4.3,Prepaid,7,0,654,Metro,1,3.6,0
ORD109512,1131.14,Footwear,33.8,COD,6,0,224,Metro,8,2.9,1
ORD109513,577.96,Home,25.5,COD,4,0,23,Tier2,9,4.4,0
ORD109514,356.64,Footwear,35.5,Prepaid,3,3,207,Metro,9,4.5,1
ORD109515,1612.77,Electronics,34.4,Prepaid,3,1,722,Metro,4,4.2,0
ORD109516,1300.61,Electronics,12.4,COD,2,0,437,Metro,8,3.7,0
ORD109517,1986.58,Beauty,2.9,COD,5,0,691,Metro,9,4.2,0
ORD109518,1100.15,Footwear,25.7,COD,4,0,289,Tier3,7,4.4,1
ORD109519,1154.28,Apparel,12.2,Prepaid,4,0,9,Tier3,8,4.4,0
ORD109520,1505.91,Home,21.9,COD,6,0,214,Tier2,4,3.5,0
ORD109521,538.68,Footwear,26.8,Prepaid,3,0,107,Metro,6,4.1,0
ORD109522,2242.56,Books,20.8,COD,2,1,475,Metro,5,4.1,1
ORD109523,1051.99,Books,27.9,COD,5,1,347,Tier2,7,4.6,0
ORD109524,1136.59,Groceries,25.4,COD,1,1,1144,Tier3,8,4.1,1
ORD109525,689.44,Footwear,11.9,Prepaid,5,0,287,Metro,3,4.3,0
ORD109526,1579.84,Footwear,9.8,Prepaid,5,0,33,Tier3,1,3.3,1
ORD109527,2859.6,Apparel,18.7,COD,2,0,270,Tier3,9,4.1,1
ORD109528,1783.14,Apparel,11.2,Prepaid,2,0,31,Metro,5,3.6,0
ORD109529,1112.71,Books,25.7,Prepaid,3,0,233,Metro,6,4.8,0
ORD109530,5390.21,Apparel,7.8,Prepaid,3,0,163,Tier2,7,3.9,0
ORD109531,2003.47,Groceries,5.6,Prepaid,4,0,102,Metro,3,4.5,0
ORD109532,1146.19,Groceries,20.4,COD,7,0,277,Tier2,5,4.2,0
ORD109533,2118.21,Books,16.4,COD,3,0,867,Metro,4,4.4,1
ORD109534,760.25,Groceries,11.0,Prepaid,5,0,52,Tier2,9,4.2,0
ORD109535,2272.89,Groceries,13.3,Prepaid,3,1,303,Tier2,5,4.0,0
ORD109536,1534.6,Groceries,8.7,Prepaid,7,0,29,Metro,4,4.3,0
ORD109537,1320.07,Electronics,7.6,COD,4,1,376,Tier2,4,2.9,1
ORD109538,1908.37,Home,20.3,Prepaid,2,0,39,Tier2,5,4.5,0
ORD109539,649.41,Home,9.9,Prepaid,4,0,32,Tier2,8,3.9,0
ORD109540,668.68,Books,18.0,COD,4,0,21,Metro,6,4.2,0
ORD109541,1400.24,Groceries,18.9,Prepaid,3,2,258,Tier2,1,3.5,1
ORD109542,630.35,Books,48.8,COD,10,1,904,Tier2,8,4.6,0
ORD109543,1986.33,Apparel,10.7,COD,7,0,187,Tier2,7,4.8,0
ORD109544,2330.58,Beauty,13.1,COD,7,0,348,Tier2,4,5.0,0
ORD109545,1153.14,Books,26.3,Prepaid,1,1,550,Metro,4,4.7,1
ORD109546,2796.22,Home,25.5,Prepaid,2,0,479,Metro,4,4.0,1
ORD109547,2445.85,Footwear,19.2,COD,5,0,240,Metro,6,4.1,0
ORD109548,1544.07,Groceries,17.4,COD,5,0,167,Tier2,9,5.0,0
ORD109549,4866.57,Footwear,10.9,COD,4,0,49,Tier2,9,3.6,1
ORD109550,1134.92,Groceries,31.2,Prepaid,1,1,1093,Metro,6,5.0,0
ORD109551,3831.89,Beauty,37.3,COD,5,2,11,Tier3,1,4.6,0
ORD109552,145.64,Groceries,26.1,COD,3,1,581,Metro,9,3.1,0
ORD109553,1931.62,Books,8.2,Prepaid,5,0,28,Metro,6,5.0,0
ORD109554,1291.04,Electronics,2.3,Prepaid,3,0,305,Metro,3,3.3,0
ORD109555,1691.99,Footwear,49.6,Prepaid,9,0,413,Metro,3,4.1,1
ORD109556,1604.73,Electronics,10.8,Prepaid,1,1,496,Tier2,5,3.4,1
ORD109557,1152.22,Books,2.4,COD,6,2,62,Tier3,3,5.0,0
ORD109558,531.47,Books,12.2,Prepaid,2,1,168,Metro,7,2.7,1
ORD109559,832.37,Books,33.9,Prepaid,5,0,67,Tier2,7,3.4,0
ORD109560,1567.0,Books,4.6,COD,1,1,187,Tier2,7,3.9,0
ORD109561,593.56,Home,11.2,Prepaid,5,0,137,Tier3,5,3.6,0
ORD109562,673.57,Electronics,22.3,Prepaid,6,0,179,Tier2,3,4.5,0
ORD109563,1604.51,Electronics,6.0,COD,4,0,524,Metro,5,4.2,0
ORD109564,2796.24,Groceries,10.1,Prepaid,7,1,744,Tier3,9,4.5,0
ORD109565,1722.49,Apparel,23.3,COD,3,0,521,Metro,2,3.9,0
ORD109566,3079.6,Electronics,40.9,COD,4,0,365,Tier3,5,4.7,0
ORD109567,541.94,Footwear,11.7,COD,2,2,437,Metro,7,3.6,1
ORD109568,4358.8,Home,19.2,COD,4,1,137,Metro,2,4.0,1
ORD109569,811.73,Home,8.1,Prepaid,6,0,2,Tier2,8,4.7,1
ORD109570,866.02,Footwear,8.9,Prepaid,3,1,156,Tier3,4,4.6,1
ORD109571,277.21,Books,14.1,COD,5,0,145,Metro,6,3.6,0
ORD109572,3263.52,Beauty,11.5,Prepaid,2,0,300,Metro,3,4.9,0
ORD109573,1718.6,Books,7.1,Prepaid,5,0,74,Metro,7,3.2,0
ORD109574,3244.38,Footwear,33.3,COD,2,0,4,Metro,4,4.2,0
ORD109575,608.87,Books,14.8,Prepaid,4,3,14,Metro,3,4.8,1
ORD109576,3011.84,Books,10.2,COD,0,0,162,Metro,8,4.9,0
ORD109577,1868.84,Groceries,22.8,COD,3,0,399,Metro,2,3.3,0
ORD109578,1012.12,Electronics,12.3,COD,4,0,37,Metro,3,3.9,0
ORD109579,490.11,Footwear,44.9,COD,4,0,196,Metro,5,3.4,0
ORD109580,2826.58,Apparel,16.2,Prepaid,4,0,326,Tier2,5,3.7,0
ORD109581,845.14,Home,33.2,COD,3,1,87,Metro,6,4.4,0
ORD109582,603.08,Electronics,12.5,COD,5,3,329,Metro,3,3.5,1
ORD109583,4598.08,Home,24.6,COD,5,0,398,Tier3,7,3.2,1
ORD109584,1235.36,Footwear,18.1,Prepaid,2,0,312,Metro,8,3.7,1
ORD109585,962.65,Beauty,44.8,Prepaid,1,1,844,Metro,1,4.0,0
ORD109586,92.54,Books,8.3,Prepaid,5,0,64,Tier3,8,4.1,0
ORD109587,1409.41,Home,6.4,Prepaid,8,0,533,Tier3,2,3.9,0
ORD109588,2030.31,Electronics,24.5,Prepaid,4,1,326,Metro,7,4.3,1
ORD109589,1457.31,Books,18.7,COD,3,2,775,Tier3,6,3.3,1
ORD109590,1639.37,Electronics,13.7,Prepaid,3,0,175,Tier2,7,4.3,0
ORD109591,2438.34,Home,18.8,COD,2,0,68,Tier2,5,4.1,1
ORD109592,3277.65,Books,6.7,COD,3,0,161,Metro,5,3.4,0
ORD109593,570.83,Home,16.4,COD,5,1,600,Tier3,2,3.7,0
ORD109594,3094.09,Groceries,10.8,COD,6,0,141,Tier3,9,3.3,0
ORD109595,1944.93,Books,8.9,Prepaid,3,0,220,Tier2,2,3.4,0
ORD109596,1948.52,Books,27.3,COD,4,0,153,Metro,9,4.3,1
ORD109597,504.1,Electronics,20.6,Prepaid,7,1,596,Tier3,9,3.4,0
ORD109598,2182.88,Home,34.5,Prepaid,2,1,658,Tier2,7,3.0,0
ORD109599,2730.51,Books,18.6,Prepaid,5,1,163,Metro,3,3.4,0
ORD109600,2694.65,Groceries,25.4,COD,6,0,48,Metro,1,3.8,0
ORD109601,1283.5,Beauty,25.0,Prepaid,1,0,19,Tier2,2,4.9,0
ORD109602,1624.02,Books,6.8,Prepaid,5,1,33,Tier3,2,4.5,0
ORD109603,1237.8,Beauty,5.4,Prepaid,7,0,50,Tier3,4,4.1,0
ORD109604,3578.38,Footwear,11.4,COD,2,0,1402,Metro,7,4.2,0
ORD109605,817.34,Electronics,14.8,Prepaid,10,0,585,Metro,3,3.6,0
ORD109606,2811.93,Books,15.0,Prepaid,4,0,37,Metro,9,3.9,0
ORD109607,877.69,Books,21.4,Prepaid,3,0,166,Tier2,7,4.9,0
ORD109608,635.48,Beauty,12.3,COD,3,0,132,Tier2,7,4.3,1
ORD109609,618.25,Footwear,23.6,COD,0,0,217,Metro,5,4.0,0
ORD109610,214.55,Electronics,19.6,Prepaid,1,1,132,Metro,7,4.7,0
ORD109611,2422.05,Books,7.0,Prepaid,2,0,657,Metro,3,4.7,0
ORD109612,1630.72,Groceries,17.6,Prepaid,5,1,786,Tier2,2,3.9,0
ORD109613,1005.54,Groceries,40.1,Prepaid,7,0,70,Tier3,3,4.2,0
ORD109614,442.96,Groceries,19.3,COD,2,1,250,Tier2,4,4.5,0
ORD109615,2826.71,Apparel,42.3,Prepaid,4,0,114,Metro,4,4.6,1
ORD109616,1385.05,Books,36.3,Prepaid,2,2,20,Tier3,9,3.0,1
ORD109617,961.23,Electronics,20.5,Prepaid,6,1,595,Tier3,6,4.2,0
ORD109618,2411.27,Beauty,49.0,Prepaid,5,0,8,Metro,4,3.5,0
ORD109619,1043.98,Electronics,18.0,COD,3,0,94,Tier3,6,2.9,1
ORD109620,3174.79,Footwear,38.8,Prepaid,6,0,84,Tier2,9,3.6,0
ORD109621,950.45,Apparel,25.0,COD,3,0,21,Metro,7,3.8,0
ORD109622,1692.27,Books,20.8,Prepaid,3,1,653,Tier3,8,5.0,0
ORD109623,1584.31,Footwear,7.1,COD,1,0,135,Metro,1,3.6,0
ORD109624,1464.7,Home,17.6,COD,0,0,693,Metro,8,4.4,0
ORD109625,2615.56,Electronics,15.6,COD,2,2,57,Tier2,7,3.9,0
ORD109626,315.58,Beauty,22.0,Prepaid,9,0,201,Tier2,1,4.4,0
ORD109627,305.34,Footwear,12.1,Prepaid,2,0,99,Metro,5,2.8,1
ORD109628,1326.57,Beauty,19.2,Prepaid,5,1,23,Metro,2,3.7,0
ORD109629,490.69,Beauty,16.7,COD,6,0,70,Tier3,7,4.4,0
ORD109630,1070.02,Apparel,17.5,COD,3,1,146,Metro,3,3.7,1
ORD109631,954.1,Home,6.9,Prepaid,2,0,102,Tier2,9,3.7,1
ORD109632,1278.36,Apparel,3.4,Prepaid,2,2,479,Metro,9,3.9,1
ORD109633,1131.15,Electronics,22.8,COD,4,0,1047,Metro,3,5.0,1
ORD109634,1533.56,Books,8.3,COD,3,1,76,Tier3,3,3.8,0
ORD109635,7.35,Groceries,7.5,Prepaid,2,0,777,Tier2,1,4.7,0
ORD109636,1413.76,Books,21.7,Prepaid,3,1,296,Metro,5,3.2,1
ORD109637,1872.06,Books,45.6,Prepaid,6,0,68,Metro,4,3.0,0
ORD109638,569.78,Beauty,35.0,COD,0,0,648,Tier2,6,3.7,0
ORD109639,1095.98,Books,18.9,COD,2,0,158,Metro,1,4.0,0
ORD109640,275.56,Groceries,10.5,COD,3,0,332,Tier3,7,3.9,0
ORD109641,1874.09,Books,13.4,COD,2,0,126,Tier2,8,3.9,0
ORD109642,1335.87,Apparel,25.6,Prepaid,4,0,180,Metro,7,3.6,1
ORD109643,648.2,Electronics,11.8,COD,5,0,1011,Metro,8,4.9,1
ORD109644,1366.92,Electronics,18.3,COD,3,1,209,Tier2,4,5.0,1
ORD109645,1015.28,Books,38.4,Prepaid,4,1,149,Metro,3,3.6,0
ORD109646,1673.62,Electronics,41.7,Prepaid,5,1,877,Metro,9,3.0,0
ORD109647,1900.63,Groceries,15.5,Prepaid,4,0,230,Tier3,5,3.9,0
ORD109648,199.99,Apparel,24.2,COD,2,0,244,Metro,8,5.0,1
ORD109649,1002.6,Groceries,5.9,Prepaid,2,0,33,Metro,4,4.0,0
ORD109650,2556.14,Books,5.2,COD,5,0,193,Tier2,4,4.6,0
ORD109651,2578.33,Groceries,31.3,Prepaid,11,0,309,Metro,4,4.1,0
ORD109652,494.34,Apparel,9.3,COD,6,0,653,Metro,5,4.4,1
ORD109653,255.73,Books,14.1,Prepaid,3,1,789,Tier3,8,4.2,1
ORD109654,53.83,Footwear,16.0,COD,2,0,696,Tier2,1,3.9,0
ORD109655,573.81,Apparel,4.8,COD,2,0,92,Tier2,5,4.6,0
ORD109656,690.19,Apparel,20.8,Prepaid,5,0,800,Tier2,5,4.3,0
ORD109657,1611.37,Groceries,30.7,Prepaid,2,0,27,Metro,2,4.4,0
ORD109658,1097.85,Footwear,11.9,Prepaid,5,0,837,Metro,4,3.7,1
ORD109659,660.31,Footwear,15.3,COD,6,0,54,Tier3,8,3.0,1
ORD109660,564.63,Apparel,21.5,Prepaid,3,0,94,Metro,3,3.8,1
ORD109661,607.99,Home,19.0,Prepaid,3,1,113,Tier3,8,5.0,1
ORD109662,305.15,Books,16.4,COD,3,1,330,Metro,7,4.5,1
ORD109663,590.81,Beauty,5.4,COD,4,0,335,Metro,6,3.3,0
ORD109664,233.0,Electronics,24.2,COD,3,1,65,Tier2,7,5.0,0
ORD109665,1810.24,Beauty,11.9,Prepaid,8,0,325,Tier2,6,3.8,0
ORD109666,1245.59,Books,46.7,COD,3,1,63,Metro,3,4.1,0
ORD109667,2208.51,Apparel,16.7,COD,4,0,907,Tier2,2,3.9,0
ORD109668,3999.19,Electronics,13.9,Prepaid,8,0,262,Tier3,3,3.9,1
ORD109669,525.29,Electronics,30.6,Prepaid,3,0,807,Metro,7,4.3,0
ORD109670,630.69,Footwear,30.6,Prepaid,5,0,61,Metro,7,3.6,0
ORD109671,1641.28,Footwear,13.7,COD,3,1,561,Tier3,9,4.1,1
ORD109672,1641.62,Home,8.4,Prepaid,5,1,365,Tier2,7,5.0,0
ORD109673,463.91,Electronics,19.3,Prepaid,4,0,191,Tier2,1,4.8,0
ORD109674,810.18,Beauty,20.3,COD,1,0,207,Metro,2,4.0,0
ORD109675,805.22,Home,21.3,COD,4,0,83,Metro,4,4.5,0
ORD109676,816.36,Electronics,11.7,COD,3,2,896,Metro,2,3.9,1
ORD109677,7885.13,Electronics,44.1,COD,6,0,166,Tier3,5,3.6,1
ORD109678,975.93,Electronics,20.6,COD,5,0,52,Tier2,1,4.0,0
ORD109679,2481.19,Beauty,21.0,COD,4,0,126,Tier2,4,5.0,0
ORD109680,1530.57,Apparel,10.4,COD,4,1,80,Tier2,1,4.2,0
ORD109681,1831.14,Home,31.8,Prepaid,2,0,794,Tier2,3,3.3,0
ORD109682,397.43,Electronics,30.2,Prepaid,4,1,272,Metro,9,4.4,0
ORD109683,1248.35,Books,15.6,COD,5,1,210,Tier2,3,3.9,0
ORD109684,1967.05,Beauty,34.4,COD,3,0,225,Tier2,1,3.7,1
ORD109685,709.37,Electronics,6.6,Prepaid,1,1,296,Tier2,1,5.0,1
ORD109686,352.37,Electronics,21.5,COD,8,0,384,Metro,1,4.2,0
ORD109687,3280.84,Home,30.3,COD,3,1,139,Tier3,2,4.4,1
ORD109688,456.0,Books,6.6,Prepaid,2,0,242,Metro,5,4.5,0
ORD109689,3180.15,Footwear,20.7,COD,3,1,166,Tier2,2,5.0,0
ORD109690,503.53,Beauty,28.1,COD,3,1,57,Metro,1,4.2,0
ORD109691,2964.17,Apparel,12.8,Prepaid,7,0,69,Metro,8,4.5,0
ORD109692,1347.96,Groceries,21.6,Prepaid,6,1,23,Metro,8,2.6,1
ORD109693,719.98,Home,19.3,Prepaid,5,1,197,Metro,6,4.7,1
ORD109694,267.2,Beauty,32.3,COD,1,0,52,Metro,7,4.4,1
ORD109695,1683.64,Books,21.4,COD,3,1,25,Metro,3,5.0,0
ORD109696,2599.03,Home,32.5,Prepaid,6,2,30,Metro,7,4.1,0
ORD109697,343.06,Footwear,25.5,COD,2,0,623,Tier2,4,4.2,0
ORD109698,2029.98,Apparel,28.1,Prepaid,6,1,239,Metro,2,3.9,1
ORD109699,1645.89,Home,2.4,Prepaid,2,0,9,Tier2,6,3.4,0
ORD109700,3254.75,Groceries,22.3,COD,3,0,928,Tier3,5,4.4,0
ORD109701,2880.91,Footwear,13.5,COD,2,0,1552,Tier2,2,3.7,1
ORD109702,2756.34,Home,9.3,Prepaid,6,0,681,Metro,4,3.7,0
ORD109703,908.13,Footwear,6.9,Prepaid,3,0,666,Tier3,3,3.2,0
ORD109704,677.87,Groceries,28.1,Prepaid,8,0,423,Metro,7,2.7,0
ORD109705,932.15,Apparel,17.9,Prepaid,8,0,294,Metro,9,4.2,0
ORD109706,1225.1,Apparel,5.8,COD,5,1,56,Tier3,7,5.0,0
ORD109707,1358.0,Books,37.3,Prepaid,4,0,74,Tier2,3,4.6,0
ORD109708,1409.95,Books,34.9,COD,3,1,777,Tier2,3,3.9,1
ORD109709,2435.19,Books,3.7,COD,3,1,13,Metro,3,4.0,1
ORD109710,3264.75,Groceries,9.3,Prepaid,5,0,107,Metro,8,4.4,0
ORD109711,1725.36,Footwear,13.1,COD,3,1,282,Metro,7,3.8,0
ORD109712,1203.27,Books,20.9,Prepaid,7,2,533,Metro,1,3.4,0
ORD109713,1067.97,Books,11.3,COD,5,0,1297,Tier3,7,4.7,0
ORD109714,1501.12,Home,27.6,Prepaid,2,0,509,Metro,7,4.0,0
ORD109715,1362.86,Electronics,4.0,Prepaid,1,0,179,Metro,3,4.1,0
ORD109716,638.08,Electronics,9.0,Prepaid,4,0,32,Tier3,7,4.6,0
ORD109717,328.91,Beauty,13.8,Prepaid,4,0,462,Metro,2,3.4,1
ORD109718,688.85,Books,26.2,Prepaid,2,1,840,Metro,7,3.6,0
ORD109719,3524.52,Beauty,6.6,COD,4,1,563,Metro,9,3.1,1
ORD109720,1861.75,Beauty,47.7,Prepaid,4,1,307,Metro,7,4.3,0
ORD109721,2015.37,Footwear,13.6,Prepaid,6,1,41,Tier3,1,2.8,0
ORD109722,1416.3,Electronics,10.1,COD,7,1,327,Metro,6,4.6,0
ORD109723,1437.25,Beauty,10.3,COD,4,2,272,Tier2,3,4.3,1
ORD109724,1239.78,Footwear,11.1,Prepaid,6,1,410,Tier3,8,3.8,0
ORD109725,1144.81,Home,23.4,COD,5,1,723,Metro,5,3.8,1
ORD109726,1421.0,Electronics,29.2,Prepaid,5,1,444,Metro,5,4.1,0
ORD109727,2633.44,Home,29.9,Prepaid,4,2,172,Tier3,8,3.2,0
ORD109728,1295.58,Books,13.7,COD,2,0,725,Metro,9,4.9,0
ORD109729,921.79,Electronics,21.7,Prepaid,3,2,348,Metro,1,2.8,1
ORD109730,473.58,Beauty,7.7,COD,5,3,117,Tier3,8,4.3,0
ORD109731,1359.22,Groceries,32.0,Prepaid,1,0,1301,Metro,5,2.5,0
ORD109732,446.18,Groceries,16.4,COD,7,1,122,Metro,4,4.1,0
ORD109733,3563.06,Apparel,16.4,Prepaid,2,2,785,Tier2,5,4.9,1
ORD109734,388.94,Groceries,21.0,Prepaid,4,0,36,Metro,5,3.0,0
ORD109735,3202.95,Electronics,11.6,Prepaid,5,0,100,Tier3,8,5.0,0
ORD109736,1473.86,Footwear,12.0,Prepaid,3,2,98,Metro,6,4.6,0
ORD109737,1465.39,Books,28.9,COD,2,0,166,Metro,3,4.0,0
ORD109738,442.13,Beauty,17.3,Prepaid,3,1,1025,Tier3,2,4.7,0
ORD109739,753.43,Beauty,17.8,COD,3,3,97,Tier3,1,4.3,1
ORD109740,738.86,Electronics,24.8,COD,8,0,40,Tier2,8,3.5,0
ORD109741,2158.29,Groceries,30.3,Prepaid,5,0,259,Metro,3,3.0,0
ORD109742,1320.69,Footwear,20.5,COD,3,2,23,Metro,6,5.0,1
ORD109743,853.44,Beauty,18.9,Prepaid,4,1,164,Tier2,1,3.8,0
ORD109744,1975.4,Apparel,7.3,COD,4,1,405,Tier2,2,4.7,0
ORD109745,3305.99,Home,26.3,COD,5,0,402,Metro,5,3.7,0
ORD109746,3062.3,Footwear,11.9,COD,4,1,397,Metro,2,4.1,1
ORD109747,1104.41,Groceries,2.5,Prepaid,7,1,61,Tier2,3,3.2,0
ORD109748,1585.48,Home,30.0,COD,7,2,78,Metro,2,4.4,0
ORD109749,401.62,Apparel,20.8,Prepaid,4,0,66,Tier3,9,4.5,1
ORD109750,353.2,Footwear,14.0,Prepaid,3,1,1031,Metro,8,3.3,0
ORD109751,1577.59,Electronics,26.4,Prepaid,3,1,266,Tier3,8,3.9,0
ORD109752,327.76,Electronics,47.8,COD,2,1,787,Tier2,2,4.2,0
ORD109753,1309.13,Home,3.7,Prepaid,4,0,70,Tier2,1,4.6,0
ORD109754,560.29,Home,11.1,COD,2,1,139,Tier2,5,5.0,0
ORD109755,592.09,Home,15.9,COD,4,0,349,Metro,7,3.9,1
ORD109756,2493.08,Books,17.1,COD,6,0,198,Metro,7,3.4,1
ORD109757,2541.09,Books,3.9,Prepaid,4,1,951,Tier2,1,3.4,0
ORD109758,1491.86,Apparel,23.6,Prepaid,0,0,145,Tier2,2,3.8,1
ORD109759,2222.44,Footwear,18.8,Prepaid,5,0,381,Tier2,9,3.7,0
ORD109760,725.82,Electronics,10.0,Prepaid,1,1,176,Metro,7,4.3,0
ORD109761,1827.73,Apparel,8.4,Prepaid,4,4,106,Tier2,5,3.7,1
ORD109762,718.14,Home,13.8,COD,3,0,174,Tier2,2,3.9,0
ORD109763,764.97,Books,28.4,COD,4,1,107,Tier3,6,4.3,0
ORD109764,922.12,Home,14.6,Prepaid,4,0,154,Tier2,1,3.9,0
ORD109765,1027.18,Groceries,31.0,Prepaid,4,1,775,Tier3,2,4.0,0
ORD109766,248.02,Apparel,10.1,Prepaid,4,1,8,Metro,9,3.9,1
ORD109767,1930.6,Home,6.2,Prepaid,2,1,513,Tier2,9,3.2,0
ORD109768,2581.23,Beauty,8.1,COD,9,0,480,Tier3,8,5.0,0
ORD109769,333.27,Home,21.7,Prepaid,7,1,46,Metro,4,3.9,0
ORD109770,1107.25,Home,51.7,Prepaid,4,0,300,Tier2,2,3.5,0
ORD109771,699.91,Home,14.8,Prepaid,6,1,32,Tier3,8,4.9,0
ORD109772,1624.41,Groceries,29.8,Prepaid,3,0,458,Tier3,6,4.2,0
ORD109773,1320.26,Home,11.3,Prepaid,11,0,143,Metro,1,4.9,0
ORD109774,4097.73,Footwear,50.2,COD,5,0,588,Metro,2,3.7,0
ORD109775,1626.92,Books,33.2,COD,4,1,1150,Tier3,7,3.2,0
ORD109776,974.87,Footwear,7.1,Prepaid,3,1,172,Tier3,8,3.1,1
ORD109777,3922.9,Electronics,20.3,COD,2,1,523,Metro,5,2.9,0
ORD109778,2357.56,Beauty,38.5,COD,3,1,3,Tier3,8,4.4,0
ORD109779,1772.98,Books,16.6,COD,2,0,150,Tier2,4,4.3,0
ORD109780,2451.11,Apparel,7.7,Prepaid,4,0,903,Tier2,5,5.0,1
ORD109781,1272.95,Electronics,2.2,COD,4,0,5,Metro,6,3.4,1
ORD109782,4542.77,Electronics,20.0,Prepaid,3,1,82,Metro,6,4.4,1
ORD109783,1810.72,Footwear,20.2,Prepaid,4,1,24,Metro,7,3.8,1
ORD109784,843.5,Apparel,16.6,COD,3,0,758,Tier3,3,3.5,1
ORD109785,1827.77,Electronics,11.2,COD,2,1,175,Metro,8,4.1,0
ORD109786,392.46,Books,1.7,Prepaid,4,0,354,Tier3,9,4.3,0
ORD109787,3973.36,Books,36.5,COD,3,0,103,Tier3,2,4.1,0
ORD109788,1031.21,Electronics,7.2,COD,2,0,47,Tier2,6,4.3,0
ORD109789,983.69,Home,22.0,COD,6,0,1001,Tier2,3,4.0,1
ORD109790,3157.04,Apparel,10.5,COD,4,0,70,Tier3,7,3.0,0
ORD109791,2249.11,Electronics,10.7,Prepaid,2,1,85,Tier2,3,3.4,0
ORD109792,520.75,Home,15.9,COD,7,1,538,Tier2,2,5.0,0
ORD109793,343.31,Electronics,23.6,COD,1,0,45,Tier2,5,3.7,1
ORD109794,1201.42,Books,22.9,COD,6,3,356,Metro,4,5.0,0
ORD109795,772.46,Books,9.7,Prepaid,5,0,9,Metro,1,4.8,0
ORD109796,1681.27,Electronics,7.2,Prepaid,6,1,945,Metro,9,4.8,0
ORD109797,754.81,Apparel,10.8,COD,3,1,20,Metro,3,3.0,1
ORD109798,238.86,Home,18.7,COD,3,0,303,Tier2,7,3.8,0
ORD109799,3421.88,Groceries,22.6,Prepaid,4,0,249,Metro,4,4.0,0
ORD109800,2040.18,Electronics,8.0,Prepaid,4,0,15,Tier2,8,3.8,0
ORD109801,3666.15,Footwear,19.9,Prepaid,7,0,135,Tier3,7,4.0,0
ORD109802,1674.48,Groceries,28.9,Prepaid,6,1,26,Metro,7,3.5,0
ORD109803,1787.26,Home,15.6,Prepaid,1,0,28,Tier2,6,3.7,0
ORD109804,2649.55,Electronics,27.8,COD,4,0,735,Tier2,1,4.0,0
ORD109805,1149.17,Footwear,20.8,Prepaid,3,1,66,Metro,3,4.1,0
ORD109806,643.77,Books,22.5,COD,3,1,180,Metro,2,3.3,0
ORD109807,1935.09,Footwear,28.5,Prepaid,4,1,1509,Metro,8,4.8,1
ORD109808,4680.79,Electronics,28.9,COD,7,1,139,Tier2,4,3.2,1
ORD109809,2271.27,Books,50.1,COD,1,0,18,Metro,3,4.3,0
ORD109810,1610.73,Books,39.6,COD,5,0,137,Tier3,4,4.0,1
ORD109811,973.83,Books,30.2,COD,1,1,112,Tier2,6,3.1,1
ORD109812,532.91,Books,15.3,COD,5,0,628,Metro,6,4.1,0
ORD109813,273.11,Home,26.4,Prepaid,0,0,822,Tier2,1,3.8,1
ORD109814,365.82,Apparel,14.9,Prepaid,2,0,30,Metro,6,3.4,0
ORD109815,2587.96,Home,17.0,COD,6,0,56,Metro,8,3.7,1
ORD109816,1371.47,Apparel,14.5,Prepaid,2,0,63,Tier3,6,4.3,1
ORD109817,597.58,Books,12.0,COD,4,0,172,Metro,2,3.9,0
ORD109818,3322.54,Footwear,9.4,COD,1,0,740,Tier3,1,3.6,1
ORD109819,913.18,Groceries,41.0,COD,3,2,3,Tier2,8,3.5,0
ORD109820,1153.69,Footwear,31.0,Prepaid,8,1,175,Tier3,7,3.9,0
ORD109821,96.14,Apparel,17.7,Prepaid,3,0,80,Metro,1,3.4,0
ORD109822,388.02,Home,16.3,COD,4,0,1100,Tier3,5,4.0,0
ORD109823,1211.44,Footwear,17.3,Prepaid,2,0,164,Tier3,2,4.2,0
ORD109824,3641.24,Electronics,6.7,COD,3,1,259,Metro,6,4.8,1
ORD109825,628.53,Groceries,8.3,Prepaid,7,2,225,Tier2,8,4.0,0
ORD109826,653.43,Books,17.2,Prepaid,6,2,78,Metro,5,3.3,0
ORD109827,491.32,Home,7.1,COD,2,0,294,Tier2,8,4.7,0
ORD109828,2319.77,Books,7.9,COD,5,3,295,Metro,9,3.9,0
ORD109829,234.03,Electronics,2.7,Prepaid,1,1,7,Metro,1,3.4,0
ORD109830,407.94,Groceries,22.1,Prepaid,5,1,173,Metro,5,3.3,1
ORD109831,1140.33,Beauty,12.2,COD,5,2,414,Metro,3,4.5,0
ORD109832,1447.84,Apparel,20.8,Prepaid,0,0,160,Metro,3,3.5,0
ORD109833,2304.47,Groceries,10.1,COD,2,0,45,Metro,2,3.1,0
ORD109834,1275.86,Electronics,35.8,COD,5,0,324,Tier2,1,4.5,0
ORD109835,3051.94,Footwear,37.9,Prepaid,3,3,342,Metro,3,4.1,1
ORD109836,788.95,Home,11.8,COD,1,1,240,Tier3,9,3.8,1
ORD109837,1127.19,Books,3.6,Prepaid,2,0,221,Metro,4,4.3,0
ORD109838,1680.81,Electronics,38.7,Prepaid,2,0,1,Tier2,5,4.3,0
ORD109839,1296.98,Home,47.8,Prepaid,5,1,466,Tier2,9,3.6,1
ORD109840,339.77,Books,26.1,COD,6,3,66,Tier3,5,4.1,0
ORD109841,1989.76,Beauty,28.2,Prepaid,4,1,415,Metro,3,4.1,0
ORD109842,2089.32,Apparel,33.0,Prepaid,4,1,67,Metro,4,4.1,1
ORD109843,3604.27,Books,15.3,Prepaid,3,0,532,Metro,5,4.6,0
ORD109844,3320.41,Apparel,3.8,COD,3,0,748,Metro,7,3.2,1
ORD109845,477.84,Home,10.3,COD,1,0,126,Metro,7,4.4,0
ORD109846,1588.96,Electronics,20.8,COD,1,0,284,Metro,9,4.0,0
ORD109847,905.37,Books,14.3,Prepaid,5,0,1039,Tier2,8,3.1,0
ORD109848,924.5,Apparel,15.5,Prepaid,9,1,278,Tier3,8,3.0,0
ORD109849,1019.63,Electronics,23.4,Prepaid,3,0,22,Tier2,2,4.8,0
ORD109850,936.8,Beauty,3.8,Prepaid,1,0,136,Metro,4,4.2,1
ORD109851,2330.0,Footwear,6.4,Prepaid,4,1,36,Tier2,8,3.4,1
ORD109852,2060.62,Groceries,29.2,COD,5,2,46,Tier3,5,4.6,0
ORD109853,174.9,Electronics,3.8,Prepaid,4,1,143,Metro,9,3.1,0
ORD109854,2615.21,Apparel,42.2,COD,5,1,150,Tier2,5,4.3,1
ORD109855,4767.71,Beauty,31.8,Prepaid,5,0,493,Tier3,2,3.9,0
ORD109856,2115.68,Books,12.5,COD,5,0,122,Metro,3,4.5,0
ORD109857,2409.89,Groceries,18.6,COD,3,0,76,Metro,1,3.8,0
ORD109858,639.2,Groceries,11.5,Prepaid,1,0,380,Metro,3,4.0,0
ORD109859,1162.35,Home,6.8,COD,5,0,202,Metro,2,5.0,0
ORD109860,251.24,Electronics,9.7,COD,5,0,439,Metro,4,3.2,1
ORD109861,1866.52,Home,23.6,Prepaid,6,0,187,Metro,8,3.6,0
ORD109862,2512.32,Footwear,24.0,Prepaid,1,0,205,Tier2,9,4.2,0
ORD109863,857.13,Beauty,40.1,COD,7,1,236,Tier2,2,3.8,0
ORD109864,780.54,Footwear,15.0,Prepaid,9,1,75,Tier3,9,3.2,1
ORD109865,2037.71,Beauty,35.2,Prepaid,2,0,48,Metro,8,4.7,0
ORD109866,899.32,Footwear,18.6,COD,2,0,352,Metro,3,3.4,1
ORD109867,823.54,Beauty,38.2,COD,8,0,72,Tier2,2,3.5,0
ORD109868,2131.29,Home,26.0,Prepaid,3,0,53,Metro,6,4.2,0
ORD109869,760.1,Groceries,35.3,COD,10,0,163,Metro,3,3.5,0
ORD109870,640.98,Apparel,21.2,COD,5,1,553,Tier2,3,3.7,1
ORD109871,3772.85,Footwear,31.4,COD,4,0,165,Metro,5,3.4,0
ORD109872,1293.11,Groceries,19.8,Prepaid,3,0,153,Metro,8,3.6,0
ORD109873,3292.0,Footwear,29.5,COD,3,1,243,Tier2,3,4.5,0
ORD109874,268.76,Electronics,10.9,Prepaid,6,0,454,Tier3,4,3.4,0
ORD109875,3026.75,Home,28.9,Prepaid,4,0,14,Metro,2,4.1,0
ORD109876,2176.73,Apparel,33.7,Prepaid,5,0,123,Metro,6,4.8,1
ORD109877,931.43,Groceries,10.5,Prepaid,4,0,184,Metro,2,3.2,0
ORD109878,1090.91,Home,5.6,COD,3,0,1225,Metro,9,3.7,1
ORD109879,3617.03,Footwear,15.6,Prepaid,8,0,2,Metro,9,4.2,0
ORD109880,1659.08,Home,40.0,Prepaid,2,0,1159,Metro,5,4.8,0
ORD109881,2631.11,Groceries,11.2,COD,6,0,354,Metro,3,3.6,0
ORD109882,1613.65,Books,8.0,Prepaid,10,1,644,Tier2,2,3.7,0
ORD109883,789.68,Home,36.0,Prepaid,2,0,767,Tier3,7,4.6,0
ORD109884,3127.46,Books,20.4,Prepaid,2,0,877,Tier3,3,4.6,1
ORD109885,401.12,Groceries,25.6,COD,2,0,319,Metro,9,3.4,0
ORD109886,691.45,Groceries,24.4,Prepaid,7,0,123,Metro,9,4.2,0
ORD109887,187.96,Electronics,30.9,COD,3,0,1,Tier2,3,3.6,0
ORD109888,1473.41,Books,51.7,COD,7,0,101,Tier3,6,4.4,0
ORD109889,95.23,Books,19.1,Prepaid,3,1,223,Tier2,2,4.0,0
ORD109890,1299.78,Apparel,13.7,Prepaid,5,1,9,Metro,1,2.8,0
ORD109891,641.27,Footwear,25.3,COD,3,2,480,Tier2,1,3.2,1
ORD109892,726.61,Apparel,25.5,COD,1,1,84,Metro,3,3.7,1
ORD109893,270.69,Electronics,7.8,COD,2,0,234,Tier3,2,4.0,0
ORD109894,2922.62,Electronics,25.2,Prepaid,3,1,447,Metro,9,3.8,0
ORD109895,2728.53,Apparel,2.1,Prepaid,5,1,2713,Metro,9,3.6,0
ORD109896,1533.8,Footwear,15.4,Prepaid,2,0,416,Tier2,7,4.5,0
ORD109897,2863.33,Beauty,16.4,Prepaid,2,0,291,Metro,5,4.2,0
ORD109898,2155.2,Footwear,15.2,COD,6,0,729,Metro,7,4.1,0
ORD109899,1868.3,Home,26.5,Prepaid,4,2,905,Metro,8,4.1,1
ORD109900,744.27,Home,23.4,Prepaid,3,0,561,Tier3,1,4.4,0
ORD109901,1584.29,Apparel,31.2,Prepaid,2,0,191,Tier3,5,5.0,1
ORD109902,1287.36,Home,9.4,COD,2,0,182,Tier2,2,4.1,0
ORD109903,783.32,Beauty,18.8,Prepaid,7,0,429,Tier3,8,3.7,0
ORD109904,1224.26,Home,22.0,COD,3,2,444,Metro,3,4.1,0
ORD109905,580.51,Apparel,17.6,COD,3,0,98,Tier2,8,4.9,1
ORD109906,665.29,Beauty,12.0,Prepaid,6,0,408,Tier2,7,4.5,0
ORD109907,3276.94,Electronics,24.8,Prepaid,3,0,16,Metro,5,5.0,0
ORD109908,3973.88,Beauty,7.1,COD,6,0,213,Metro,4,3.5,0
ORD109909,2763.74,Groceries,24.5,Prepaid,2,0,546,Tier3,5,3.9,0
ORD109910,1963.03,Beauty,56.5,Prepaid,2,1,590,Metro,1,4.7,1
ORD109911,884.84,Home,15.6,Prepaid,3,1,169,Tier2,6,3.3,0
ORD109912,413.64,Apparel,22.0,COD,2,0,90,Metro,2,3.7,1
ORD109913,518.77,Apparel,34.4,Prepaid,4,0,587,Tier2,9,4.5,1
ORD109914,571.05,Groceries,32.8,Prepaid,4,0,1040,Metro,5,3.9,0
ORD109915,1404.05,Electronics,27.6,COD,5,1,6,Tier2,6,3.8,0
ORD109916,924.92,Books,3.6,Prepaid,4,1,16,Metro,8,4.1,0
ORD109917,376.5,Books,7.2,COD,2,0,241,Tier3,2,3.9,1
ORD109918,1069.82,Books,13.2,Prepaid,4,0,585,Metro,6,3.7,0
ORD109919,1966.35,Books,35.6,Prepaid,4,0,675,Metro,1,3.2,0
ORD109920,925.89,Beauty,27.0,COD,3,0,400,Tier3,9,4.5,1
ORD109921,2005.53,Electronics,35.6,Prepaid,6,2,146,Metro,8,3.5,0
ORD109922,1902.33,Electronics,13.6,COD,6,1,50,Tier2,5,4.8,0
ORD109923,1087.48,Electronics,20.3,COD,3,0,327,Tier2,8,4.6,0
ORD109924,2314.15,Apparel,12.2,Prepaid,4,0,219,Tier2,5,3.8,0
ORD109925,2040.72,Footwear,13.0,Prepaid,7,0,108,Metro,7,3.8,1
ORD109926,1447.23,Beauty,9.2,Prepaid,2,1,402,Tier3,8,5.0,1
ORD109927,1256.13,Beauty,10.6,COD,8,3,576,Tier2,7,3.6,0
ORD109928,1289.48,Apparel,11.0,Prepaid,5,1,816,Tier2,9,3.3,1
ORD109929,822.29,Books,36.5,Prepaid,3,0,34,Metro,3,4.7,0
ORD109930,1722.32,Home,29.0,Prepaid,2,1,224,Tier3,2,4.9,0
ORD109931,2162.94,Footwear,29.2,COD,0,0,64,Metro,4,4.5,0
ORD109932,1573.53,Groceries,38.9,Prepaid,2,1,112,Metro,7,4.4,0
ORD109933,2068.15,Electronics,40.7,COD,3,0,373,Tier2,6,4.3,0
ORD109934,1449.82,Groceries,14.4,Prepaid,4,1,189,Tier2,7,3.7,0
ORD109935,1344.47,Apparel,22.0,COD,5,0,147,Metro,4,3.9,1
ORD109936,2147.61,Electronics,38.9,Prepaid,1,0,314,Metro,3,4.2,0
ORD109937,920.05,Beauty,25.7,Prepaid,3,2,390,Metro,9,3.5,0
ORD109938,918.52,Books,3.1,Prepaid,5,0,106,Tier2,7,4.4,0
ORD109939,1345.23,Apparel,38.1,Prepaid,6,0,235,Metro,9,4.2,0
ORD109940,2229.5,Groceries,37.4,Prepaid,5,1,332,Tier3,4,3.9,0
ORD109941,828.86,Groceries,16.0,COD,2,2,17,Tier3,3,4.5,0
ORD109942,2289.8,Footwear,20.4,COD,3,0,359,Tier2,4,5.0,1
ORD109943,792.53,Beauty,28.1,Prepaid,3,1,494,Tier2,6,3.3,0
ORD109944,3990.01,Footwear,11.5,Prepaid,4,1,10,Metro,8,4.2,0
ORD109945,1050.98,Beauty,31.5,Prepaid,1,0,47,Metro,4,4.5,0
ORD109946,1058.69,Beauty,21.2,Prepaid,4,0,1033,Metro,3,4.0,0
ORD109947,1435.95,Home,31.9,COD,6,0,375,Metro,5,2.9,0
ORD109948,3164.22,Books,9.2,COD,4,1,42,Metro,6,4.2,0
ORD109949,1092.49,Footwear,20.7,Prepaid,6,0,219,Tier2,3,3.5,0
ORD109950,637.84,Electronics,21.3,Prepaid,6,0,257,Tier2,1,3.7,0
ORD109951,820.14,Groceries,4.1,Prepaid,4,4,400,Metro,3,3.8,0
ORD109952,489.88,Home,18.9,Prepaid,8,2,24,Tier2,1,3.8,0
ORD109953,338.9,Apparel,18.5,Prepaid,6,0,139,Metro,3,4.2,0
ORD109954,666.83,Books,17.0,COD,5,0,1086,Tier2,9,4.9,0
ORD109955,527.92,Footwear,44.3,Prepaid,2,1,127,Tier2,3,4.7,1
ORD109956,1724.65,Footwear,18.0,Prepaid,3,1,678,Metro,8,3.7,0
ORD109957,2599.87,Footwear,18.0,Prepaid,5,2,227,Tier3,1,3.6,0
ORD109958,2570.23,Groceries,6.6,COD,5,0,942,Tier2,9,3.8,0
ORD109959,120.14,Footwear,15.5,COD,6,0,56,Tier3,6,4.5,1
ORD109960,902.63,Home,15.1,COD,5,2,12,Metro,1,4.8,0
ORD109961,1824.94,Books,18.7,Prepaid,3,0,733,Metro,2,3.1,0
ORD109962,633.58,Beauty,2.7,COD,4,0,155,Tier3,3,4.5,1
ORD109963,436.88,Groceries,19.5,COD,5,0,711,Metro,2,3.7,0
ORD109964,1155.92,Beauty,17.2,COD,6,0,396,Metro,2,4.5,0
ORD109965,1699.25,Apparel,16.8,COD,5,0,70,Tier3,7,3.4,1
ORD109966,1405.7,Electronics,5.4,COD,6,3,285,Metro,6,4.5,0
ORD109967,579.88,Apparel,8.0,Prepaid,7,0,941,Metro,9,4.1,1
ORD109968,2272.38,Apparel,11.2,COD,1,0,146,Metro,4,5.0,1
ORD109969,819.56,Groceries,32.4,COD,6,0,199,Metro,9,4.3,0
ORD109970,1907.17,Home,31.1,Prepaid,2,1,260,Metro,6,4.4,0
ORD109971,1651.77,Apparel,14.1,COD,5,0,411,Tier3,8,3.9,1
ORD109972,1208.57,Beauty,40.4,COD,3,0,505,Tier3,2,3.7,1
ORD109973,303.47,Groceries,21.7,COD,3,1,78,Metro,8,5.0,1
ORD109974,2747.36,Beauty,31.9,Prepaid,2,1,336,Metro,7,4.3,0
ORD109975,1276.42,Groceries,30.8,Prepaid,5,1,519,Metro,3,3.9,0
ORD109976,3429.3,Apparel,30.9,Prepaid,7,0,959,Tier2,8,3.4,0
ORD109977,572.74,Groceries,6.7,COD,5,0,331,Tier3,8,4.5,0
ORD109978,2532.0,Footwear,37.5,COD,3,2,30,Metro,8,3.5,1
ORD109979,2923.5,Footwear,8.7,Prepaid,2,1,494,Metro,2,4.5,0
ORD109980,970.26,Electronics,3.3,Prepaid,2,0,150,Tier3,9,3.8,1
ORD109981,503.24,Electronics,17.4,COD,0,0,184,Metro,6,3.7,0
ORD109982,707.36,Beauty,8.8,COD,4,0,11,Tier3,9,4.6,1
ORD109983,899.97,Home,15.4,COD,3,2,94,Tier2,2,4.0,1
ORD109984,2108.64,Beauty,34.9,Prepaid,4,0,1563,Tier3,7,3.6,1
ORD109985,2224.77,Footwear,36.4,Prepaid,3,1,99,Metro,1,3.9,1
ORD109986,1131.79,Electronics,31.1,COD,6,2,138,Metro,7,3.4,0
ORD109987,938.15,Electronics,27.4,Prepaid,4,0,130,Metro,8,4.4,0
ORD109988,684.99,Home,34.0,COD,4,0,997,Tier2,1,4.0,0
ORD109989,2665.74,Home,18.7,Prepaid,7,1,467,Tier2,3,4.1,0
ORD109990,1331.2,Books,50.9,Prepaid,7,0,128,Metro,7,5.0,0
ORD109991,2624.26,Beauty,25.2,COD,5,1,209,Metro,9,4.3,1
ORD109992,1134.79,Footwear,11.3,COD,4,1,55,Metro,2,4.7,1
ORD109993,1373.38,Electronics,11.4,COD,3,1,5,Metro,7,4.8,0
ORD109994,513.85,Beauty,30.3,Prepaid,3,0,77,Tier3,1,4.2,0
ORD109995,1561.86,Home,24.0,Prepaid,2,2,1226,Tier2,3,4.3,0
ORD109996,2243.25,Apparel,1.0,Prepaid,2,0,335,Tier2,3,4.2,0
ORD109997,1168.1,Footwear,12.3,Prepaid,5,1,319,Tier2,6,4.3,0
ORD109998,1677.46,Beauty,13.9,COD,2,2,603,Tier3,5,4.4,0
ORD109999,1499.11,Footwear,13.9,Prepaid,5,0,129,Metro,1,4.0,0
